nodeidx,resid,resname,aa1,region,isglycosylated,label,condition,x_ca,y_ca,z_ca,degree_centrality,betweenness_centrality,degree,cluster
0,1,MET,M,other,0,0,normal,121.22000885009766,83.81000518798828,98.52000427246094,0.0,0.0,0,0
1,2,ALA,A,other,0,0,normal,117.90000915527344,83.24000549316406,100.40000915527344,0.001451378809869376,0.0,1,0
2,3,PRO,P,other,0,0,normal,114.48001098632812,82.23999786376953,98.68000030517578,0.0,0.0,0,0
3,4,TRP,W,other,0,0,normal,113.06999969482422,84.07000732421875,95.66000366210938,0.001451378809869376,0.0,1,0
4,5,PRO,P,other,0,0,normal,111.52000427246094,87.44000244140625,96.83000183105467,0.0,0.0,0,0
5,6,GLU,E,other,0,0,normal,107.66999816894533,87.08000183105469,96.1300048828125,0.0,0.0,0,0
6,7,LEU,L,other,0,0,normal,106.68000030517578,90.77000427246094,96.7300033569336,0.0,0.0,0,0
7,8,GLY,G,other,0,0,normal,109.19000244140624,92.11000061035156,94.27000427246094,0.0,0.0,0,0
8,9,ASP,D,other,0,0,normal,108.34000396728516,93.23001098632812,90.72999572753906,0.0,0.0,0,0
9,10,ALA,A,other,0,0,normal,110.35000610351562,90.14000701904295,89.42000579833984,0.0,0.0,0,0
10,11,GLN,Q,other,0,0,normal,113.72000885009766,91.010009765625,87.86000061035156,0.0,0.0,0,0
11,12,PRO,P,other,0,0,normal,114.67001342773438,89.94000244140625,84.33000183105469,0.0,0.0,0,0
12,13,ASN,N,other,0,0,normal,116.24000549316406,86.5300064086914,84.2300033569336,0.0,0.0,0,0
13,14,PRO,P,other,0,0,normal,119.20001220703124,84.92000579833984,82.260009765625,0.0,0.0,0,0
14,15,ASP,D,other,0,0,normal,118.63999938964844,84.17000579833984,78.54000854492188,0.0,0.0,0,0
15,16,LYS,K,other,0,0,normal,116.87000274658205,80.86000061035156,77.42000579833984,0.0,0.0,0,0
16,17,TYR,Y,other,0,0,normal,118.91999816894533,78.86000061035156,74.69000244140625,0.0,0.0,0,0
17,18,LEU,L,other,0,0,normal,116.4600067138672,78.27000427246094,71.87000274658203,0.0,0.0,0,0
18,19,GLU,E,other,0,0,normal,113.37001037597656,80.06999969482422,73.41000366210938,0.0,0.0,0,0
19,20,GLY,G,other,0,0,normal,110.93000793457033,81.81999969482422,73.21000671386719,0.0,0.0,0,0
20,21,ALA,A,other,0,0,normal,109.3000030517578,78.6500015258789,71.93000030517578,0.0,0.0,0,0
21,22,ALA,A,other,0,0,normal,108.5,78.30000305175781,68.16000366210938,0.0,0.0,0,0
22,23,GLY,G,other,0,0,normal,105.67000579833984,75.77000427246094,68.96000671386719,0.0,0.0,0,0
23,24,GLN,Q,other,0,0,normal,103.97000122070312,73.16000366210938,66.71000671386719,0.0,0.0,0,0
24,25,GLN,Q,other,0,0,normal,100.68000793457033,72.31000518798828,65.21000671386719,0.0,0.0,0,0
25,26,PRO,P,other,0,0,normal,99.31999969482422,68.66000366210938,65.70999908447266,0.0,0.0,0,0
26,27,THR,T,other,0,0,normal,100.2100067138672,65.97000122070312,63.160003662109375,0.0,0.0,0,0
27,28,ALA,A,other,0,0,normal,98.83000183105467,66.71000671386719,59.72999954223633,0.0,0.0,0,0
28,29,PRO,P,other,0,0,normal,97.260009765625,63.900001525878906,57.42000198364258,0.0,0.0,0,0
29,30,ASP,D,other,0,0,normal,99.31999969482422,62.56000518798828,54.49000549316406,0.0,0.0,0,0
30,31,LYS,K,other,0,0,normal,98.8000030517578,64.66000366210938,51.380001068115234,0.0,0.0,0,0
31,32,SER,S,other,0,0,normal,100.99000549316406,62.52000427246094,49.17000198364258,0.0,0.0,0,0
32,33,LYS,K,other,0,0,normal,97.9600067138672,60.07000350952149,48.82000350952149,0.001451378809869376,0.0,1,0
33,34,GLU,E,other,0,0,normal,96.55999755859376,59.14000701904297,46.4900016784668,0.0,0.0,0,0
34,35,THR,T,other,0,0,normal,99.55001068115234,57.910003662109375,44.400001525878906,0.001451378809869376,0.0,1,0
35,36,ASN,N,other,0,0,normal,100.56999969482422,54.30000305175781,43.17000579833984,0.0,0.0,0,0
36,37,LYS,K,other,0,0,normal,104.0500030517578,54.75000381469727,44.78000259399414,0.0,0.0,0,0
37,38,THR,T,other,0,0,normal,104.52000427246094,52.57000350952149,47.959999084472656,0.0,0.0,0,0
38,39,ASP,D,other,0,0,normal,107.11000061035156,52.11000442504883,50.630001068115234,0.0,0.0,0,0
39,40,ASN,N,other,0,0,normal,108.91000366210938,48.880001068115234,50.12000274658203,0.0,0.0,0,0
40,41,THR,T,other,0,0,normal,107.49000549316406,45.94000244140625,48.25000381469727,0.0,0.0,0,0
41,42,GLU,E,other,0,0,normal,105.56999969482422,43.19000244140625,50.060001373291016,0.0,0.0,0,0
42,43,ALA,A,other,0,0,normal,106.1300048828125,42.34000396728516,53.87000274658203,0.001451378809869376,0.0,1,0
43,44,PRO,P,other,0,0,normal,106.35000610351562,43.67000198364258,56.68000030517578,0.0,0.0,0,0
44,45,VAL,V,other,0,0,normal,102.73001098632812,45.040000915527344,56.86000442504883,0.001451378809869376,0.0,1,0
45,46,THR,T,other,0,0,normal,102.4600067138672,48.810001373291016,57.25000381469727,0.0,0.0,0,0
46,47,LYS,K,other,0,0,normal,100.80001068115234,50.68000411987305,60.09000396728516,0.0,0.0,0,0
47,48,ILE,I,other,0,0,normal,97.38999938964844,52.1300048828125,59.55000305175781,0.0,0.0,0,0
48,49,GLU,E,other,0,0,normal,97.3100128173828,55.63999938964844,57.9800033569336,0.0,0.0,0,0
49,50,LEU,L,other,0,0,normal,96.64000701904295,58.9800033569336,59.74000549316406,0.0,0.0,0,0
50,51,LEU,L,other,0,0,normal,93.010009765625,59.8900032043457,59.57000350952149,0.0,0.0,0,0
51,52,PRO,P,other,0,0,normal,91.6300048828125,63.350006103515625,59.9800033569336,0.0,0.0,0,0
52,53,SER,S,other,0,0,normal,91.2300033569336,63.15000534057617,63.69000244140625,0.0,0.0,0,0
53,54,TYR,Y,other,0,0,normal,92.91000366210938,66.07000732421875,65.56000518798828,0.0,0.0,0,0
54,55,SER,S,other,0,0,normal,90.95000457763672,69.14000701904297,66.67000579833984,0.0,0.0,0,0
55,56,THR,T,other,0,0,normal,90.94001007080078,72.7800064086914,65.58000183105469,0.0,0.0,0,0
56,57,ALA,A,other,0,0,normal,89.84000396728516,74.05000305175781,69.0300064086914,0.0,0.0,0,0
57,58,THR,T,other,0,0,normal,91.760009765625,76.41999816894531,71.41999816894531,0.0,0.0,0,0
58,59,LEU,L,other,0,0,normal,90.06999969482422,74.93000793457031,74.46000671386719,0.0,0.0,0,0
59,60,ILE,I,other,0,0,normal,89.33000183105469,71.22000122070312,74.10000610351562,0.0,0.0,0,0
60,61,ASP,D,other,0,0,normal,86.77000427246094,70.29000091552734,76.81000518798828,0.0,0.0,0,0
61,62,GLU,E,other,0,0,normal,83.16000366210938,68.96000671386719,77.3600082397461,0.0,0.0,0,0
62,63,PRO,P,other,0,0,normal,80.05000305175781,70.69000244140625,78.79000091552734,0.0,0.0,0,0
63,64,THR,T,other,0,0,normal,79.91000366210938,70.61000061035156,82.6100082397461,0.0,0.0,0,0
64,65,GLU,E,other,0,0,normal,77.58000183105469,70.86000061035156,85.70999908447266,0.0,0.0,0,0
65,66,VAL,V,other,0,0,normal,77.20000457763672,73.77999877929688,88.17000579833984,0.0,0.0,0,0
66,67,ASP,D,other,0,0,normal,78.87000274658203,74.56999969482422,91.4600067138672,0.0,0.0,0,0
67,68,ASP,D,other,0,0,normal,78.87000274658203,71.88999938964844,94.33000183105467,0.0,0.0,0,0
68,69,PRO,P,other,0,0,normal,76.22000122070312,72.42000579833984,97.05001068115234,0.001451378809869376,0.0,1,0
69,70,TRP,W,other,0,0,normal,78.47000885009766,74.27000427246094,99.64000701904295,0.0,0.0,0,0
70,71,ASN,N,other,0,0,normal,79.05999755859375,77.1300048828125,97.2100067138672,0.0,0.0,0,0
71,72,LEU,L,other,0,0,normal,76.6300048828125,80.05000305175781,97.27000427246094,0.001451378809869376,0.0,1,0
72,73,PRO,P,other,0,0,normal,74.19000244140625,81.57000732421875,94.70000457763672,0.0,0.0,0,0
73,74,THR,T,other,0,0,normal,74.4800033569336,85.34000396728516,94.45999908447266,0.0,0.0,0,0
74,75,LEU,L,other,0,0,normal,71.90000915527344,87.08000183105469,96.69000244140624,0.0,0.0,0,0
75,76,GLN,Q,other,0,0,normal,68.74000549316406,88.62000274658203,95.2100067138672,0.0,0.0,0,0
76,77,ASP,D,other,0,0,normal,68.16000366210938,92.34000396728516,95.58999633789062,0.0,0.0,0,0
77,78,SER,S,other,0,0,normal,65.01000213623047,94.09000396728516,96.75,0.0,0.0,0,0
78,79,GLY,G,other,0,0,normal,66.30000305175781,97.06000518798828,99.05999755859376,0.0,0.0,0,0
79,80,ILE,I,other,0,0,normal,64.38999938964844,100.3000030517578,100.02000427246094,0.0,0.0,0,0
80,81,LYS,K,other,0,0,normal,65.61000061035156,103.74000549316406,101.19000244140624,0.0,0.0,0,0
81,82,TRP,W,other,0,0,normal,64.29000091552734,106.79000854492188,103.19000244140624,0.002902757619738752,4.219124447294697e-06,2,0
82,83,SER,S,other,0,0,normal,64.18000030517578,108.8800048828125,99.97000885009766,0.0,0.0,0,0
83,84,GLU,E,other,0,0,normal,62.06000518798828,106.24000549316406,98.1100082397461,0.001451378809869376,0.0,1,0
84,85,ARG,R,other,0,0,normal,59.410003662109375,106.43000793457033,100.87001037597656,0.001451378809869376,0.0,1,0
85,86,ASP,D,other,0,0,normal,56.69000244140625,109.08000946044922,100.73001098632812,0.001451378809869376,0.0,1,0
86,87,THR,T,other,0,0,normal,56.32000350952149,111.74000549316406,103.45000457763672,0.002902757619738752,4.219124447294697e-06,2,0
87,88,LYS,K,other,0,0,normal,53.51000213623047,109.85000610351562,105.5500030517578,0.002902757619738752,2.1095622236473487e-06,2,0
88,89,GLY,G,other,0,0,normal,55.54000473022461,106.67000579833984,104.9800033569336,0.005805515239477504,0.0016194383038336407,4,0
89,90,LYS,K,other,0,0,normal,58.55000305175781,108.29000854492188,106.72000885009766,0.005805515239477504,0.0015938440157335393,4,0
90,91,ILE,I,other,0,0,normal,56.560001373291016,109.08000946044922,109.85000610351562,0.005805515239477504,0.001168602924131855,4,0
91,92,LEU,L,other,0,0,normal,54.9900016784668,105.67000579833984,109.79000091552734,0.005805515239477504,0.0033517303889825122,4,0
92,93,CYS,C,other,0,0,normal,58.37000274658203,103.9600067138672,109.51000213623048,0.005805515239477504,0.003262971068340981,4,0
93,94,PHE,F,other,0,0,normal,59.75000381469727,106.04000091552734,112.3800048828125,0.005805515239477504,0.001960736973003311,4,0
94,95,PHE,F,other,0,0,normal,56.77000045776367,104.84000396728516,114.56000518798828,0.005805515239477504,0.005365360950247981,4,0
95,96,GLN,Q,other,0,0,normal,57.17000579833984,101.15000915527344,113.35000610351562,0.005805515239477504,0.004941407539363182,4,0
96,97,GLY,G,other,0,0,normal,60.79000473022461,101.11000061035156,114.49000549316406,0.005805515239477504,0.002404584464857497,4,0
97,98,ILE,I,other,0,0,normal,60.52000427246094,103.36000061035156,117.6100082397461,0.005805515239477504,0.00779595643833626,4,0
98,99,GLY,G,other,0,0,normal,57.24000549316406,101.6999969482422,118.6100082397461,0.005805515239477504,0.0065386596826844615,4,0
99,100,ARG,R,other,0,0,normal,59.05000305175781,98.30001068115234,118.08000183105467,0.0043541364296081275,0.002434373211321785,3,0
100,101,LEU,L,other,0,0,normal,61.97000503540039,99.7100067138672,120.27000427246094,0.005805515239477504,0.010858556955550653,4,0
101,102,ILE,I,other,0,0,normal,59.80000305175781,101.15000915527344,123.02001190185548,0.0043541364296081275,0.006054647888081849,3,0
102,103,LEU,L,other,0,0,normal,57.75,97.91000366210938,123.35000610351562,0.005805515239477504,0.003900550805529995,4,0
103,104,LEU,L,other,0,0,normal,60.90999984741211,95.56000518798828,123.35000610351562,0.005805515239477504,0.014317802609789826,4,0
104,105,LEU,L,other,0,0,normal,62.400001525878906,97.16999816894533,126.45000457763672,0.0043541364296081275,0.006751797587709026,3,0
105,106,GLY,G,other,0,0,normal,58.83000183105469,96.54000091552734,127.93000030517578,0.005805515239477504,0.003671843343585946,4,0
106,107,PHE,F,other,0,0,normal,58.61000061035156,92.90000915527344,127.08000183105467,0.005805515239477504,0.02086528818206944,4,0
107,108,LEU,L,other,0,0,normal,62.220001220703125,92.5,128.27000427246094,0.005805515239477504,0.010359984882328185,4,0
108,109,TYR,Y,other,0,0,normal,61.12000274658203,94.01000213623048,131.61000061035156,0.005805515239477504,0.0027337280220661635,4,0
109,110,PHE,F,other,0,0,normal,58.0,91.64000701904295,132.12001037597656,0.005805515239477504,0.02438313513083091,4,0
110,111,PHE,F,other,0,0,normal,60.380001068115234,88.77000427246094,130.99000549316406,0.00725689404934688,0.023196334443163817,5,0
111,112,VAL,V,other,0,0,normal,62.87000274658203,89.57000732421875,133.9199981689453,0.005805515239477504,0.0015791141717432038,4,0
112,113,CYS,C,other,0,0,normal,59.69000244140625,90.02000427246094,136.12001037597656,0.00725689404934688,0.045435609972549806,5,0
113,114,SER,S,other,0,0,normal,58.6300048828125,86.43000793457031,135.47000122070312,0.00725689404934688,0.012773020417900493,5,0
114,115,LEU,L,other,0,0,normal,61.850006103515625,85.1300048828125,137.0900115966797,0.005805515239477504,0.0016535635113398375,4,0
115,116,ASP,D,other,0,0,normal,61.1400032043457,86.7300033569336,140.47000122070312,0.005805515239477504,0.030960125633820994,4,0
116,117,ILE,I,other,0,0,normal,57.53000259399414,85.19000244140625,140.40000915527344,0.0043541364296081275,0.0008265569108182578,3,0
117,118,LEU,L,other,0,0,normal,58.8800048828125,81.83999633789062,139.08999633789062,0.005805515239477504,0.0018834434993854538,4,0
118,119,SER,S,other,0,0,normal,61.3900032043457,81.31000518798828,141.9600067138672,0.005805515239477504,0.05143048819210549,4,0
119,120,SER,S,other,0,0,normal,58.94000244140625,82.96000671386719,144.61000061035156,0.005805515239477504,0.0013875236627489754,4,0
120,121,ALA,A,other,0,0,normal,56.43000030517578,80.26000213623047,143.37001037597656,0.008708272859216255,0.018296504008601798,6,0
121,122,PHE,F,other,0,0,normal,59.040000915527344,77.46000671386719,143.97000122070312,0.005805515239477504,0.004518772405416925,4,0
122,123,GLN,Q,other,0,0,normal,59.62000274658203,78.67000579833984,147.6300048828125,0.005805515239477504,0.004191660596162895,4,0
123,124,LEU,L,other,0,0,normal,55.8800048828125,78.0,148.37001037597656,0.00725689404934688,0.001990602458334155,5,0
124,125,VAL,V,other,0,0,normal,55.77000045776367,74.70000457763672,146.4600067138672,0.0043541364296081275,0.0009298813891907147,3,0
125,126,GLY,G,other,0,0,normal,58.92000198364258,73.38999938964844,148.25,0.002902757619738752,7.51004151618456e-05,2,0
126,127,GLY,G,other,0,0,normal,58.55000305175781,71.60000610351562,151.63999938964844,0.002902757619738752,0.001438721436527492,2,0
127,128,LYS,K,other,0,0,normal,59.42000579833984,73.57000732421875,154.9300079345703,0.001451378809869376,0.0,1,0
128,129,MET,M,other,0,0,normal,60.92000579833984,70.58000183105469,156.70001220703125,0.001451378809869376,0.0,1,0
129,130,ALA,A,other,0,0,normal,62.83000564575195,69.61000061035156,153.5900115966797,0.0043541364296081275,0.0028943193708441625,3,0
130,131,GLY,G,other,0,0,normal,65.91000366210938,71.99000549316406,154.0500030517578,0.002902757619738752,0.004227562696189287,2,0
131,132,GLN,Q,other,0,0,normal,68.45000457763672,69.22000122070312,154.36001586914062,0.0043541364296081275,0.005666284132716778,3,0
132,133,PHE,F,other,0,0,normal,66.76000213623047,66.90000915527344,151.8000030517578,0.0043541364296081275,0.0028816619975022785,3,0
133,134,PHE,F,other,0,0,normal,67.04000854492188,69.69000244140625,149.260009765625,0.0043541364296081275,0.012653154217436798,3,0
134,135,SER,S,other,0,0,normal,70.72000122070312,70.36000061035156,150.010009765625,0.001451378809869376,0.0,1,0
135,136,ASN,N,other,0,0,normal,71.16000366210938,66.69000244140625,149.04000854492188,0.002902757619738752,0.001438721436527492,2,0
136,137,SER,S,other,0,0,normal,71.1500015258789,65.60000610351562,145.33999633789062,0.001451378809869376,0.0,1,0
137,138,SER,S,other,0,0,normal,68.8800048828125,62.52000427246094,145.8000030517578,0.001451378809869376,0.0,1,0
138,139,ILE,I,other,0,0,normal,67.86000061035156,61.20000457763672,142.16000366210938,0.001451378809869376,0.0,1,0
139,140,MET,M,other,0,0,normal,70.02999877929688,63.8800048828125,140.54000854492188,0.002902757619738752,2.9815146094215862e-05,2,0
140,141,SER,S,other,0,0,normal,72.99000549316406,62.05000305175781,141.86001586914062,0.002902757619738752,4.219124447294697e-06,2,0
141,142,ASN,N,other,0,0,normal,73.24000549316406,60.2300033569336,138.48001098632812,0.002902757619738752,5.062949336753638e-06,2,0
142,143,PRO,P,other,0,0,normal,74.82000732421875,62.80000305175781,135.94000244140625,0.0043541364296081275,1.0336854895872008e-05,3,0
143,144,LEU,L,other,0,0,normal,73.74000549316406,60.76000213623047,132.91000366210938,0.002902757619738752,1.8986060012826138e-06,2,0
144,145,LEU,L,other,0,0,normal,70.02999877929688,61.00000381469727,134.19000244140625,0.005805515239477504,0.0017474910273286748,4,0
145,146,GLY,G,other,0,0,normal,70.67000579833984,64.67000579833984,134.8000030517578,0.010159651669085631,0.003429205698461765,7,0
146,147,LEU,L,other,0,0,normal,71.81999969482422,65.06000518798828,131.17001342773438,0.010159651669085631,0.0014058805239569488,7,0
147,148,VAL,V,other,0,0,normal,68.7300033569336,63.29000473022461,129.95001220703125,0.005805515239477504,0.004511994790499149,4,0
148,149,ILE,I,other,0,0,normal,66.16999816894531,65.1300048828125,132.16000366210938,0.005805515239477504,0.004273066906391215,4,0
149,150,GLY,G,other,0,0,normal,67.86000061035156,68.52999877929688,130.8800048828125,0.010159651669085631,0.005244722766535637,7,0
150,151,VAL,V,other,0,0,normal,67.29000091552734,67.3800048828125,127.18000793457033,0.008708272859216255,0.018213923147767146,6,0
151,152,LEU,L,other,0,0,normal,63.69000244140625,66.5300064086914,127.86000061035156,0.005805515239477504,0.011630845424344524,4,0
152,153,VAL,V,other,0,0,normal,63.24000549316406,69.66000366210938,129.91000366210938,0.0043541364296081275,0.00015409180064730746,3,0
153,154,THR,T,other,0,0,normal,64.6300048828125,71.71000671386719,126.8800048828125,0.008708272859216255,0.04078779960471488,6,0
154,155,VAL,V,other,0,0,normal,62.37000274658203,69.83000183105469,124.34001159667967,0.0043541364296081275,0.0014422373735669038,3,0
155,156,LEU,L,other,0,0,normal,59.29000473022461,70.88999938964844,126.4600067138672,0.002902757619738752,0.0013153120464441219,2,0
156,157,VAL,V,other,0,0,normal,60.01000213623047,74.68000793457031,126.57000732421876,0.001451378809869376,0.0,1,0
157,158,GLN,Q,other,0,0,normal,61.80000305175781,74.79000854492188,123.12000274658205,0.001451378809869376,0.0,1,0
158,159,SER,S,other,0,0,normal,64.6300048828125,77.16000366210938,124.08000946044922,0.002902757619738752,0.0021861097883290512,2,0
159,160,SER,S,other,0,0,normal,68.06999969482422,77.24000549316406,125.77000427246094,0.002902757619738752,0.0023767734386426847,2,0
160,161,SER,S,other,0,0,normal,67.4800033569336,80.4000015258789,127.760009765625,0.005805515239477504,0.06145100892334434,4,0
161,162,THR,T,other,0,0,normal,63.910003662109375,79.31000518798828,128.91000366210938,0.002902757619738752,0.002317195573343741,2,0
162,163,SER,S,other,0,0,normal,65.44999694824219,75.80000305175781,129.90000915527344,0.00725689404934688,0.05479435720032098,5,0
163,164,THR,T,other,0,0,normal,68.31000518798828,77.41000366210938,131.9199981689453,0.0043541364296081275,0.023891010470507797,3,0
164,165,SER,S,other,0,0,normal,65.97000122070312,80.02999877929688,133.4600067138672,0.005805515239477504,0.005150170171919267,4,0
165,166,ILE,I,other,0,0,normal,64.05999755859375,77.10000610351562,135.1400146484375,0.005805515239477504,0.033120021282914476,4,0
166,167,VAL,V,other,0,0,normal,67.43000793457031,75.56000518798828,136.17001342773438,0.005805515239477504,0.01911670266132779,4,0
167,168,VAL,V,other,0,0,normal,68.80000305175781,78.75000762939453,137.75,0.005805515239477504,0.0028560529881720884,4,0
168,169,SER,S,other,0,0,normal,65.30000305175781,79.45000457763672,139.55999755859375,0.00725689404934688,0.05648447917226674,5,0
169,170,MET,M,other,0,0,normal,65.4000015258789,76.0,141.07000732421875,0.008708272859216255,0.02107850053789291,6,0
170,171,VAL,V,other,0,0,normal,68.93000030517578,77.06000518798828,142.54000854492188,0.005805515239477504,0.0009909076390383492,4,0
171,172,SER,S,other,0,0,normal,67.69000244140625,80.56999969482422,143.87001037597656,0.00725689404934688,0.02621198198699916,5,0
172,173,SER,S,other,0,0,normal,64.56999969482422,79.00000762939453,145.57000732421875,0.002902757619738752,0.004720089869303949,2,0
173,174,SER,S,other,0,0,normal,67.09000396728516,76.35000610351562,147.05999755859375,0.002902757619738752,0.00021039270747527116,2,0
174,175,LEU,L,other,0,0,normal,65.36000061035156,73.11000061035156,145.70001220703125,0.002902757619738752,0.014007493165018396,2,0
175,176,LEU,L,other,0,0,normal,68.42000579833984,72.0,143.77000427246094,0.002902757619738752,2.967450861263937e-05,2,0
176,177,THR,T,other,0,0,normal,72.20999908447266,72.13999938964844,144.3900146484375,0.002902757619738752,4.219124447294697e-06,2,0
177,178,VAL,V,other,0,0,normal,74.77000427246094,74.05999755859375,142.2100067138672,0.002902757619738752,0.0014302831876329021,2,0
178,179,ARG,R,other,0,0,normal,76.52000427246094,70.56999969482422,141.77999877929688,0.002902757619738752,0.0014302831876329021,2,0
179,180,ALA,A,other,0,0,normal,73.24000549316406,68.62000274658203,140.82000732421875,0.002902757619738752,4.219124447294697e-06,2,0
180,181,ALA,A,other,0,0,normal,72.33000183105469,71.49000549316406,138.510009765625,0.0043541364296081275,0.005708475377189725,3,0
181,182,ILE,I,other,0,0,normal,75.5,71.16000366210938,136.41000366210938,0.002902757619738752,1.2657373341884091e-05,2,0
182,183,PRO,P,other,0,0,normal,74.4800033569336,67.75,134.67001342773438,0.00725689404934688,9.035623340142862e-05,5,0
183,184,ILE,I,other,0,0,normal,71.18000793457031,69.45000457763672,133.67001342773438,0.010159651669085631,0.007788851974898529,7,0
184,185,ILE,I,other,0,0,normal,73.20000457763672,72.43000793457031,132.29000854492188,0.005805515239477504,0.0011083624468374736,4,0
185,186,MET,M,other,0,0,normal,75.00000762939453,69.93000793457031,129.94000244140625,0.005805515239477504,0.0005045052830856279,4,0
186,187,GLY,G,other,0,0,normal,71.58000183105469,68.62000274658203,129.08999633789062,0.010159651669085631,0.006357358944315048,7,0
187,188,ALA,A,other,0,0,normal,70.24000549316406,72.01000213623047,128.3400115966797,0.008708272859216255,0.0034082133649251238,6,0
188,189,ASN,N,other,0,0,normal,73.05000305175781,72.6500015258789,125.69000244140624,0.005805515239477504,0.0010632355881199961,4,0
189,190,ILE,I,other,0,0,normal,72.43000793457031,69.16000366210938,124.15000915527344,0.002902757619738752,1.0547811118236744e-06,2,0
190,191,GLY,G,other,0,0,normal,68.74000549316406,70.21000671386719,123.8600082397461,0.005805515239477504,0.003421407015257198,4,0
191,192,THR,T,other,0,0,normal,69.63999938964844,73.74000549316406,122.4600067138672,0.002902757619738752,0.0011497114118877967,2,0
192,193,SER,S,other,0,0,normal,69.38999938964844,72.97000122070312,118.65000915527344,0.0,0.0,0,0
193,194,ILE,I,other,0,0,normal,65.80000305175781,71.51000213623047,119.14000701904295,0.0,0.0,0,0
194,195,THR,T,other,0,0,normal,64.05000305175781,74.07000732421875,116.8600082397461,0.001451378809869376,0.0,1,0
195,196,ASN,N,other,0,0,normal,66.92000579833984,74.0300064086914,114.2800064086914,0.005805515239477504,0.024036688476913155,4,0
196,197,THR,T,other,0,0,normal,66.22000122070312,71.1500015258789,112.04000854492188,0.002902757619738752,1.687649778917879e-05,2,0
197,198,ILE,I,other,0,0,normal,62.470001220703125,71.45000457763672,112.3100128173828,0.005805515239477504,0.005448296036273248,4,0
198,199,VAL,V,other,0,0,normal,62.53000259399414,75.21000671386719,111.08000946044922,0.005805515239477504,0.00449125797414523,4,0
199,200,ALA,A,other,0,0,normal,64.77999877929688,74.22000122070312,108.23001098632812,0.0043541364296081275,0.0014471596854220812,3,0
200,201,LEU,L,other,0,0,normal,62.37000274658203,71.44000244140625,107.1500015258789,0.0043541364296081275,0.0009703986228777894,3,0
201,202,MET,M,other,0,0,normal,59.25,73.76000213623047,107.760009765625,0.002902757619738752,0.00047394831291277547,2,0
202,203,GLN,Q,other,0,0,normal,60.560001373291016,76.39000701904297,105.33000946044922,0.001451378809869376,0.0,1,0
203,204,VAL,V,other,0,0,normal,61.12000274658203,73.89000701904297,102.56000518798828,0.002902757619738752,4.9223118551771466e-06,2,0
204,205,GLY,G,other,0,0,normal,63.34000015258789,76.09000396728516,99.9800033569336,0.0,0.0,0,0
205,206,ASP,D,other,0,0,normal,64.8600082397461,74.55000305175781,96.87000274658205,0.002902757619738752,3.97300885453584e-05,2,0
206,207,ARG,R,other,0,0,normal,66.51000213623047,71.21000671386719,97.66000366210938,0.001451378809869376,0.0,1,0
207,208,SER,S,other,0,0,normal,70.1500015258789,72.58000183105469,97.69000244140624,0.005805515239477504,0.0020436548926801267,4,0
208,209,GLU,E,other,0,0,normal,69.18000030517578,75.35000610351562,100.1100082397461,0.002902757619738752,0.0008608606955783267,2,0
209,210,PHE,F,other,0,0,normal,67.60000610351562,72.77000427246094,102.2800064086914,0.005805515239477504,0.003178508981013426,4,0
210,211,ARG,R,other,0,0,normal,70.95000457763672,70.74000549316406,102.52999877929688,0.0043541364296081275,0.0017928938836263883,3,0
211,212,ARG,R,other,0,0,normal,72.83000183105469,74.04000091552734,103.52000427246094,0.005805515239477504,0.0014815497411438474,4,0
212,213,ALA,A,other,0,0,normal,70.22000122070312,75.04000091552734,106.13999938964844,0.008708272859216255,0.020039436458658463,6,0
213,214,PHE,F,other,0,0,normal,70.32000732421875,71.5300064086914,107.49000549316406,0.005805515239477504,0.0007850885328491126,4,0
214,215,ALA,A,other,0,0,normal,74.18000030517578,71.88999938964844,107.58000183105467,0.00725689404934688,0.01568141818707158,5,0
215,216,GLY,G,other,0,0,normal,73.4800033569336,75.07000732421875,109.44000244140624,0.0043541364296081275,0.0040045459583197135,3,0
216,217,ALA,A,other,0,0,normal,71.33000183105469,73.11000061035156,112.01000213623048,0.005805515239477504,0.013141521126527623,4,0
217,218,THR,T,other,0,0,normal,73.91999816894531,70.36000061035156,112.16000366210938,0.005805515239477504,0.0019931019513432114,4,0
218,219,VAL,V,other,0,0,normal,77.26000213623047,72.45000457763672,112.74000549316406,0.00725689404934688,0.0046037415957458855,5,0
219,220,HSD,H,other,0,0,normal,75.5,73.94000244140625,115.86000061035156,0.0043541364296081275,0.004322267588089361,3,0
220,221,ASP,D,other,0,0,normal,74.41000366210938,70.46000671386719,117.1300048828125,0.005805515239477504,0.003548608966986912,4,0
221,222,PHE,F,other,0,0,normal,77.89000701904297,68.91000366210938,116.87000274658205,0.0043541364296081275,0.004219939521799807,3,0
222,223,PHE,F,other,0,0,normal,79.41000366210938,71.88999938964844,118.5,0.005805515239477504,0.0037235016024233596,4,0
223,224,ASN,N,other,0,0,normal,77.12000274658203,71.41000366210938,121.57000732421876,0.002902757619738752,0.003911559046488086,2,0
224,225,TRP,W,other,0,0,normal,77.79000091552734,67.62000274658203,121.34001159667967,0.0043541364296081275,0.01552061461387092,3,0
225,226,LEU,L,other,0,0,normal,81.66000366210938,67.83000183105469,121.39000701904295,0.0043541364296081275,0.0031636204784852968,3,0
226,227,SER,S,other,0,0,normal,81.7300033569336,70.5300064086914,124.10000610351562,0.0043541364296081275,0.019623995457895227,3,0
227,228,VAL,V,other,0,0,normal,79.84000396728516,67.97000122070312,126.30001068115234,0.0043541364296081275,0.012745285307502727,3,0
228,229,LEU,L,other,0,0,normal,81.74000549316406,64.8600082397461,124.94000244140624,0.001451378809869376,0.0,1,0
229,230,VAL,V,other,0,0,normal,85.16000366210938,66.16000366210938,126.2100067138672,0.0,0.0,0,0
230,231,LEU,L,other,0,0,normal,84.07000732421875,67.96000671386719,129.4300079345703,0.002902757619738752,0.009893846828906065,2,0
231,232,LEU,L,other,0,0,normal,81.51000213623047,65.49000549316406,130.72000122070312,0.002902757619738752,0.0028521281263712154,2,0
232,233,PRO,P,other,0,0,normal,84.1500015258789,62.720001220703125,131.37001037597656,0.002902757619738752,8.438248894589395e-06,2,0
233,234,VAL,V,ECD,0,0,normal,86.21000671386719,65.4000015258789,133.3300018310547,0.005805515239477504,0.008531069632429878,4,0
234,235,GLU,E,ECD,0,0,normal,83.1300048828125,66.35000610351562,135.48001098632812,0.0043541364296081275,0.0014429405609747866,3,0
235,236,VAL,V,ECD,0,0,normal,82.47000885009766,62.6300048828125,136.12001037597656,0.002902757619738752,0.0014260640631856077,2,0
236,237,ALA,A,ECD,0,0,normal,86.20001220703125,61.75,136.82000732421875,0.001451378809869376,0.0,1,0
237,238,THR,T,ECD,0,0,normal,87.76000213623047,64.74000549316406,138.58999633789062,0.0,0.0,0,0
238,239,HSD,H,ECD,0,0,normal,85.37001037597656,67.80000305175781,138.29000854492188,0.001451378809869376,0.0,1,0
239,240,TYR,Y,ECD,0,0,normal,85.96000671386719,71.16000366210938,136.6800079345703,0.001451378809869376,0.0,1,0
240,241,LEU,L,ECD,0,0,normal,83.4000015258789,74.0300064086914,136.62001037597656,0.002902757619738752,0.015361832112599992,2,0
241,242,GLU,E,ECD,0,0,normal,82.92000579833984,74.56000518798828,140.40000915527344,0.001451378809869376,0.0,1,0
242,243,ILE,I,ECD,0,0,normal,86.75,75.16000366210938,141.0800018310547,0.0043541364296081275,0.014045465285044047,3,0
243,244,ILE,I,ECD,0,0,normal,87.4800033569336,78.18000030517578,138.760009765625,0.0,0.0,0,0
244,245,THR,T,ECD,0,0,normal,84.01000213623047,79.80000305175781,139.35000610351562,0.002902757619738752,0.001438721436527492,2,0
245,246,GLN,Q,ECD,0,0,normal,84.38999938964844,79.72000885009766,143.27000427246094,0.0043541364296081275,0.011279829209842374,3,0
246,247,LEU,L,ECD,0,0,normal,87.20000457763672,82.260009765625,143.1300048828125,0.002902757619738752,4.219124447294697e-06,2,0
247,248,ILE,I,ECD,0,0,normal,85.09001159667969,84.30000305175781,140.69000244140625,0.005805515239477504,0.005704256252742431,4,0
248,249,VAL,V,ECD,0,0,normal,82.07000732421875,84.6300048828125,143.0900115966797,0.0043541364296081275,0.0028352516285820367,3,0
249,250,GLU,E,ECD,0,0,normal,84.21000671386719,84.96000671386719,146.260009765625,0.002902757619738752,1.2657373341884091e-05,2,0
250,251,SER,S,ECD,0,0,normal,86.18000030517578,87.94999694824219,144.6800079345703,0.0043541364296081275,0.001445050123198434,3,0
251,252,PHE,F,ECD,0,0,normal,82.9800033569336,90.0,143.8800048828125,0.0,0.0,0,0
252,253,HSD,H,ECD,0,0,normal,82.54000854492188,90.4000015258789,147.83001708984375,0.001451378809869376,0.0,1,0
253,254,PHE,F,ECD,0,0,normal,78.6300048828125,90.35000610351562,148.10000610351562,0.0,0.0,0,0
254,255,LYS,K,ECD,0,0,normal,77.29000854492188,91.4000015258789,151.510009765625,0.001451378809869376,0.0,1,0
255,256,ASN,N,ECD,0,0,normal,75.81000518798828,88.74000549316406,153.80001831054688,0.001451378809869376,0.0,1,0
256,257,GLY,G,ECD,0,0,normal,72.02000427246094,87.7800064086914,153.35000610351562,0.0043541364296081275,0.002873223748607689,3,0
257,258,GLU,E,ECD,0,0,normal,69.56999969482422,90.54000854492188,152.83999633789062,0.001451378809869376,0.0,1,0
258,259,ASP,D,ECD,0,0,normal,72.2300033569336,93.20999908447266,153.02999877929688,0.001451378809869376,0.0,1,0
259,260,ALA,A,ECD,0,0,normal,73.4000015258789,92.02999877929688,149.510009765625,0.005805515239477504,0.0043035069362405915,4,0
260,261,PRO,P,ECD,0,0,normal,73.55000305175781,94.57000732421876,146.5600128173828,0.0,0.0,0,0
261,262,ASP,D,ECD,0,0,normal,70.07000732421875,95.33000183105467,145.16000366210938,0.0,0.0,0,0
262,263,LEU,L,ECD,0,0,normal,71.06000518798828,94.760009765625,141.4199981689453,0.0,0.0,0,0
263,264,LEU,L,ECD,0,0,normal,68.19000244140625,92.84000396728516,139.7200164794922,0.0043541364296081275,0.025116759246311685,3,0
264,265,LYS,K,ECD,0,0,normal,65.77000427246094,92.29000091552734,142.54000854492188,0.0043541364296081275,0.029265476187366912,3,0
265,266,VAL,V,ECD,0,0,normal,64.81000518798828,96.10000610351562,142.85000610351562,0.002902757619738752,0.023310662571303202,2,0
266,267,ILE,I,ECD,0,0,normal,63.92000198364258,96.18000030517578,139.13999938964844,0.002902757619738752,0.0028958346637803136,2,0
267,268,THR,T,ECD,0,0,normal,61.07000350952149,93.5600128173828,139.6400146484375,0.002902757619738752,0.0282174794641837,2,0
268,269,LYS,K,ECD,0,0,normal,59.76000213623047,95.30999755859376,142.760009765625,0.002902757619738752,0.022006953117089143,2,0
269,270,PRO,P,ECD,0,0,normal,56.7300033569336,97.41000366210938,141.7100067138672,0.0,0.0,0,0
270,271,PHE,F,ECD,0,0,normal,55.08000183105469,94.62001037597656,139.7200164794922,0.0,0.0,0,0
271,272,THR,T,ECD,0,0,normal,55.8800048828125,91.67000579833984,142.0,0.0043541364296081275,0.0208466938940831,3,0
272,273,LYS,K,ECD,0,0,normal,54.52999877929688,93.3800048828125,145.1400146484375,0.002902757619738752,0.001438721436527492,2,0
273,274,LEU,L,ECD,0,0,normal,51.02000427246094,93.1300048828125,143.80999755859375,0.002902757619738752,0.015361832112599992,2,0
274,275,ILE,I,ECD,0,0,normal,51.400001525878906,89.35000610351562,143.30999755859375,0.002902757619738752,0.002869004624160394,2,0
275,276,VAL,V,ECD,0,0,normal,52.880001068115234,87.7800064086914,146.40000915527344,0.001451378809869376,0.0,1,0
276,277,GLN,Q,ECD,0,0,normal,55.12000274658203,88.46000671386719,149.44000244140625,0.0,0.0,0,0
277,278,LEU,L,ECD,0,0,normal,56.900001525878906,85.70000457763672,151.40000915527344,0.002902757619738752,2.5314746683768183e-05,2,0
278,279,ASP,D,ECD,0,0,normal,57.50000381469727,85.69000244140625,155.23001098632812,0.002902757619738752,1.687649778917879e-05,2,0
279,280,LYS,K,ECD,0,0,normal,61.25000381469727,85.47000122070312,156.010009765625,0.002902757619738752,2.1095622236473487e-06,2,0
280,281,LYS,K,ECD,0,0,normal,60.54000473022461,84.49000549316406,159.5900115966797,0.002902757619738752,2.1095622236473487e-06,2,0
281,282,VAL,V,ECD,0,0,normal,59.31999969482422,81.08000946044922,158.23001098632812,0.0043541364296081275,1.9689247420708586e-05,3,0
282,283,ILE,I,ECD,0,0,normal,62.4900016784668,80.83000183105469,155.90000915527344,0.005805515239477504,4.922311855177146e-05,4,0
283,284,SER,S,ECD,0,0,normal,64.59000396728516,80.98999786376953,159.19000244140625,0.005805515239477504,2.6017934091650635e-05,4,0
284,285,GLN,Q,ECD,0,0,normal,62.6300048828125,77.97000122070312,160.58999633789062,0.00725689404934688,8.438248894589395e-05,5,0
285,286,ILE,I,ECD,0,0,normal,63.17000579833984,75.88999938964844,157.3000030517578,0.0043541364296081275,1.687649778917879e-05,3,0
286,287,ALA,A,ECD,0,0,normal,67.01000213623047,76.60000610351562,157.36001586914062,0.0043541364296081275,2.5314746683768183e-05,3,0
287,288,MET,M,ECD,0,0,normal,67.87000274658203,75.39000701904297,160.89999389648438,0.001451378809869376,0.0,1,0
288,289,ASN,N,ECD,0,0,normal,65.41000366210938,72.58000183105469,160.48001098632812,0.002902757619738752,2.1095622236473487e-06,2,0
289,290,ASP,D,ECD,0,0,normal,62.75,73.62000274658203,163.07000732421875,0.001451378809869376,0.0,1,0
290,291,GLU,E,ECD,0,0,normal,59.600006103515625,71.44000244140625,163.25,0.001451378809869376,0.0,1,0
291,292,LYS,K,ECD,0,0,normal,57.28000259399414,74.25,164.1400146484375,0.001451378809869376,0.0,1,0
292,293,ALA,A,ECD,0,0,normal,56.910003662109375,76.12000274658203,160.8800048828125,0.002902757619738752,4.219124447294697e-06,2,0
293,294,LYS,K,ECD,0,0,normal,54.280006408691406,73.35000610351562,160.10000610351562,0.002902757619738752,4.219124447294697e-06,2,0
294,295,ASN,N,ECD,1,0,normal,51.21000289916992,75.55000305175781,160.8300018310547,0.0,0.0,0,0
295,296,LYS,K,ECD,0,0,normal,52.87000274658203,78.91000366210938,159.45001220703125,0.001451378809869376,0.0,1,0
296,297,SER,S,ECD,0,0,normal,51.62000274658203,80.1100082397461,156.0500030517578,0.001451378809869376,0.0,1,0
297,298,LEU,L,ECD,0,0,normal,54.59000015258789,81.37000274658203,154.02000427246094,0.001451378809869376,0.0,1,0
298,299,VAL,V,ECD,0,0,normal,52.55000305175781,84.10000610351562,152.29000854492188,0.002902757619738752,1.687649778917879e-05,2,0
299,300,LYS,K,ECD,0,0,normal,52.7400016784668,87.21000671386719,154.3900146484375,0.002902757619738752,2.5314746683768183e-05,2,0
300,301,ILE,I,ECD,0,0,normal,49.280006408691406,88.8600082397461,154.6999969482422,0.002902757619738752,0.011273500523171432,2,0
301,302,TRP,W,ECD,0,0,normal,50.51000213623047,92.00000762939452,156.6300048828125,0.002902757619738752,0.0007088129071455092,2,0
302,303,CYS,C,ECD,0,0,normal,52.83000564575195,94.82000732421876,155.3100128173828,0.0043541364296081275,0.00641306915988794,3,0
303,304,LYS,K,ECD,0,0,normal,54.060001373291016,95.58999633789062,158.73001098632812,0.002902757619738752,0.002869004624160394,2,0
304,305,THR,T,ECD,0,0,normal,52.97000503540039,94.44000244140624,162.22000122070312,0.001451378809869376,0.0,1,0
305,306,PHE,F,ECD,0,0,normal,53.85000228881836,96.29000854492188,165.510009765625,0.001451378809869376,0.0,1,0
306,307,THR,T,ECD,0,0,normal,54.2300033569336,95.0500030517578,169.21002197265625,0.001451378809869376,0.0,1,0
307,308,ASN,N,ECD,1,0,normal,52.37000274658203,96.75,172.1400146484375,0.0,0.0,0,0
308,309,LYS,K,ECD,0,0,normal,53.20000076293945,96.15000915527344,175.8000030517578,0.001451378809869376,0.0,1,0
309,310,THR,T,ECD,0,0,normal,51.61000061035156,96.760009765625,179.260009765625,0.001451378809869376,0.0,1,0
310,311,GLN,Q,epitope,0,0,normal,51.660003662109375,95.6300048828125,182.83001708984372,0.001451378809869376,0.0,1,0
311,312,ILE,I,epitope,0,0,normal,48.62000274658203,94.260009765625,184.5600128173828,0.002902757619738752,8.438248894589395e-06,2,0
312,313,ASN,N,epitope,0,0,normal,47.75,93.04000854492188,188.0600128173828,0.001451378809869376,0.0,1,0
313,314,VAL,V,epitope,0,0,normal,46.79000473022461,89.260009765625,188.62001037597656,0.001451378809869376,0.0,1,0
314,315,THR,T,epitope,0,0,normal,45.59000015258789,87.6300048828125,191.8800201416016,0.001451378809869376,0.0,1,0
315,316,VAL,V,epitope,0,0,normal,47.86000061035156,84.82000732421875,193.3700256347656,0.002902757619738752,2.5314746683768183e-05,2,0
316,317,PRO,P,epitope,0,0,normal,46.46000289916992,81.3800048828125,194.72000122070312,0.0,0.0,0,0
317,318,SER,S,epitope,0,0,normal,49.19000244140625,80.36000061035156,197.2400054931641,0.002902757619738752,4.219124447294697e-06,2,0
318,319,THR,T,epitope,0,0,normal,52.12000274658203,82.7800064086914,198.0600128173828,0.002902757619738752,4.219124447294697e-06,2,0
319,320,ALA,A,epitope,0,0,normal,54.44000244140625,79.66000366210938,198.45001220703125,0.002902757619738752,4.219124447294697e-06,2,0
320,321,ASN,N,epitope,0,0,normal,53.87000274658203,78.60000610351562,194.79000854492188,0.002902757619738752,4.219124447294697e-06,2,0
321,322,CYS,C,epitope,0,0,normal,54.380001068115234,82.14000701904297,193.48001098632807,0.002902757619738752,4.219124447294697e-06,2,0
322,323,THR,T,epitope,0,0,normal,57.70000457763672,82.58000183105469,191.510009765625,0.0,0.0,0,0
323,324,SER,S,epitope,0,0,normal,58.68000411987305,85.69000244140625,193.3700256347656,0.001451378809869376,0.0,1,0
324,325,PRO,P,epitope,0,0,normal,56.93000411987305,86.11000061035156,196.8500061035156,0.002902757619738752,1.2657373341884091e-05,2,0
325,326,SER,S,epitope,0,0,normal,58.6300048828125,89.52999877929688,197.20001220703125,0.001451378809869376,0.0,1,0
326,327,LEU,L,epitope,0,0,normal,56.62000274658203,90.77999877929688,194.1700134277344,0.001451378809869376,0.0,1,0
327,328,CYS,C,epitope,0,0,normal,53.51000213623047,89.14000701904297,195.9200134277344,0.002902757619738752,1.687649778917879e-05,2,0
328,329,TRP,W,epitope,0,0,normal,51.53000259399414,91.57000732421876,198.0500030517578,0.001451378809869376,0.0,1,0
329,330,THR,T,epitope,0,0,normal,48.209999084472656,91.27999877929688,199.83001708984372,0.001451378809869376,0.0,1,0
330,331,ASP,D,epitope,0,0,normal,45.36000061035156,93.81000518798828,199.6200256347656,0.001451378809869376,0.0,1,0
331,332,GLY,G,epitope,0,0,normal,41.79000473022461,93.5300064086914,200.8700256347656,0.0,0.0,0,0
332,333,ILE,I,epitope,0,0,normal,41.2400016784668,89.79000091552734,201.29000854492188,0.0,0.0,0,0
333,334,GLN,Q,epitope,0,0,normal,43.130001068115234,88.81999969482422,198.1199951171875,0.001451378809869376,0.0,1,0
334,335,ASN,N,epitope,0,0,normal,46.95000076293945,88.41999816894531,197.05001831054688,0.002902757619738752,1.687649778917879e-05,2,0
335,336,TRP,W,epitope,0,0,normal,48.2300033569336,90.32000732421876,194.07000732421875,0.0043541364296081275,2.953387113106288e-05,3,0
336,337,THR,T,epitope,0,0,normal,51.32000350952149,90.35000610351562,191.8699951171875,0.002902757619738752,1.2657373341884091e-05,2,0
337,338,MET,M,epitope,0,0,normal,52.09999847412109,92.19001007080078,188.77999877929688,0.002902757619738752,8.438248894589395e-06,2,0
338,339,LYS,K,epitope,0,0,normal,52.9900016784668,90.65000915527344,185.46002197265625,0.001451378809869376,0.0,1,0
339,340,ASN,N,epitope,0,0,normal,54.59000015258789,91.68000030517578,182.0600128173828,0.001451378809869376,0.0,1,0
340,341,VAL,V,epitope,0,0,normal,52.6300048828125,91.52000427246094,178.77999877929688,0.001451378809869376,0.0,1,0
341,342,THR,T,ECD,0,0,normal,53.51000213623047,92.20000457763672,175.08001708984375,0.001451378809869376,0.0,1,0
342,343,TYR,Y,ECD,0,0,normal,51.2300033569336,91.5500030517578,172.07000732421875,0.0,0.0,0,0
343,344,LYS,K,ECD,0,0,normal,51.32000350952149,92.06000518798828,168.2100067138672,0.001451378809869376,0.0,1,0
344,345,GLU,E,ECD,0,0,normal,49.06999969482422,94.88999938964844,166.92001342773438,0.001451378809869376,0.0,1,0
345,346,ASN,N,ECD,0,0,normal,48.209999084472656,94.7800064086914,163.19000244140625,0.002902757619738752,0.001438721436527492,2,0
346,347,ILE,I,ECD,0,0,normal,48.68000030517578,97.84000396728516,161.0,0.0,0.0,0,0
347,348,ALA,A,ECD,0,0,normal,48.06999969482422,97.22000122070312,157.32000732421875,0.002902757619738752,0.004290849562898707,2,0
348,349,LYS,K,ECD,0,0,normal,47.68000030517578,94.3000030517578,154.91000366210938,0.002902757619738752,1.0547811118236744e-05,2,0
349,350,CYS,C,ECD,0,0,normal,49.650001525878906,93.43000793457033,151.77000427246094,0.0043541364296081275,0.009904394640024301,3,0
350,351,GLN,Q,ECD,0,0,normal,48.04000473022461,94.93000030517578,148.69000244140625,0.0,0.0,0,0
351,352,HSD,H,ECD,0,0,normal,48.04000473022461,91.8600082397461,146.510009765625,0.002902757619738752,0.014007493165018396,2,0
352,353,ILE,I,ECD,0,0,normal,45.67000579833984,89.42000579833984,144.77000427246094,0.0,0.0,0,0
353,354,PHE,F,ECD,0,0,normal,45.8800048828125,86.5300064086914,147.27000427246094,0.001451378809869376,0.0,1,0
354,355,VAL,V,ECD,0,0,normal,44.9900016784668,88.59000396728516,150.37001037597656,0.002902757619738752,0.012644715968542207,2,0
355,356,ASN,N,ECD,0,0,normal,41.290000915527344,88.13999938964844,150.6300048828125,0.0,0.0,0,0
356,357,PHE,F,ECD,0,0,normal,41.2400016784668,84.3800048828125,149.40000915527344,0.001451378809869376,0.0,1,0
357,358,HSD,H,ECD,0,0,normal,41.77999877929688,81.25,151.40000915527344,0.0,0.0,0,0
358,359,LEU,L,ECD,0,0,normal,44.31999969482422,78.77999877929688,149.79000854492188,0.0,0.0,0,0
359,360,PRO,P,ECD,0,0,normal,47.16999816894531,76.39000701904297,150.94000244140625,0.002902757619738752,4.9223118551771466e-06,2,0
360,361,ASP,D,ECD,0,0,normal,50.81000518798828,77.56000518798828,150.32000732421875,0.0043541364296081275,0.000481620946111382,3,0
361,362,LEU,L,other,0,0,normal,51.470001220703125,75.02000427246094,147.5800018310547,0.0043541364296081275,0.0008161405695496338,3,0
362,363,ALA,A,other,0,0,normal,48.33000183105469,76.04000854492188,145.65000915527344,0.005805515239477504,0.000658476626003498,4,0
363,364,VAL,V,other,0,0,normal,49.380001068115234,79.74000549316406,145.79000854492188,0.0043541364296081275,0.00010329024428728232,3,0
364,365,GLY,G,other,0,0,normal,52.81999969482422,78.74000549316406,144.5500030517578,0.010159651669085631,0.006988365984532071,7,0
365,366,THR,T,other,0,0,normal,51.46000289916992,76.26000213623047,141.97000122070312,0.005805515239477504,0.0007168705397487453,4,0
366,367,ILE,I,other,0,0,normal,49.20000076293945,78.94000244140625,140.33001708984375,0.005805515239477504,0.0022945334195586167,4,0
367,368,LEU,L,other,0,0,normal,52.22999954223633,81.35000610351562,140.07000732421875,0.0043541364296081275,0.0013448442995713677,3,0
368,369,LEU,L,other,0,0,normal,54.20000076293945,78.41000366210938,138.69000244140625,0.005805515239477504,0.007862928505743064,4,0
369,370,ILE,I,other,0,0,normal,51.7400016784668,77.92000579833984,135.6699981689453,0.002902757619738752,0.0007783146863296779,2,0
370,371,LEU,L,other,0,0,normal,51.4900016784668,81.79000854492188,135.28001403808594,0.002902757619738752,0.0003588210918588615,2,0
371,372,SER,S,other,0,0,normal,55.30000305175781,82.49000549316406,135.57000732421875,0.005805515239477504,0.008126427343011064,4,0
372,373,LEU,L,other,0,0,normal,56.18000030517578,79.63999938964844,133.0500030517578,0.0043541364296081275,0.0009056854693168935,3,0
373,374,LEU,L,other,0,0,normal,53.43000411987305,81.12999725341797,130.6199951171875,0.0043541364296081275,0.002458060265421045,3,0
374,375,VAL,V,other,0,0,normal,54.82000350952149,84.7300033569336,131.15000915527344,0.0043541364296081275,0.002962132158494941,3,0
375,376,LEU,L,other,0,0,normal,58.45000457763672,83.57000732421875,130.61001586914062,0.005805515239477504,0.012920498289327618,4,0
376,377,CYS,C,other,0,0,normal,57.7300033569336,81.71000671386719,127.25,0.002902757619738752,0.0009950870229296779,2,0
377,378,GLY,G,other,0,0,normal,54.96000289916992,84.19999694824219,126.29000854492188,0.005805515239477504,0.0056258359139082946,4,0
378,379,CYS,C,other,0,0,normal,57.24000549316406,87.3800048828125,126.5500030517578,0.005805515239477504,0.013387531792012864,4,0
379,380,LEU,L,other,0,0,normal,59.600006103515625,85.34000396728516,124.44000244140624,0.005805515239477504,0.0018314476127593556,4,0
380,381,ILE,I,other,0,0,normal,57.09000015258789,84.66999816894531,121.74000549316406,0.005805515239477504,0.006074871058933304,4,0
381,382,MET,M,other,0,0,normal,56.06000518798828,88.3499984741211,122.02000427246094,0.005805515239477504,0.008106824699380266,4,0
382,383,ILE,I,other,0,0,normal,59.70000457763672,89.40000915527344,121.29000854492188,0.005805515239477504,0.0019024282659295029,4,0
383,384,VAL,V,other,0,0,normal,59.95000457763672,86.80000305175781,118.4800033569336,0.005805515239477504,0.0048918379517954354,4,0
384,385,LYS,K,other,0,0,normal,56.70000076293945,88.45000457763672,117.04000854492188,0.005805515239477504,0.00469742968762868,4,0
385,386,ILE,I,other,0,0,normal,58.12000274658203,92.06000518798828,117.24000549316406,0.0043541364296081275,0.0017476648851918112,3,0
386,387,LEU,L,other,0,0,normal,61.400001525878906,91.0600128173828,115.35000610351562,0.005805515239477504,0.003224373226997398,4,0
387,388,GLY,G,other,0,0,normal,60.1300048828125,88.47000122070312,112.75000762939452,0.0043541364296081275,0.0021610949533703437,3,0
388,389,SER,S,other,0,0,normal,58.32000350952149,91.04000091552734,110.58000183105467,0.0043541364296081275,0.001445050123198434,3,0
389,390,VAL,V,other,0,0,normal,61.55000305175781,93.18000793457033,110.58000183105467,0.0043541364296081275,0.0012226590630876298,3,0
390,391,LEU,L,other,0,0,normal,63.69000244140625,90.01000213623047,109.75,0.002902757619738752,0.00023012612159751722,2,0
391,392,LYS,K,other,0,0,normal,62.00000381469727,89.47000122070312,106.4000015258789,0.001451378809869376,0.0,1,0
392,393,GLY,G,other,0,0,normal,63.209999084472656,92.99000549316406,105.07000732421876,0.002902757619738752,7.38346778276572e-06,2,0
393,394,GLN,Q,other,0,0,normal,66.51000213623047,93.91999816894533,103.19000244140624,0.0,0.0,0,0
394,395,VAL,V,other,0,0,normal,68.35000610351562,92.3000030517578,106.08000946044922,0.001451378809869376,0.0,1,0
395,396,ALA,A,other,0,0,normal,70.04000091552734,89.38999938964844,104.29000854492188,0.002902757619738752,2.5314746683768183e-05,2,0
396,397,THR,T,other,0,0,normal,72.0,91.77000427246094,101.83999633789062,0.002902757619738752,0.0028352516285820367,2,0
397,398,VAL,V,other,0,0,normal,73.4000015258789,93.74000549316406,104.94000244140624,0.005805515239477504,0.004290849562898707,4,0
398,399,ILE,I,other,0,0,normal,74.6300048828125,90.54000854492188,106.55999755859376,0.0043541364296081275,0.0014429405609747866,3,0
399,400,LYS,K,other,0,0,normal,76.18000793457031,89.21000671386719,103.36000061035156,0.0043541364296081275,0.00990650420224795,3,0
400,401,LYS,K,other,0,0,normal,78.17000579833984,92.49000549316406,102.90000915527344,0.001451378809869376,0.0,1,0
401,402,THR,T,other,0,0,normal,79.14000701904297,92.70000457763672,106.65000915527344,0.001451378809869376,0.0,1,0
402,403,ILE,I,other,0,0,normal,80.1100082397461,89.25,107.77000427246094,0.0,0.0,0,0
403,404,ASN,N,other,0,0,normal,82.2800064086914,88.15000915527344,104.8000030517578,0.0,0.0,0,0
404,405,THR,T,other,0,0,normal,84.94000244140625,90.93000793457033,105.04000854492188,0.0,0.0,0,0
405,406,ASP,D,other,0,0,normal,87.72000122070312,91.2300033569336,107.66000366210938,0.001451378809869376,0.0,1,0
406,407,PHE,F,other,0,0,normal,90.22000122070312,93.69000244140624,108.98001098632812,0.001451378809869376,0.0,1,0
407,408,PRO,P,other,0,0,normal,93.68000030517578,93.61000061035156,107.04000854492188,0.0,0.0,0,0
408,409,PHE,F,other,0,0,normal,96.79000854492188,91.64000701904295,108.27999877929688,0.002902757619738752,0.001438721436527492,2,0
409,410,PRO,P,other,0,0,normal,97.82000732421876,91.2300033569336,111.17000579833984,0.0,0.0,0,0
410,411,PHE,F,other,0,0,normal,94.31999969482422,91.91000366210938,112.47000885009766,0.001451378809869376,0.0,1,0
411,412,ALA,A,other,0,0,normal,92.43000030517578,89.51000213623047,110.30999755859376,0.005805515239477504,0.0057253518749789045,4,0
412,413,TRP,W,other,0,0,normal,91.64000701904295,87.32000732421875,113.26000213623048,0.0,0.0,0,0
413,414,LEU,L,other,0,0,normal,89.80000305175781,90.04000854492188,115.16999816894533,0.002902757619738752,0.007109224693691565,2,0
414,415,THR,T,other,0,0,normal,86.64000701904297,90.20000457763672,113.04000854492188,0.001451378809869376,0.0,1,0
415,416,GLY,G,other,0,0,normal,86.13999938964844,86.57000732421875,114.11000061035156,0.002902757619738752,7.031874078824495e-06,2,0
416,417,TYR,Y,other,0,0,normal,86.11000061035156,87.44000244140625,117.92000579833984,0.0043541364296081275,0.00856227449828211,3,0
417,418,LEU,L,other,0,0,normal,84.19999694824219,90.65000915527344,117.14000701904295,0.005805515239477504,0.0023014143102609392,4,0
418,419,ALA,A,other,0,0,normal,81.50000762939453,88.58000946044922,115.260009765625,0.005805515239477504,0.0008295240172463938,4,0
419,420,ILE,I,other,0,0,normal,81.2300033569336,86.41000366210938,118.4600067138672,0.008708272859216255,0.011881937573731087,6,0
420,421,LEU,L,other,0,0,normal,80.65000915527344,89.66000366210938,120.44000244140624,0.005805515239477504,0.002747761230913453,4,0
421,422,VAL,V,other,0,0,normal,78.16000366210938,90.91999816894533,117.82000732421876,0.0043541364296081275,0.000947218763901404,3,0
422,423,GLY,G,other,0,0,normal,76.32000732421875,87.62000274658203,118.06000518798828,0.010159651669085631,0.005494335750083389,7,0
423,424,ALA,A,other,0,0,normal,76.29000091552734,87.93000030517578,121.81999969482422,0.008708272859216255,0.005638442979364695,6,0
424,425,GLY,G,other,0,0,normal,75.18000030517578,91.6300048828125,121.52000427246094,0.005805515239477504,0.00020042515380382873,4,0
425,426,MET,M,other,0,0,normal,72.26000213623047,90.82000732421876,119.29000854492188,0.0043541364296081275,0.0001682995347979991,3,0
426,427,THR,T,other,0,0,normal,71.21000671386719,87.66999816894531,121.07000732421876,0.008708272859216255,0.0029273317934407047,6,0
427,428,PHE,F,other,0,0,normal,70.46000671386719,89.87000274658203,124.0500030517578,0.00725689404934688,0.00313945963845391,5,0
428,429,ILE,I,other,0,0,normal,67.82000732421875,91.55999755859376,121.8600082397461,0.002902757619738752,5.062949336753637e-06,2,0
429,430,VAL,V,other,0,0,normal,65.84000396728516,88.30001068115234,121.34001159667967,0.002902757619738752,2.8127496315297983e-06,2,0
430,431,GLN,Q,other,0,0,normal,66.95999908447266,86.44000244140625,124.53001403808594,0.001451378809869376,0.0,1,0
431,432,SER,S,other,0,0,normal,67.6500015258789,82.96000671386719,123.15000915527344,0.005805515239477504,0.040894251572702885,4,0
432,433,SER,S,other,0,0,normal,70.30999755859375,81.0,121.17000579833984,0.005805515239477504,0.02281347037956509,4,0
433,434,SER,S,other,0,0,normal,67.72000122070312,78.4800033569336,120.06000518798828,0.0043541364296081275,0.006853719933072466,3,0
434,435,VAL,V,other,0,0,normal,65.7300033569336,81.30000305175781,118.42001342773438,0.0043541364296081275,0.042923170885815626,3,0
435,436,PHE,F,other,0,0,normal,69.02000427246094,82.89000701904297,117.10000610351562,0.0043541364296081275,0.01222599016030094,3,0
436,437,THR,T,other,0,0,normal,70.2800064086914,79.62000274658203,115.37001037597656,0.0043541364296081275,0.005506384329617501,3,0
437,438,SER,S,other,0,0,normal,66.69000244140625,78.97000122070312,114.0300064086914,0.00725689404934688,0.05159131340353566,5,0
438,439,ALA,A,other,0,0,normal,66.55999755859375,82.45001220703125,112.47000885009766,0.0043541364296081275,0.004435257706662695,3,0
439,440,LEU,L,other,0,0,normal,70.09000396728516,82.19001007080078,111.07000732421876,0.0043541364296081275,0.00914634844206279,3,0
440,441,THR,T,other,0,0,normal,69.59000396728516,78.69000244140625,109.68000793457033,0.00725689404934688,0.02935144734957017,5,0
441,442,PRO,P,other,0,0,normal,67.52999877929688,79.70999908447266,106.510009765625,0.002902757619738752,9.493030006413069e-06,2,0
442,443,LEU,L,other,0,0,normal,70.24000549316406,82.45001220703125,105.83000183105467,0.00725689404934688,0.016645494543866147,5,0
443,444,ILE,I,other,0,0,normal,72.7300033569336,79.49000549316406,105.87001037597656,0.005805515239477504,0.004523172484723612,4,0
444,445,GLY,G,other,0,0,normal,70.3800048828125,77.7300033569336,103.42001342773438,0.008708272859216255,0.005632799059372162,6,0
445,446,ILE,I,other,0,0,normal,69.8499984741211,80.66000366210938,101.13999938964844,0.001451378809869376,0.0,1,0
446,447,GLY,G,other,0,0,normal,73.55000305175781,81.41999816894531,101.0300064086914,0.005805515239477504,0.0016382610612536005,4,0
447,448,VAL,V,other,0,0,normal,73.62000274658203,84.83000946044922,102.87001037597656,0.002902757619738752,0.011273500523171432,2,0
448,449,ILE,I,other,0,0,normal,76.86000061035156,83.54000091552734,104.37000274658205,0.002902757619738752,0.0,2,0
449,450,THR,T,other,0,0,normal,78.67000579833984,80.25000762939453,104.07000732421876,0.002902757619738752,2.1095622236473487e-06,2,0
450,451,ILE,I,other,0,0,normal,78.81000518798828,77.68000793457031,106.83000183105467,0.002902757619738752,4.219124447294697e-06,2,0
451,452,GLU,E,other,0,0,normal,82.29000091552734,78.80000305175781,108.17000579833984,0.0043541364296081275,0.0007806730760512702,3,0
452,453,ARG,R,other,0,0,normal,81.15000915527344,82.40000915527344,108.19000244140624,0.0043541364296081275,0.0008192328284241587,3,0
453,454,ALA,A,other,0,0,normal,77.8800048828125,81.66000366210938,110.08000183105467,0.0043541364296081275,0.0015972122278873316,3,0
454,455,TYR,Y,other,0,0,normal,79.92000579833984,79.77000427246094,112.97000885009766,0.005805515239477504,0.004101418525592033,4,0
455,456,PRO,P,other,0,0,normal,81.04000091552734,82.87001037597656,115.0500030517578,0.0043541364296081275,0.00020460629038467879,3,0
456,457,LEU,L,other,0,0,normal,77.4800033569336,84.2800064086914,115.0500030517578,0.008708272859216255,0.005242477787362873,6,0
457,458,THR,T,other,0,0,normal,76.44000244140625,80.80000305175781,116.1100082397461,0.005805515239477504,0.005796642237827825,4,0
458,459,LEU,L,other,0,0,normal,79.07000732421875,80.60000610351562,118.8800048828125,0.002902757619738752,5.6254992630595965e-06,2,0
459,460,GLY,G,other,0,0,normal,78.37000274658203,84.17000579833984,120.27000427246094,0.008708272859216255,0.01687463804335073,6,0
460,461,SER,S,other,0,0,normal,74.67000579833984,83.57000732421875,120.67000579833984,0.010159651669085631,0.016839449624744818,7,0
461,462,ASN,N,other,0,0,normal,75.26000213623047,80.77999877929688,123.4600067138672,0.002902757619738752,0.0011683576305106065,2,0
462,463,ILE,I,other,0,0,normal,77.18000793457031,83.6300048828125,125.3000030517578,0.005805515239477504,0.02427007098995117,4,0
463,464,GLY,G,other,0,0,normal,74.07000732421875,85.87001037597656,124.77000427246094,0.010159651669085631,0.015194027999463186,7,0
464,465,THR,T,other,0,0,normal,71.8800048828125,83.02000427246094,126.09000396728516,0.010159651669085631,0.04275060600951568,7,0
465,466,THR,T,other,0,0,normal,74.1300048828125,82.63999938964844,129.1300048828125,0.00725689404934688,0.032570196410395505,5,0
466,467,THR,T,other,0,0,normal,73.86000061035156,86.3800048828125,129.7200164794922,0.005805515239477504,0.017342117858301195,4,0
467,468,THR,T,other,0,0,normal,70.06000518798828,85.58000183105469,130.29000854492188,0.005805515239477504,0.013964704871564268,4,0
468,469,ALA,A,other,0,0,normal,71.04000854492188,83.22999572753906,132.99000549316406,0.00725689404934688,0.022804547127961233,5,0
469,470,ILE,I,other,0,0,normal,72.8800048828125,86.09000396728516,134.77000427246094,0.00725689404934688,0.02085095245704579,5,0
470,471,LEU,L,other,0,0,normal,69.47000122070312,87.91000366210938,134.87001037597656,0.005805515239477504,0.004717214087963419,4,0
471,472,ALA,A,other,0,0,normal,68.06000518798828,84.92000579833984,136.63999938964844,0.0043541364296081275,0.026613463180460928,3,0
472,473,ALA,A,other,0,0,normal,71.09000396728516,84.69001007080078,138.8400115966797,0.008708272859216255,0.02471307394046252,6,0
473,474,LEU,L,other,0,0,normal,71.16999816894531,88.26000213623047,140.19000244140625,0.002902757619738752,0.0005104394811350779,2,0
474,475,ALA,A,other,0,0,normal,67.41999816894531,88.66000366210938,140.5600128173828,0.005805515239477504,0.047443099874862296,4,0
475,476,SER,S,other,0,0,normal,67.80999755859375,85.9800033569336,143.3000030517578,0.0043541364296081275,0.0032683152146338636,3,0
476,477,PRO,P,other,0,0,normal,66.80000305175781,86.54000091552734,146.95001220703125,0.0,0.0,0,0
477,478,GLY,G,other,0,0,normal,70.04000091552734,87.80000305175781,148.69000244140625,0.0043541364296081275,0.009944476322273603,3,0
478,479,ASN,N,other,0,0,normal,70.74000549316406,84.75,150.83001708984375,0.001451378809869376,0.0,1,0
479,480,ALA,A,other,0,0,normal,71.13999938964844,82.62000274658203,147.78001403808594,0.002902757619738752,0.0005851219350253431,2,0
480,481,LEU,L,other,0,0,normal,72.62000274658203,85.32000732421875,145.45001220703125,0.0043541364296081275,0.011517882333822121,3,0
481,482,ARG,R,other,0,0,normal,76.12000274658203,83.77999877929688,145.5800018310547,0.002902757619738752,0.00010101119688658078,2,0
482,483,SER,S,other,0,0,normal,74.92000579833984,80.20999908447266,144.66000366210938,0.0043541364296081275,0.0005967708030080264,3,0
483,484,SER,S,other,0,0,normal,72.68000030517578,81.66000366210938,141.97000122070312,0.008708272859216255,0.031075665793289697,6,0
484,485,LEU,L,other,0,0,normal,75.61000061035156,83.57000732421875,140.5600128173828,0.005805515239477504,0.0031040208265836564,4,0
485,486,GLN,Q,other,0,0,normal,77.97000122070312,80.5,140.6699981689453,0.005805515239477504,0.0032036782486476543,4,0
486,487,ILE,I,other,0,0,normal,75.5,78.4000015258789,138.6300048828125,0.0043541364296081275,0.014656338471149681,3,0
487,488,ALA,A,other,0,0,normal,75.10000610351562,81.08000946044922,135.98001098632812,0.008708272859216255,0.012790091581336755,6,0
488,489,LEU,L,other,0,0,normal,78.82000732421875,81.66000366210938,135.79000854492188,0.005805515239477504,0.003985877912030601,4,0
489,490,CYS,C,other,0,0,normal,79.2300033569336,77.84000396728516,135.48001098632812,0.00725689404934688,0.026295307826286383,5,0
490,491,HSD,H,other,0,0,normal,76.70000457763672,77.71000671386719,132.55001831054688,0.005805515239477504,0.0041389872633500685,4,0
491,492,PHE,F,other,0,0,normal,78.69000244140625,80.55000305175781,131.0500030517578,0.00725689404934688,0.029380850785208586,5,0
492,493,PHE,F,other,0,0,normal,82.11000061035156,78.85000610351562,131.98001098632812,0.005805515239477504,0.010744029316971377,4,0
493,494,PHE,F,other,0,0,normal,81.20001220703125,75.56000518798828,130.23001098632812,0.005805515239477504,0.0062594245685361925,4,0
494,495,ASN,N,other,0,0,normal,80.10000610351562,77.3800048828125,126.88999938964844,0.005805515239477504,0.02093076649351063,4,0
495,496,ILE,I,other,0,0,normal,83.26000213623047,79.56999969482422,127.08000183105467,0.005805515239477504,0.010988492998670756,4,0
496,497,SER,S,other,0,0,normal,85.2800064086914,76.36000061035156,127.3000030517578,0.005805515239477504,0.004430017067115901,4,0
497,498,GLY,G,other,0,0,normal,83.60000610351562,74.8499984741211,124.14000701904295,0.00725689404934688,0.02167003889614236,5,0
498,499,ILE,I,other,0,0,normal,84.18000030517578,78.06000518798828,122.2800064086914,0.00725689404934688,0.011744791771764766,5,0
499,500,LEU,L,other,0,0,normal,87.74000549316406,78.0300064086914,123.34000396728516,0.002902757619738752,8.69514713828951e-05,2,0
500,501,LEU,L,other,0,0,normal,88.26000213623047,74.33000183105469,122.52999877929688,0.002902757619738752,0.00023916408295521948,2,0
501,502,TRP,W,other,0,0,normal,86.47000122070312,74.35000610351562,119.16000366210938,0.0043541364296081275,0.009162120195639252,3,0
502,503,TYR,Y,other,0,0,normal,87.06000518798828,77.76000213623047,117.69001007080078,0.002902757619738752,0.0011424105994670183,2,0
503,504,PRO,P,other,0,0,normal,90.54000854492188,79.43000030517578,117.24000549316406,0.0,0.0,0,0
504,505,ILE,I,other,0,0,normal,92.47000885009766,77.22000885009766,114.8100128173828,0.002902757619738752,0.001438721436527492,2,0
505,506,PRO,P,other,0,0,normal,90.86000061035156,75.95999908447266,111.52000427246094,0.001451378809869376,0.0,1,0
506,507,PHE,F,other,0,0,normal,92.2100067138672,72.58000183105469,112.87001037597656,0.001451378809869376,0.0,1,0
507,508,THR,T,other,0,0,normal,89.73999786376953,72.4800033569336,115.87001037597656,0.0043541364296081275,0.007888068777020123,3,0
508,509,ARG,R,other,0,0,normal,86.69999694824219,73.49000549316406,113.8000030517578,0.0043541364296081275,0.0015654594953632421,3,0
509,510,LEU,L,other,0,0,normal,85.66000366210938,69.77999877929688,113.58000946044922,0.0043541364296081275,0.0055615121371532916,3,0
510,511,PRO,P,other,0,0,normal,81.75,70.56000518798828,113.8800048828125,0.005805515239477504,0.0018612613447320453,4,0
511,512,ILE,I,other,0,0,normal,81.87000274658203,72.05000305175781,110.39000701904295,0.0043541364296081275,0.003594480821321753,3,0
512,513,ARG,R,other,0,0,normal,83.57000732421875,68.87000274658203,108.95000457763672,0.002902757619738752,0.001449260308185866,2,0
513,514,MET,M,other,0,0,normal,81.15000915527344,66.58000183105469,110.81000518798828,0.005805515239477504,0.0013652146805790712,4,0
514,515,ALA,A,other,0,0,normal,78.09000396728516,68.47000122070312,109.3600082397461,0.008708272859216255,0.014331670193904815,6,0
515,516,LYS,K,other,0,0,normal,79.67000579833984,68.44000244140625,105.8499984741211,0.0043541364296081275,0.0009296699330507279,3,0
516,517,GLY,G,other,0,0,normal,80.35000610351562,64.69000244140625,106.18000030517578,0.005805515239477504,0.005466151032157724,4,0
517,518,LEU,L,other,0,0,normal,76.81000518798828,64.11000061035156,107.56000518798828,0.0043541364296081275,0.0027541296033720543,3,0
518,519,GLY,G,other,0,0,normal,75.46000671386719,65.95999908447266,104.4100112915039,0.0043541364296081275,0.0030201660330942616,3,0
519,520,ASN,N,other,0,0,normal,77.42000579833984,63.93000030517578,101.92000579833984,0.0043541364296081275,0.0014617859835060363,3,0
520,521,ILE,I,other,0,0,normal,76.27000427246094,60.74000549316406,103.70001220703124,0.001451378809869376,0.0,1,0
521,522,SER,S,other,0,0,normal,72.56000518798828,61.80000305175781,103.58000946044922,0.002902757619738752,0.001438721436527492,2,0
522,523,ALA,A,other,0,0,normal,72.76000213623047,63.7400016784668,100.29000091552734,0.001451378809869376,0.0,1,0
523,524,LYS,K,other,0,0,normal,70.3800048828125,61.5,98.4600067138672,0.0,0.0,0,0
524,525,TYR,Y,other,0,0,normal,67.76000213623047,61.660003662109375,101.13999938964844,0.001451378809869376,0.0,1,0
525,526,ARG,R,other,0,0,normal,65.09000396728516,64.24000549316406,102.14000701904295,0.0,0.0,0,0
526,527,TRP,W,other,0,0,normal,63.660003662109375,62.15999984741211,104.95001220703124,0.0,0.0,0,0
527,528,PHE,F,other,0,0,normal,66.94000244140625,62.25000381469727,106.7800064086914,0.001451378809869376,0.0,1,0
528,529,ALA,A,other,0,0,normal,66.3800048828125,65.5300064086914,108.69000244140624,0.002902757619738752,0.0007931953960914031,2,0
529,530,VAL,V,other,0,0,normal,63.01000213623047,64.25,110.36000061035156,0.002902757619738752,0.00039659769804570153,2,0
530,531,PHE,F,other,0,0,normal,64.84000396728516,60.7300033569336,110.85000610351562,0.005805515239477504,0.0006624025382252675,4,0
531,532,TYR,Y,other,0,0,normal,67.80000305175781,62.57000350952149,112.58000183105467,0.0043541364296081275,0.0015568569210517432,3,0
532,533,LEU,L,other,0,0,normal,65.58000183105469,64.31000518798828,115.19001007080078,0.0043541364296081275,0.00024049009349579774,3,0
533,534,ILE,I,other,0,0,normal,63.970001220703125,61.01000213623047,116.4000015258789,0.002902757619738752,0.00022361359570661896,2,0
534,535,ILE,I,other,0,0,normal,67.41000366210938,59.34000396728516,116.64000701904295,0.002902757619738752,0.0017087454011543524,2,0
535,536,PHE,F,other,0,0,normal,69.33000183105469,62.100006103515625,118.4000015258789,0.001451378809869376,0.0,1,0
536,537,PHE,F,other,0,0,normal,66.80000305175781,64.19000244140625,120.32000732421876,0.001451378809869376,0.0,1,0
537,538,PHE,F,other,0,0,normal,64.56000518798828,61.2300033569336,121.4600067138672,0.001451378809869376,0.0,1,0
538,539,LEU,L,other,0,0,normal,65.67000579833984,57.53000259399414,120.89000701904295,0.002902757619738752,0.0018564147568096668,2,0
539,540,ILE,I,other,0,0,normal,69.2300033569336,58.12000274658203,122.3000030517578,0.0043541364296081275,0.00024892834239038713,3,0
540,541,PRO,P,other,0,0,normal,68.12000274658203,60.02000427246094,125.44000244140624,0.002902757619738752,2.1095622236473487e-06,2,0
541,542,LEU,L,other,0,0,normal,65.09000396728516,57.85000228881836,126.17000579833984,0.005805515239477504,0.002196054274816892,4,0
542,543,THR,T,other,0,0,normal,67.68000030517578,54.910003662109375,125.79000854492188,0.005805515239477504,0.00015558021399399204,4,0
543,544,VAL,V,other,0,0,normal,70.07000732421875,56.42000198364258,128.35000610351562,0.005805515239477504,0.001234621291389611,4,0
544,545,PHE,F,other,0,0,normal,66.99000549316406,57.20000457763672,130.5900115966797,0.005805515239477504,0.0014090117685444591,4,0
545,546,GLY,G,other,0,0,normal,65.8800048828125,53.57000350952149,130.42001342773438,0.005805515239477504,7.692870242233997e-05,4,0
546,547,LEU,L,other,0,0,normal,69.5300064086914,52.290000915527344,130.92001342773438,0.00725689404934688,0.0029110903905221574,5,0
547,548,SER,S,other,0,0,normal,69.70999908447266,54.59999847412109,133.97000122070312,0.005805515239477504,0.00018103559815933664,4,0
548,549,LEU,L,other,0,0,normal,66.80000305175781,52.61000061035156,135.41000366210938,0.0043541364296081275,0.00012984355486549446,3,0
549,550,ALA,A,other,0,0,normal,68.52000427246094,49.280006408691406,134.55999755859375,0.002902757619738752,6.117730448577312e-05,2,0
550,551,GLY,G,other,0,0,normal,71.35000610351562,50.79000473022461,136.63999938964844,0.0043541364296081275,0.00011047074177833283,3,0
551,552,TRP,W,other,0,0,normal,74.41000366210938,53.06999969482422,136.35000610351562,0.002902757619738752,0.0001012238273646787,2,0
552,553,ARG,R,other,0,0,normal,76.7300033569336,49.900001525878906,136.02000427246094,0.002902757619738752,0.003058865224288656,2,0
553,554,VAL,V,other,0,0,normal,74.54000854492188,48.75,133.1199951171875,0.0043541364296081275,0.00010618129859024977,3,0
554,555,LEU,L,other,0,0,normal,74.82000732421875,52.150001525878906,131.4300079345703,0.00725689404934688,0.0033703069272397923,5,0
555,556,VAL,V,other,0,0,normal,78.6500015258789,52.410003662109375,131.97000122070312,0.002902757619738752,0.003037769602052182,2,0
556,557,GLY,G,other,0,0,normal,78.72000122070312,48.910003662109375,130.25,0.002902757619738752,0.0001012238273646787,2,0
557,558,VAL,V,other,0,0,normal,77.29000854492188,50.40000534057617,127.04000854492188,0.001451378809869376,0.0,1,0
558,559,GLY,G,other,0,0,normal,78.97000122070312,53.790000915527344,127.50000762939452,0.002902757619738752,0.0030082357309211194,2,0
559,560,VAL,V,other,0,0,normal,82.55000305175781,52.55000305175781,127.42000579833984,0.002902757619738752,6.96155533803625e-05,2,0
560,561,PRO,P,other,0,0,normal,82.6100082397461,50.900001525878906,123.8800048828125,0.001451378809869376,0.0,1,0
561,562,VAL,V,other,0,0,normal,80.6300048828125,53.93000030517578,122.51000213623048,0.005805515239477504,0.00299902397587786,4,0
562,563,VAL,V,other,0,0,normal,82.97000122070312,56.52000427246094,123.82000732421876,0.0043541364296081275,6.195081063444381e-05,3,0
563,564,PHE,F,other,0,0,normal,85.98999786376953,54.38999938964844,122.9600067138672,0.005805515239477504,0.0010992928747426338,4,0
564,565,ILE,I,other,0,0,normal,84.86000061035156,54.0,119.31999969482422,0.005805515239477504,0.0016084708767903151,4,0
565,566,ILE,I,other,0,0,normal,83.63999938964844,57.61000061035156,118.99000549316406,0.005805515239477504,0.00033094343372974347,4,0
566,567,ILE,I,other,0,0,normal,86.80000305175781,59.29000473022461,120.3800048828125,0.005805515239477504,0.001078033175444321,4,0
567,568,LEU,L,other,0,0,normal,88.8600082397461,57.02000045776367,118.25000762939452,0.005805515239477504,0.0009057991396736461,4,0
568,569,VAL,V,other,0,0,normal,86.62001037597656,57.61000061035156,115.20000457763672,0.005805515239477504,0.0006127575072287665,4,0
569,570,LEU,L,other,0,0,normal,86.93000793457031,61.43000030517578,115.60000610351562,0.005805515239477504,0.0009579990849187864,4,0
570,571,CYS,C,other,0,0,normal,90.68000793457033,61.150001525878906,116.07000732421876,0.005805515239477504,0.0004998256095228451,4,0
571,572,LEU,L,other,0,0,normal,90.91999816894533,59.11000061035156,112.80999755859376,0.005805515239477504,0.0010350215456621777,4,0
572,573,ARG,R,other,0,0,normal,88.68000030517578,61.65000534057617,111.12000274658205,0.0043541364296081275,0.00044089850474229587,3,0
573,574,LEU,L,other,0,0,normal,91.10000610351562,64.34000396728516,112.41000366210938,0.0043541364296081275,0.0002059635917687695,3,0
574,575,LEU,L,other,0,0,normal,94.0500030517578,62.21000289916992,111.22000885009766,0.005805515239477504,0.000869209954883496,4,0
575,576,GLN,Q,other,0,0,normal,92.41000366210938,61.76000213623047,107.74000549316406,0.002902757619738752,0.00022361359570661896,2,0
576,577,SER,S,other,0,0,normal,91.88999938964844,65.58000183105469,107.80999755859376,0.002902757619738752,1.7579685197061235e-05,2,0
577,578,ARG,R,other,0,0,normal,95.66000366210938,66.1300048828125,108.20999908447266,0.001451378809869376,0.0,1,0
578,579,CYS,C,other,0,0,normal,97.51000213623048,63.13999938964844,106.61000061035156,0.002902757619738752,0.00043878894251864854,2,0
579,580,PRO,P,other,0,0,normal,95.5300064086914,60.68000411987305,104.3800048828125,0.001451378809869376,0.0,1,0
580,581,ARG,R,other,0,0,normal,98.99000549316406,58.9900016784668,103.5,0.001451378809869376,0.0,1,0
581,582,VAL,V,other,0,0,normal,100.16000366210938,58.2300033569336,107.05001068115234,0.0,0.0,0,0
582,583,LEU,L,other,0,0,normal,97.33000946044922,55.86000442504883,108.0300064086914,0.001451378809869376,0.0,1,0
583,584,PRO,P,other,0,0,normal,97.5,51.99000549316406,107.1500015258789,0.001451378809869376,0.0,1,0
584,585,LYS,K,other,0,0,normal,96.12000274658205,51.630001068115234,103.510009765625,0.002902757619738752,2.1095622236473488e-05,2,0
585,586,LYS,K,other,0,0,normal,93.0,49.910003662109375,104.74000549316406,0.0,0.0,0,0
586,587,LEU,L,other,0,0,normal,92.51000213623048,52.78000259399414,107.14000701904295,0.0043541364296081275,4.641036892024167e-05,3,0
587,588,GLN,Q,other,0,0,normal,93.13999938964844,55.1400032043457,104.31000518798828,0.001451378809869376,0.0,1,0
588,589,ASN,N,other,0,0,normal,89.94000244140625,53.47999954223633,103.13999938964844,0.002902757619738752,3.375299557835758e-05,2,0
589,590,TRP,W,other,0,0,normal,86.8600082397461,53.790000915527344,105.37001037597656,0.001451378809869376,0.0,1,0
590,591,ASN,N,other,0,0,normal,85.66000366210938,50.12000274658203,105.2800064086914,0.002902757619738752,2.1095622236473488e-05,2,0
591,592,PHE,F,other,0,0,normal,86.93000793457031,48.86000061035156,108.5300064086914,0.001451378809869376,0.0,1,0
592,593,LEU,L,other,0,0,normal,83.75,49.9900016784668,110.3800048828125,0.001451378809869376,0.0,1,0
593,594,PRO,P,other,0,0,normal,80.56999969482422,47.75,110.36000061035156,0.0,0.0,0,0
594,595,LEU,L,other,0,0,normal,77.99000549316406,48.87000274658203,107.52999877929688,0.002902757619738752,4.219124447294697e-06,2,0
595,596,TRP,W,other,0,0,normal,75.26000213623047,50.44000244140625,109.72000122070312,0.0,0.0,0,0
596,597,MET,M,other,0,0,normal,77.97000122070312,52.59000396728516,111.37000274658205,0.001451378809869376,0.0,1,0
597,598,ARG,R,other,0,0,normal,78.9000015258789,54.37000274658203,108.10000610351562,0.001451378809869376,0.0,1,0
598,599,SER,S,other,0,0,normal,75.91000366210938,53.95000457763672,105.82000732421876,0.0,0.0,0,0
599,600,LEU,L,other,0,0,normal,72.22000122070312,54.44000244140625,105.6300048828125,0.0,0.0,0,0
600,601,LYS,K,other,0,0,normal,71.27000427246094,51.43000030517578,103.510009765625,0.002902757619738752,4.219124447294697e-06,2,0
601,602,PRO,P,other,0,0,normal,69.2800064086914,49.4800033569336,106.1300048828125,0.002902757619738752,9.844623710354293e-06,2,0
602,603,TRP,W,other,0,0,normal,66.93000030517578,52.470001220703125,106.760009765625,0.0043541364296081275,4.794665344091942e-05,3,0
603,604,ASP,D,other,0,0,normal,66.88999938964844,53.47999954223633,103.02000427246094,0.005805515239477504,0.0001528908238884403,4,0
604,605,ALA,A,other,0,0,normal,64.9800033569336,50.290000915527344,102.41000366210938,0.0043541364296081275,0.00015243127405668855,3,0
605,606,VAL,V,other,0,0,normal,62.25000381469727,51.06000518798828,105.02999877929688,0.0043541364296081275,0.00015584715358254612,3,0
606,607,VAL,V,other,0,0,normal,61.52000427246094,54.59000015258789,104.01000213623048,0.002902757619738752,0.00018887506973365702,2,0
607,608,SER,S,other,0,0,normal,61.53000259399414,53.62000274658203,100.29000091552734,0.0043541364296081275,0.0002466583867129368,3,0
608,609,LYS,K,other,0,0,normal,59.06999969482422,50.86000442504883,101.02000427246094,0.002902757619738752,0.00023249458104173307,2,0
609,610,PHE,F,other,0,0,normal,57.01000213623047,52.95000076293945,103.37001037597656,0.005805515239477504,0.0003719714935750963,4,0
610,611,THR,T,other,0,0,normal,56.7400016784668,55.77999877929688,100.69000244140624,0.0043541364296081275,0.00023935881484211,3,0
611,612,GLY,G,other,0,0,normal,56.43000030517578,52.78000259399414,98.15000915527344,0.005805515239477504,0.00042177281520095427,4,0
612,613,CYS,C,other,0,0,normal,53.27999877929688,51.84000015258789,100.1300048828125,0.005805515239477504,0.0003813217575855637,4,0
613,614,PHE,F,other,0,0,normal,51.7400016784668,55.40000534057617,99.82000732421876,0.005805515239477504,0.00033349350167827393,4,0
614,615,GLN,Q,other,0,0,normal,52.4900016784668,55.2400016784668,96.04000091552734,0.005805515239477504,0.0004365141899409965,4,0
615,616,MET,M,other,0,0,normal,50.7300033569336,51.83000183105469,95.91999816894533,0.005805515239477504,0.00039425103799036116,4,0
616,617,ARG,R,other,0,0,normal,47.83000183105469,53.400001525878906,97.92000579833984,0.005805515239477504,0.00034714161241562757,4,0
617,618,CYS,C,other,0,0,normal,47.62000274658203,55.96000289916992,95.06000518798828,0.005805515239477504,0.00046643820948613467,4,0
618,619,CYS,C,other,0,0,normal,47.3800048828125,52.93000030517578,92.70000457763672,0.005805515239477504,0.000381471708040087,4,0
619,620,CYS,C,other,0,0,normal,44.92000198364258,51.08000183105469,95.02000427246094,0.005805515239477504,0.0003388987491995754,4,0
620,621,CYS,C,other,0,0,normal,42.55000305175781,54.160003662109375,95.37001037597656,0.005805515239477504,0.0004979934479330349,4,0
621,622,CYS,C,other,0,0,normal,42.4800033569336,54.55000305175781,91.61000061035156,0.0043541364296081275,0.00030243999090311867,3,0
622,623,ARG,R,other,0,0,normal,41.62000274658203,50.82000350952149,91.27999877929688,0.005805515239477504,0.00031301237003597164,4,0
623,624,VAL,V,other,0,0,normal,38.53000259399414,50.77999877929688,93.6300048828125,0.0043541364296081275,0.0003732291345436338,3,0
624,625,CYS,C,other,0,0,normal,37.25,53.910003662109375,91.95999908447266,0.005805515239477504,0.00034988383138690767,4,0
625,626,CYS,C,other,0,0,normal,37.77000045776367,52.28000259399414,88.47000122070312,0.005805515239477504,0.00022518972977161736,4,0
626,627,ARG,R,other,0,0,normal,36.17000198364258,48.880001068115234,89.52000427246094,0.005805515239477504,0.00039927541514149647,4,0
627,628,ALA,A,other,0,0,normal,33.11000061035156,50.62000274658203,91.010009765625,0.005805515239477504,0.0002284662139389887,4,0
628,629,CYS,C,other,0,0,normal,32.44000244140625,52.540000915527344,87.76000213623047,0.005805515239477504,0.00012310204003049852,4,0
629,630,CYS,C,other,0,0,normal,32.55000305175781,49.30000305175781,85.76000213623047,0.00725689404934688,0.00042940281374079096,5,0
630,631,LEU,L,other,0,0,normal,29.18000221252441,48.2300033569336,87.1500015258789,0.002902757619738752,2.1095622236473487e-06,2,0
631,632,LEU,L,other,0,0,normal,27.530000686645508,51.63999938964844,86.46000671386719,0.002902757619738752,8.438248894589395e-06,2,0
632,633,CYS,C,other,0,0,normal,28.93000030517578,52.35000228881836,83.05000305175781,0.002902757619738752,0.000139231106760725,2,0
633,634,ASP,D,other,0,0,normal,30.940000534057617,51.1300048828125,80.13999938964844,0.0,0.0,0,0
634,635,CYS,C,other,0,0,normal,34.58000183105469,52.09999847412109,80.37001037597656,0.001451378809869376,0.0,1,0
635,636,PRO,P,other,0,0,normal,35.86000061035156,55.69000244140625,79.45000457763672,0.001451378809869376,0.0,1,0
636,637,LYS,K,other,0,0,normal,37.69000244140625,56.07000350952149,76.1100082397461,0.0,0.0,0,0
637,638,CYS,C,other,0,0,normal,40.77000045776367,57.46000289916992,77.86000061035156,0.0,0.0,0,0
638,639,CYS,C,other,0,0,normal,42.15999984741211,55.8900032043457,80.98999786376953,0.001451378809869376,0.0,1,0
639,640,ARG,R,other,0,0,normal,44.37000274658203,58.68000411987305,82.20000457763672,0.002902757619738752,4.219124447294697e-06,2,0
640,641,CYS,C,other,0,0,normal,44.790000915527344,57.95000076293945,86.04000091552734,0.002902757619738752,2.1095622236473487e-06,2,0
641,642,SER,S,other,0,0,normal,44.93000030517578,54.25,85.41000366210938,0.005805515239477504,6.645121004489148e-05,4,0
642,643,LYS,K,other,0,0,normal,47.630001068115234,54.83000183105469,82.84000396728516,0.005805515239477504,4.430080669659432e-05,4,0
643,644,CYS,C,other,0,0,normal,49.650001525878906,57.09000015258789,85.21000671386719,0.005805515239477504,5.801296115030208e-05,4,0
644,645,CYS,C,other,0,0,normal,48.9900016784668,54.31999969482422,87.83000183105469,0.005805515239477504,6.328686670942046e-05,4,0
645,646,GLU,E,other,0,0,normal,50.42000198364258,51.7300033569336,85.55000305175781,0.005805515239477504,5.6958180038478415e-05,4,0
646,647,ASP,D,other,0,0,normal,53.50000381469727,54.03000259399414,85.0,0.005805515239477504,5.273905559118372e-05,4,0
647,648,LEU,L,other,0,0,normal,54.03000259399414,54.11000061035156,88.77000427246094,0.005805515239477504,4.746515003206535e-05,4,0
648,649,GLU,E,other,0,0,normal,53.6300048828125,50.33000564575195,89.01000213623047,0.005805515239477504,4.641036892024167e-05,4,0
649,650,GLU,E,other,0,0,normal,56.61000061035156,50.02000427246094,86.41999816894531,0.0043541364296081275,1.7931278901002463e-05,3,0
650,651,ALA,A,other,0,0,normal,58.61000061035156,52.61000061035156,88.31000518798828,0.002902757619738752,2.1095622236473487e-06,2,0
651,652,GLN,Q,other,0,0,normal,58.27999877929688,50.94000244140625,91.760009765625,0.002902757619738752,2.1095622236473487e-06,2,0
652,653,GLU,E,other,0,0,normal,59.34000396728516,47.57000350952149,90.4499969482422,0.0,0.0,0,0
653,654,GLY,G,other,0,0,normal,61.97000503540039,49.34000015258789,88.4000015258789,0.0,0.0,0,0
654,655,GLN,Q,other,0,0,normal,65.75,49.42000579833984,88.89000701904297,0.0,0.0,0,0
655,656,ASP,D,other,0,0,normal,68.36000061035156,51.88999938964844,87.32000732421875,0.0,0.0,0,0
656,657,VAL,V,other,0,0,normal,71.71000671386719,50.43000030517578,85.98999786376953,0.0,0.0,0,0
657,658,PRO,P,other,0,0,normal,74.5,50.12000274658203,88.69000244140625,0.0,0.0,0,0
658,659,VAL,V,other,0,0,normal,77.47000122070312,52.29999923706055,87.75000762939453,0.0,0.0,0,0
659,660,LYS,K,other,0,0,normal,80.74000549316406,50.33000564575195,87.7800064086914,0.0,0.0,0,0
660,661,ALA,A,other,0,0,normal,84.29000854492188,50.18000030517578,86.24000549316406,0.0,0.0,0,0
661,662,PRO,P,other,0,0,normal,84.24000549316406,48.209999084472656,82.87001037597656,0.0,0.0,0,0
662,663,GLU,E,other,0,0,normal,84.33999633789062,44.30000305175781,82.75000762939453,0.0,0.0,0,0
663,664,THR,T,other,0,0,normal,87.96000671386719,42.9900016784668,82.63999938964844,0.0,0.0,0,0
664,665,PHE,F,other,0,0,normal,87.2300033569336,40.150001525878906,80.09001159667969,0.0,0.0,0,0
665,666,ASP,D,other,0,0,normal,89.68000793457031,38.02000427246094,77.93000030517578,0.0,0.0,0,0
666,667,ASN,N,other,0,0,normal,90.05000305175781,38.19000244140625,74.08000183105469,0.0,0.0,0,0
667,668,ILE,I,other,0,0,normal,89.40000915527344,41.959999084472656,73.85000610351562,0.0,0.0,0,0
668,669,THR,T,other,0,0,normal,91.5500030517578,44.34000015258789,71.80000305175781,0.0,0.0,0,0
669,670,ILE,I,other,0,0,normal,91.3800048828125,47.9900016784668,73.22000122070312,0.0,0.0,0,0
670,671,SER,S,other,0,0,normal,93.81000518798828,50.80000305175781,72.11000061035156,0.0,0.0,0,0
671,672,ARG,R,other,0,0,normal,94.68000793457033,53.100006103515625,74.97000122070312,0.0,0.0,0,0
672,673,GLU,E,other,0,0,normal,96.49000549316406,55.4800033569336,72.55000305175781,0.001451378809869376,0.0,1,0
673,674,ALA,A,other,0,0,normal,97.27000427246094,58.34000015258789,72.58000183105469,0.0,0.0,0,0
674,675,GLN,Q,other,0,0,normal,98.26000213623048,59.0,76.25000762939453,0.001451378809869376,0.0,1,0
675,676,GLY,G,other,0,0,normal,98.32000732421876,62.86000061035156,76.49000549316406,0.0,0.0,0,0
676,677,GLU,E,other,0,0,normal,100.3800048828125,62.84000396728516,79.67000579833984,0.0,0.0,0,0
677,678,VAL,V,other,0,0,normal,103.25000762939452,60.380001068115234,79.05000305175781,0.0,0.0,0,0
678,679,PRO,P,other,0,0,normal,102.9800033569336,57.400001525878906,81.55999755859375,0.0,0.0,0,0
679,680,ALA,A,other,0,0,normal,105.8800048828125,56.35000228881836,83.67000579833984,0.0,0.0,0,0
680,681,SER,S,other,0,0,normal,106.67000579833984,53.51000213623047,85.98999786376953,0.0,0.0,0,0
681,682,ASP,D,other,0,0,normal,106.67000579833984,53.05000305175781,89.72000122070312,0.0,0.0,0,0
682,683,SER,S,other,0,0,normal,109.14000701904295,54.9800033569336,91.91000366210938,0.0,0.0,0,0
683,684,LYS,K,other,0,0,normal,112.42000579833984,53.720001220703125,93.12000274658205,0.0,0.0,0,0
684,685,THR,T,other,0,0,normal,112.91000366210938,55.94000244140625,96.17000579833984,0.0,0.0,0,0
685,686,GLU,E,other,0,0,normal,111.22000885009766,56.37000274658203,99.48001098632812,0.0,0.0,0,0
686,687,CYS,C,other,0,0,normal,109.51000213623048,59.78000259399414,100.14000701904295,0.0,0.0,0,0
687,688,THR,T,other,0,0,normal,107.41000366210938,61.540000915527344,102.83000946044922,0.001451378809869376,0.0,1,0
688,689,ALA,A,other,0,0,normal,104.02000427246094,60.47000503540039,103.91999816894533,0.0,0.0,0,0
689,690,LEU,L,other,0,0,normal,102.91000366210938,63.4800033569336,105.89000701904295,0.002902757619738752,0.00022361359570661896,2,0
0,1,MET,M,other,0,0,normal,121.22000885009766,83.81000518798828,98.52000427246094,0.0,0.0,0,1
1,2,ALA,A,other,0,0,normal,117.90000915527344,83.24000549316406,100.40000915527344,0.001451378809869376,0.0,1,1
2,3,PRO,P,other,0,0,normal,114.48001098632812,82.23999786376953,98.68000030517578,0.0,0.0,0,1
3,4,TRP,W,other,0,0,normal,113.06999969482422,84.07000732421875,95.66000366210938,0.001451378809869376,0.0,1,1
4,5,PRO,P,other,0,0,normal,111.52000427246094,87.44000244140625,96.83000183105467,0.0,0.0,0,1
5,6,GLU,E,other,0,0,normal,107.66999816894533,87.08000183105469,96.1300048828125,0.0,0.0,0,1
6,7,LEU,L,other,0,0,normal,106.68000030517578,90.77000427246094,96.7300033569336,0.0,0.0,0,1
7,8,GLY,G,other,0,0,normal,109.19000244140624,92.11000061035156,94.27000427246094,0.0,0.0,0,1
8,9,ASP,D,other,0,0,normal,108.34000396728516,93.23001098632812,90.72999572753906,0.0,0.0,0,1
9,10,ALA,A,other,0,0,normal,110.35000610351562,90.14000701904295,89.42000579833984,0.0,0.0,0,1
10,11,GLN,Q,other,0,0,normal,113.72000885009766,91.010009765625,87.86000061035156,0.0,0.0,0,1
11,12,PRO,P,other,0,0,normal,114.67001342773438,89.94000244140625,84.33000183105469,0.0,0.0,0,1
12,13,ASN,N,other,0,0,normal,116.24000549316406,86.5300064086914,84.2300033569336,0.0,0.0,0,1
13,14,PRO,P,other,0,0,normal,119.20001220703124,84.92000579833984,82.260009765625,0.0,0.0,0,1
14,15,ASP,D,other,0,0,normal,118.63999938964844,84.17000579833984,78.54000854492188,0.0,0.0,0,1
15,16,LYS,K,other,0,0,normal,116.87000274658205,80.86000061035156,77.42000579833984,0.0,0.0,0,1
16,17,TYR,Y,other,0,0,normal,118.91999816894533,78.86000061035156,74.69000244140625,0.0,0.0,0,1
17,18,LEU,L,other,0,0,normal,116.4600067138672,78.27000427246094,71.87000274658203,0.0,0.0,0,1
18,19,GLU,E,other,0,0,normal,113.37001037597656,80.06999969482422,73.41000366210938,0.001451378809869376,0.0,1,1
19,20,GLY,G,other,0,0,normal,110.93000793457033,81.81999969482422,73.21000671386719,0.0,0.0,0,1
20,21,ALA,A,other,0,0,normal,109.3000030517578,78.6500015258789,71.93000030517578,0.001451378809869376,0.0,1,1
21,22,ALA,A,other,0,0,normal,108.5,78.30000305175781,68.16000366210938,0.0,0.0,0,1
22,23,GLY,G,other,0,0,normal,105.67000579833984,75.77000427246094,68.96000671386719,0.0,0.0,0,1
23,24,GLN,Q,other,0,0,normal,103.97000122070312,73.16000366210938,66.71000671386719,0.0,0.0,0,1
24,25,GLN,Q,other,0,0,normal,100.68000793457033,72.31000518798828,65.21000671386719,0.0,0.0,0,1
25,26,PRO,P,other,0,0,normal,99.31999969482422,68.66000366210938,65.70999908447266,0.0,0.0,0,1
26,27,THR,T,other,0,0,normal,100.2100067138672,65.97000122070312,63.160003662109375,0.0,0.0,0,1
27,28,ALA,A,other,0,0,normal,98.83000183105467,66.71000671386719,59.72999954223633,0.0,0.0,0,1
28,29,PRO,P,other,0,0,normal,97.260009765625,63.900001525878906,57.42000198364258,0.0,0.0,0,1
29,30,ASP,D,other,0,0,normal,99.31999969482422,62.56000518798828,54.49000549316406,0.0,0.0,0,1
30,31,LYS,K,other,0,0,normal,98.8000030517578,64.66000366210938,51.380001068115234,0.0,0.0,0,1
31,32,SER,S,other,0,0,normal,100.99000549316406,62.52000427246094,49.17000198364258,0.0,0.0,0,1
32,33,LYS,K,other,0,0,normal,97.9600067138672,60.07000350952149,48.82000350952149,0.001451378809869376,0.0,1,1
33,34,GLU,E,other,0,0,normal,96.55999755859376,59.14000701904297,46.4900016784668,0.0,0.0,0,1
34,35,THR,T,other,0,0,normal,99.55001068115234,57.910003662109375,44.400001525878906,0.002902757619738752,4.219124447294697e-06,2,1
35,36,ASN,N,other,0,0,normal,100.56999969482422,54.30000305175781,43.17000579833984,0.0,0.0,0,1
36,37,LYS,K,other,0,0,normal,104.0500030517578,54.75000381469727,44.78000259399414,0.001451378809869376,0.0,1,1
37,38,THR,T,other,0,0,normal,104.52000427246094,52.57000350952149,47.959999084472656,0.0,0.0,0,1
38,39,ASP,D,other,0,0,normal,107.11000061035156,52.11000442504883,50.630001068115234,0.0,0.0,0,1
39,40,ASN,N,other,0,0,normal,108.91000366210938,48.880001068115234,50.12000274658203,0.0,0.0,0,1
40,41,THR,T,other,0,0,normal,107.49000549316406,45.94000244140625,48.25000381469727,0.0,0.0,0,1
41,42,GLU,E,other,0,0,normal,105.56999969482422,43.19000244140625,50.060001373291016,0.0,0.0,0,1
42,43,ALA,A,other,0,0,normal,106.1300048828125,42.34000396728516,53.87000274658203,0.001451378809869376,0.0,1,1
43,44,PRO,P,other,0,0,normal,106.35000610351562,43.67000198364258,56.68000030517578,0.0,0.0,0,1
44,45,VAL,V,other,0,0,normal,102.73001098632812,45.040000915527344,56.86000442504883,0.001451378809869376,0.0,1,1
45,46,THR,T,other,0,0,normal,102.4600067138672,48.810001373291016,57.25000381469727,0.0,0.0,0,1
46,47,LYS,K,other,0,0,normal,100.80001068115234,50.68000411987305,60.09000396728516,0.0,0.0,0,1
47,48,ILE,I,other,0,0,normal,97.38999938964844,52.1300048828125,59.55000305175781,0.0,0.0,0,1
48,49,GLU,E,other,0,0,normal,97.3100128173828,55.63999938964844,57.9800033569336,0.0,0.0,0,1
49,50,LEU,L,other,0,0,normal,96.64000701904295,58.9800033569336,59.74000549316406,0.0,0.0,0,1
50,51,LEU,L,other,0,0,normal,93.010009765625,59.8900032043457,59.57000350952149,0.0,0.0,0,1
51,52,PRO,P,other,0,0,normal,91.6300048828125,63.350006103515625,59.9800033569336,0.0,0.0,0,1
52,53,SER,S,other,0,0,normal,91.2300033569336,63.15000534057617,63.69000244140625,0.0,0.0,0,1
53,54,TYR,Y,other,0,0,normal,92.91000366210938,66.07000732421875,65.56000518798828,0.0,0.0,0,1
54,55,SER,S,other,0,0,normal,90.95000457763672,69.14000701904297,66.67000579833984,0.0,0.0,0,1
55,56,THR,T,other,0,0,normal,90.94001007080078,72.7800064086914,65.58000183105469,0.0,0.0,0,1
56,57,ALA,A,other,0,0,normal,89.84000396728516,74.05000305175781,69.0300064086914,0.0,0.0,0,1
57,58,THR,T,other,0,0,normal,91.760009765625,76.41999816894531,71.41999816894531,0.0,0.0,0,1
58,59,LEU,L,other,0,0,normal,90.06999969482422,74.93000793457031,74.46000671386719,0.0,0.0,0,1
59,60,ILE,I,other,0,0,normal,89.33000183105469,71.22000122070312,74.10000610351562,0.0,0.0,0,1
60,61,ASP,D,other,0,0,normal,86.77000427246094,70.29000091552734,76.81000518798828,0.0,0.0,0,1
61,62,GLU,E,other,0,0,normal,83.16000366210938,68.96000671386719,77.3600082397461,0.0,0.0,0,1
62,63,PRO,P,other,0,0,normal,80.05000305175781,70.69000244140625,78.79000091552734,0.0,0.0,0,1
63,64,THR,T,other,0,0,normal,79.91000366210938,70.61000061035156,82.6100082397461,0.0,0.0,0,1
64,65,GLU,E,other,0,0,normal,77.58000183105469,70.86000061035156,85.70999908447266,0.0,0.0,0,1
65,66,VAL,V,other,0,0,normal,77.20000457763672,73.77999877929688,88.17000579833984,0.0,0.0,0,1
66,67,ASP,D,other,0,0,normal,78.87000274658203,74.56999969482422,91.4600067138672,0.0,0.0,0,1
67,68,ASP,D,other,0,0,normal,78.87000274658203,71.88999938964844,94.33000183105467,0.0,0.0,0,1
68,69,PRO,P,other,0,0,normal,76.22000122070312,72.42000579833984,97.05001068115234,0.002902757619738752,0.001438721436527492,2,1
69,70,TRP,W,other,0,0,normal,78.47000885009766,74.27000427246094,99.64000701904295,0.0,0.0,0,1
70,71,ASN,N,other,0,0,normal,79.05999755859375,77.1300048828125,97.2100067138672,0.001451378809869376,0.0,1,1
71,72,LEU,L,other,0,0,normal,76.6300048828125,80.05000305175781,97.27000427246094,0.001451378809869376,0.0,1,1
72,73,PRO,P,other,0,0,normal,74.19000244140625,81.57000732421875,94.70000457763672,0.0,0.0,0,1
73,74,THR,T,other,0,0,normal,74.4800033569336,85.34000396728516,94.45999908447266,0.0,0.0,0,1
74,75,LEU,L,other,0,0,normal,71.90000915527344,87.08000183105469,96.69000244140624,0.0,0.0,0,1
75,76,GLN,Q,other,0,0,normal,68.74000549316406,88.62000274658203,95.2100067138672,0.0,0.0,0,1
76,77,ASP,D,other,0,0,normal,68.16000366210938,92.34000396728516,95.58999633789062,0.0,0.0,0,1
77,78,SER,S,other,0,0,normal,65.01000213623047,94.09000396728516,96.75,0.0,0.0,0,1
78,79,GLY,G,other,0,0,normal,66.30000305175781,97.06000518798828,99.05999755859376,0.0,0.0,0,1
79,80,ILE,I,other,0,0,normal,64.38999938964844,100.3000030517578,100.02000427246094,0.0,0.0,0,1
80,81,LYS,K,other,0,0,normal,65.61000061035156,103.74000549316406,101.19000244140624,0.0,0.0,0,1
81,82,TRP,W,other,0,0,normal,64.29000091552734,106.79000854492188,103.19000244140624,0.001451378809869376,0.0,1,1
82,83,SER,S,other,0,0,normal,64.18000030517578,108.8800048828125,99.97000885009766,0.0,0.0,0,1
83,84,GLU,E,other,0,0,normal,62.06000518798828,106.24000549316406,98.1100082397461,0.0,0.0,0,1
84,85,ARG,R,other,0,0,normal,59.410003662109375,106.43000793457033,100.87001037597656,0.002902757619738752,0.001438721436527492,2,1
85,86,ASP,D,other,0,0,normal,56.69000244140625,109.08000946044922,100.73001098632812,0.001451378809869376,0.0,1,1
86,87,THR,T,other,0,0,normal,56.32000350952149,111.74000549316406,103.45000457763672,0.002902757619738752,8.438248894589395e-06,2,1
87,88,LYS,K,other,0,0,normal,53.51000213623047,109.85000610351562,105.5500030517578,0.002902757619738752,2.1095622236473487e-06,2,1
88,89,GLY,G,other,0,0,normal,55.54000473022461,106.67000579833984,104.9800033569336,0.00725689404934688,0.004494932808093063,5,1
89,90,LYS,K,other,0,0,normal,58.55000305175781,108.29000854492188,106.72000885009766,0.005805515239477504,0.0015437051676514993,4,1
90,91,ILE,I,other,0,0,normal,56.560001373291016,109.08000946044922,109.85000610351562,0.005805515239477504,0.0012663400351515626,4,1
91,92,LEU,L,other,0,0,normal,54.9900016784668,105.67000579833984,109.79000091552734,0.005805515239477504,0.0061408747072492385,4,1
92,93,CYS,C,other,0,0,normal,58.37000274658203,103.9600067138672,109.51000213623048,0.005805515239477504,0.003107163618565272,4,1
93,94,PHE,F,other,0,0,normal,59.75000381469727,106.04000091552734,112.3800048828125,0.005805515239477504,0.0021434762631980294,4,1
94,95,PHE,F,other,0,0,normal,56.77000045776367,104.84000396728516,114.56000518798828,0.005805515239477504,0.008161334075943622,4,1
95,96,GLN,Q,other,0,0,normal,57.17000579833984,101.15000915527344,113.35000610351562,0.0043541364296081275,0.004536404862474229,3,1
96,97,GLY,G,other,0,0,normal,60.79000473022461,101.11000061035156,114.49000549316406,0.005805515239477504,0.0027596665289478695,4,1
97,98,ILE,I,other,0,0,normal,60.52000427246094,103.36000061035156,117.6100082397461,0.0043541364296081275,0.00934830606087554,3,1
98,99,GLY,G,other,0,0,normal,57.24000549316406,101.6999969482422,118.6100082397461,0.005805515239477504,0.0073165375797685705,4,1
99,100,ARG,R,other,0,0,normal,59.05000305175781,98.30001068115234,118.08000183105467,0.0043541364296081275,0.002772373132552282,3,1
100,101,LEU,L,other,0,0,normal,61.97000503540039,99.7100067138672,120.27000427246094,0.005805515239477504,0.01247293393943471,4,1
101,102,ILE,I,other,0,0,normal,59.80000305175781,101.15000915527344,123.02001190185548,0.0043541364296081275,0.006724966253313608,3,1
102,103,LEU,L,other,0,0,normal,57.75,97.91000366210938,123.35000610351562,0.005805515239477504,0.004245268250339016,4,1
103,104,LEU,L,other,0,0,normal,60.90999984741211,95.56000518798828,123.35000610351562,0.005805515239477504,0.0159265691300192,4,1
104,105,LEU,L,other,0,0,normal,62.400001525878906,97.16999816894533,126.45000457763672,0.0043541364296081275,0.007333394550791224,3,1
105,106,GLY,G,other,0,0,normal,58.83000183105469,96.54000091552734,127.93000030517578,0.005805515239477504,0.0040516590419149125,4,1
106,107,PHE,F,other,0,0,normal,58.61000061035156,92.90000915527344,127.08000183105467,0.005805515239477504,0.021719003413773717,4,1
107,108,LEU,L,other,0,0,normal,62.220001220703125,92.5,128.27000427246094,0.005805515239477504,0.010822224277713129,4,1
108,109,TYR,Y,other,0,0,normal,61.12000274658203,94.01000213623048,131.61000061035156,0.005805515239477504,0.00321540743913886,4,1
109,110,PHE,F,other,0,0,normal,58.0,91.64000701904295,132.12001037597656,0.005805515239477504,0.02465821912136409,4,1
110,111,PHE,F,other,0,0,normal,60.380001068115234,88.77000427246094,130.99000549316406,0.00725689404934688,0.023960362259409052,5,1
111,112,VAL,V,other,0,0,normal,62.87000274658203,89.57000732421875,133.9199981689453,0.005805515239477504,0.0021602657243328604,4,1
112,113,CYS,C,other,0,0,normal,59.69000244140625,90.02000427246094,136.12001037597656,0.00725689404934688,0.043153931972630774,5,1
113,114,SER,S,other,0,0,normal,58.6300048828125,86.43000793457031,135.47000122070312,0.00725689404934688,0.015435997677968553,5,1
114,115,LEU,L,other,0,0,normal,61.850006103515625,85.1300048828125,137.0900115966797,0.005805515239477504,0.002244768589253797,4,1
115,116,ASP,D,other,0,0,normal,61.1400032043457,86.7300033569336,140.47000122070312,0.005805515239477504,0.02503974739526157,4,1
116,117,ILE,I,other,0,0,normal,57.53000259399414,85.19000244140625,140.40000915527344,0.005805515239477504,0.009626832673308786,4,1
117,118,LEU,L,other,0,0,normal,58.8800048828125,81.83999633789062,139.08999633789062,0.005805515239477504,0.0016529079598320041,4,1
118,119,SER,S,other,0,0,normal,61.3900032043457,81.31000518798828,141.9600067138672,0.00725689404934688,0.05432278905125081,5,1
119,120,SER,S,other,0,0,normal,58.94000244140625,82.96000671386719,144.61000061035156,0.005805515239477504,0.0007245038318862457,4,1
120,121,ALA,A,other,0,0,normal,56.43000030517578,80.26000213623047,143.37001037597656,0.010159651669085631,0.018077382946141776,7,1
121,122,PHE,F,other,0,0,normal,59.040000915527344,77.46000671386719,143.97000122070312,0.005805515239477504,0.003920214140698787,4,1
122,123,GLN,Q,other,0,0,normal,59.62000274658203,78.67000579833984,147.6300048828125,0.005805515239477504,0.003807498297897193,4,1
123,124,LEU,L,other,0,0,normal,55.8800048828125,78.0,148.37001037597656,0.00725689404934688,0.0018113555523013196,5,1
124,125,VAL,V,other,0,0,normal,55.77000045776367,74.70000457763672,146.4600067138672,0.0043541364296081275,0.0010436903270790404,3,1
125,126,GLY,G,other,0,0,normal,58.92000198364258,73.38999938964844,148.25,0.002902757619738752,7.1486643352641e-05,2,1
126,127,GLY,G,other,0,0,normal,58.55000305175781,71.60000610351562,151.63999938964844,0.002902757619738752,0.001438721436527492,2,1
127,128,LYS,K,other,0,0,normal,59.42000579833984,73.57000732421875,154.9300079345703,0.001451378809869376,0.0,1,1
128,129,MET,M,other,0,0,normal,60.92000579833984,70.58000183105469,156.70001220703125,0.001451378809869376,0.0,1,1
129,130,ALA,A,other,0,0,normal,62.83000564575195,69.61000061035156,153.5900115966797,0.0043541364296081275,0.00292956915104787,3,1
130,131,GLY,G,other,0,0,normal,65.91000366210938,71.99000549316406,154.0500030517578,0.002902757619738752,0.002910727597815385,2,1
131,132,GLN,Q,other,0,0,normal,68.45000457763672,69.22000122070312,154.36001586914062,0.0043541364296081275,0.005100921456779289,3,1
132,133,PHE,F,other,0,0,normal,66.76000213623047,66.90000915527344,151.8000030517578,0.005805515239477504,0.0024934963721155324,4,1
133,134,PHE,F,other,0,0,normal,67.04000854492188,69.69000244140625,149.260009765625,0.0043541364296081275,0.010474100856120626,3,1
134,135,SER,S,other,0,0,normal,70.72000122070312,70.36000061035156,150.010009765625,0.002902757619738752,6.056452688747554e-05,2,1
135,136,ASN,N,other,0,0,normal,71.16000366210938,66.69000244140625,149.04000854492188,0.002902757619738752,0.0016878548316340526,2,1
136,137,SER,S,other,0,0,normal,71.1500015258789,65.60000610351562,145.33999633789062,0.001451378809869376,0.0,1,1
137,138,SER,S,other,0,0,normal,68.8800048828125,62.52000427246094,145.8000030517578,0.002902757619738752,0.0015871095650085991,2,1
138,139,ILE,I,other,0,0,normal,67.86000061035156,61.20000457763672,142.16000366210938,0.0,0.0,0,1
139,140,MET,M,other,0,0,normal,70.02999877929688,63.8800048828125,140.54000854492188,0.0043541364296081275,0.0023572387834768505,3,1
140,141,SER,S,other,0,0,normal,72.99000549316406,62.05000305175781,141.86001586914062,0.001451378809869376,0.0,1,1
141,142,ASN,N,other,0,0,normal,73.24000549316406,60.2300033569336,138.48001098632812,0.002902757619738752,5.674722381611367e-05,2,1
142,143,PRO,P,other,0,0,normal,74.82000732421875,62.80000305175781,135.94000244140625,0.0043541364296081275,1.0336854895872008e-05,3,1
143,144,LEU,L,other,0,0,normal,73.74000549316406,60.76000213623047,132.91000366210938,0.002902757619738752,1.033685489587201e-05,2,1
144,145,LEU,L,other,0,0,normal,70.02999877929688,61.00000381469727,134.19000244140625,0.005805515239477504,0.0016938981013136342,4,1
145,146,GLY,G,other,0,0,normal,70.67000579833984,64.67000579833984,134.8000030517578,0.010159651669085631,0.005471436949439261,7,1
146,147,LEU,L,other,0,0,normal,71.81999969482422,65.06000518798828,131.17001342773438,0.010159651669085631,0.0013949818918681967,7,1
147,148,VAL,V,other,0,0,normal,68.7300033569336,63.29000473022461,129.95001220703125,0.005805515239477504,0.0048002218411286445,4,1
148,149,ILE,I,other,0,0,normal,66.16999816894531,65.1300048828125,132.16000366210938,0.005805515239477504,0.005013409264958234,4,1
149,150,GLY,G,other,0,0,normal,67.86000061035156,68.52999877929688,130.8800048828125,0.010159651669085631,0.005165066894707472,7,1
150,151,VAL,V,other,0,0,normal,67.29000091552734,67.3800048828125,127.18000793457033,0.008708272859216255,0.01853333308075868,6,1
151,152,LEU,L,other,0,0,normal,63.69000244140625,66.5300064086914,127.86000061035156,0.005805515239477504,0.011710489896477638,4,1
152,153,VAL,V,other,0,0,normal,63.24000549316406,69.66000366210938,129.91000366210938,0.0043541364296081275,0.00016801491132337995,3,1
153,154,THR,T,other,0,0,normal,64.6300048828125,71.71000671386719,126.8800048828125,0.008708272859216255,0.039825931953109774,6,1
154,155,VAL,V,other,0,0,normal,62.37000274658203,69.83000183105469,124.34001159667967,0.0043541364296081275,0.001442237373566904,3,1
155,156,LEU,L,other,0,0,normal,59.29000473022461,70.88999938964844,126.4600067138672,0.002902757619738752,0.0012791481226101674,2,1
156,157,VAL,V,other,0,0,normal,60.01000213623047,74.68000793457031,126.57000732421876,0.001451378809869376,0.0,1,1
157,158,GLN,Q,other,0,0,normal,61.80000305175781,74.79000854492188,123.12000274658205,0.001451378809869376,0.0,1,1
158,159,SER,S,other,0,0,normal,64.6300048828125,77.16000366210938,124.08000946044922,0.001451378809869376,0.0,1,1
159,160,SER,S,other,0,0,normal,68.06999969482422,77.24000549316406,125.77000427246094,0.002902757619738752,0.003075795813416886,2,1
160,161,SER,S,other,0,0,normal,67.4800033569336,80.4000015258789,127.760009765625,0.005805515239477504,0.07216887296658582,4,1
161,162,THR,T,other,0,0,normal,63.910003662109375,79.31000518798828,128.91000366210938,0.001451378809869376,0.0,1,1
162,163,SER,S,other,0,0,normal,65.44999694824219,75.80000305175781,129.90000915527344,0.00725689404934688,0.0563862601851946,5,1
163,164,THR,T,other,0,0,normal,68.31000518798828,77.41000366210938,131.9199981689453,0.0043541364296081275,0.02638882766725495,3,1
164,165,SER,S,other,0,0,normal,65.97000122070312,80.02999877929688,133.4600067138672,0.005805515239477504,0.0026417238002703495,4,1
165,166,ILE,I,other,0,0,normal,64.05999755859375,77.10000610351562,135.1400146484375,0.005805515239477504,0.03535025353794623,4,1
166,167,VAL,V,other,0,0,normal,67.43000793457031,75.56000518798828,136.17001342773438,0.005805515239477504,0.01863203886636163,4,1
167,168,VAL,V,other,0,0,normal,68.80000305175781,78.75000762939453,137.75,0.005805515239477504,0.0014769520145410803,4,1
168,169,SER,S,other,0,0,normal,65.30000305175781,79.45000457763672,139.55999755859375,0.00725689404934688,0.05955736232177021,5,1
169,170,MET,M,other,0,0,normal,65.4000015258789,76.0,141.07000732421875,0.008708272859216255,0.018497409995186394,6,1
170,171,VAL,V,other,0,0,normal,68.93000030517578,77.06000518798828,142.54000854492188,0.005805515239477504,0.0009699900456990976,4,1
171,172,SER,S,other,0,0,normal,67.69000244140625,80.56999969482422,143.87001037597656,0.00725689404934688,0.026163613214686576,5,1
172,173,SER,S,other,0,0,normal,64.56999969482422,79.00000762939453,145.57000732421875,0.002902757619738752,0.004309992622819554,2,1
173,174,SER,S,other,0,0,normal,67.09000396728516,76.35000610351562,147.05999755859375,0.002902757619738752,0.00019994373503208344,2,1
174,175,LEU,L,other,0,0,normal,65.36000061035156,73.11000061035156,145.70001220703125,0.002902757619738752,0.011719081604858513,2,1
175,176,LEU,L,other,0,0,normal,68.42000579833984,72.0,143.77000427246094,0.002902757619738752,2.967450861263937e-05,2,1
176,177,THR,T,other,0,0,normal,72.20999908447266,72.13999938964844,144.3900146484375,0.002902757619738752,4.219124447294697e-06,2,1
177,178,VAL,V,other,0,0,normal,74.77000427246094,74.05999755859375,142.2100067138672,0.002902757619738752,0.0014302831876329023,2,1
178,179,ARG,R,other,0,0,normal,76.52000427246094,70.56999969482422,141.77999877929688,0.002902757619738752,0.0014302831876329023,2,1
179,180,ALA,A,other,0,0,normal,73.24000549316406,68.62000274658203,140.82000732421875,0.002902757619738752,4.219124447294697e-06,2,1
180,181,ALA,A,other,0,0,normal,72.33000183105469,71.49000549316406,138.510009765625,0.0043541364296081275,0.005708475377189726,3,1
181,182,ILE,I,other,0,0,normal,75.5,71.16000366210938,136.41000366210938,0.002902757619738752,1.2657373341884091e-05,2,1
182,183,PRO,P,other,0,0,normal,74.4800033569336,67.75,134.67001342773438,0.00725689404934688,0.00019277380510377443,5,1
183,184,ILE,I,other,0,0,normal,71.18000793457031,69.45000457763672,133.67001342773438,0.010159651669085631,0.008015784782595929,7,1
184,185,ILE,I,other,0,0,normal,73.20000457763672,72.43000793457031,132.29000854492188,0.005805515239477504,0.0010998494359849788,4,1
185,186,MET,M,other,0,0,normal,75.00000762939453,69.93000793457031,129.94000244140625,0.005805515239477504,0.000478728184241734,4,1
186,187,GLY,G,other,0,0,normal,71.58000183105469,68.62000274658203,129.08999633789062,0.010159651669085631,0.006264320939596094,7,1
187,188,ALA,A,other,0,0,normal,70.24000549316406,72.01000213623047,128.3400115966797,0.008708272859216255,0.0035584601728870136,6,1
188,189,ASN,N,other,0,0,normal,73.05000305175781,72.6500015258789,125.69000244140624,0.0043541364296081275,0.0007341817451683444,3,1
189,190,ILE,I,other,0,0,normal,72.43000793457031,69.16000366210938,124.15000915527344,0.002902757619738752,1.0547811118236744e-06,2,1
190,191,GLY,G,other,0,0,normal,68.74000549316406,70.21000671386719,123.8600082397461,0.0043541364296081275,0.002356858359881358,3,1
191,192,THR,T,other,0,0,normal,69.63999938964844,73.74000549316406,122.4600067138672,0.002902757619738752,0.0018620943474118214,2,1
192,193,SER,S,other,0,0,normal,69.38999938964844,72.97000122070312,118.65000915527344,0.0,0.0,0,1
193,194,ILE,I,other,0,0,normal,65.80000305175781,71.51000213623047,119.14000701904295,0.0,0.0,0,1
194,195,THR,T,other,0,0,normal,64.05000305175781,74.07000732421875,116.8600082397461,0.001451378809869376,0.0,1,1
195,196,ASN,N,other,0,0,normal,66.92000579833984,74.0300064086914,114.2800064086914,0.005805515239477504,0.02386179137586006,4,1
196,197,THR,T,other,0,0,normal,66.22000122070312,71.1500015258789,112.04000854492188,0.002902757619738752,2.1095622236473487e-06,2,1
197,198,ILE,I,other,0,0,normal,62.470001220703125,71.45000457763672,112.3100128173828,0.005805515239477504,0.004963799912242211,4,1
198,199,VAL,V,other,0,0,normal,62.53000259399414,75.21000671386719,111.08000946044922,0.005805515239477504,0.004943407477413619,4,1
199,200,ALA,A,other,0,0,normal,64.77999877929688,74.22000122070312,108.23001098632812,0.005805515239477504,0.0005027789966359559,4,1
200,201,LEU,L,other,0,0,normal,62.37000274658203,71.44000244140625,107.1500015258789,0.005805515239477504,0.0019077474375851036,4,1
201,202,MET,M,other,0,0,normal,59.25,73.76000213623047,107.760009765625,0.0043541364296081275,0.00048098018699159993,3,1
202,203,GLN,Q,other,0,0,normal,60.560001373291016,76.39000701904297,105.33000946044922,0.002902757619738752,2.1095622236473487e-06,2,1
203,204,VAL,V,other,0,0,normal,61.12000274658203,73.89000701904297,102.56000518798828,0.002902757619738752,2.1095622236473487e-06,2,1
204,205,GLY,G,other,0,0,normal,63.34000015258789,76.09000396728516,99.9800033569336,0.0,0.0,0,1
205,206,ASP,D,other,0,0,normal,64.8600082397461,74.55000305175781,96.87000274658205,0.002902757619738752,5.854035170621393e-05,2,1
206,207,ARG,R,other,0,0,normal,66.51000213623047,71.21000671386719,97.66000366210938,0.001451378809869376,0.0,1,1
207,208,SER,S,other,0,0,normal,70.1500015258789,72.58000183105469,97.69000244140624,0.005805515239477504,0.003498741929519395,4,1
208,209,GLU,E,other,0,0,normal,69.18000030517578,75.35000610351562,100.1100082397461,0.002902757619738752,0.0008502963913815746,2,1
209,210,PHE,F,other,0,0,normal,67.60000610351562,72.77000427246094,102.2800064086914,0.005805515239477504,0.003868975767514978,4,1
210,211,ARG,R,other,0,0,normal,70.95000457763672,70.74000549316406,102.52999877929688,0.0043541364296081275,0.0025756706047310144,3,1
211,212,ARG,R,other,0,0,normal,72.83000183105469,74.04000091552734,103.52000427246094,0.0043541364296081275,0.001335517072000141,3,1
212,213,ALA,A,other,0,0,normal,70.22000122070312,75.04000091552734,106.13999938964844,0.008708272859216255,0.02107558729795713,6,1
213,214,PHE,F,other,0,0,normal,70.32000732421875,71.5300064086914,107.49000549316406,0.0043541364296081275,0.0006674371705925272,3,1
214,215,ALA,A,other,0,0,normal,74.18000030517578,71.88999938964844,107.58000183105467,0.00725689404934688,0.01568916042024688,5,1
215,216,GLY,G,other,0,0,normal,73.4800033569336,75.07000732421875,109.44000244140624,0.0043541364296081275,0.004251306163379883,3,1
216,217,ALA,A,other,0,0,normal,71.33000183105469,73.11000061035156,112.01000213623048,0.005805515239477504,0.012976480350324197,4,1
217,218,THR,T,other,0,0,normal,73.91999816894531,70.36000061035156,112.16000366210938,0.005805515239477504,0.0024668089736825144,4,1
218,219,VAL,V,other,0,0,normal,77.26000213623047,72.45000457763672,112.74000549316406,0.00725689404934688,0.005132356847716592,5,1
219,220,HSD,H,other,0,0,normal,75.5,73.94000244140625,115.86000061035156,0.0043541364296081275,0.004310826064302164,3,1
220,221,ASP,D,other,0,0,normal,74.41000366210938,70.46000671386719,117.1300048828125,0.005805515239477504,0.0044051396048384334,4,1
221,222,PHE,F,other,0,0,normal,77.89000701904297,68.91000366210938,116.87000274658205,0.0043541364296081275,0.004683109418196994,3,1
222,223,PHE,F,other,0,0,normal,79.41000366210938,71.88999938964844,118.5,0.005805515239477504,0.003744500177138547,4,1
223,224,ASN,N,other,0,0,normal,77.12000274658203,71.41000366210938,121.57000732421876,0.002902757619738752,0.004762334446278816,2,1
224,225,TRP,W,other,0,0,normal,77.79000091552734,67.62000274658203,121.34001159667967,0.0043541364296081275,0.015981031202408423,3,1
225,226,LEU,L,other,0,0,normal,81.66000366210938,67.83000183105469,121.39000701904295,0.0043541364296081275,0.00317754358916137,3,1
226,227,SER,S,other,0,0,normal,81.7300033569336,70.5300064086914,124.10000610351562,0.0043541364296081275,0.02094650005267726,3,1
227,228,VAL,V,other,0,0,normal,79.84000396728516,67.97000122070312,126.30001068115234,0.005805515239477504,0.012748165870184732,4,1
228,229,LEU,L,other,0,0,normal,81.74000549316406,64.8600082397461,124.94000244140624,0.001451378809869376,0.0,1,1
229,230,VAL,V,other,0,0,normal,85.16000366210938,66.16000366210938,126.2100067138672,0.0,0.0,0,1
230,231,LEU,L,other,0,0,normal,84.07000732421875,67.96000671386719,129.4300079345703,0.002902757619738752,0.0021201100347655855,2,1
231,232,LEU,L,other,0,0,normal,81.51000213623047,65.49000549316406,130.72000122070312,0.0043541364296081275,0.006385644850980524,3,1
232,233,PRO,P,other,0,0,normal,84.1500015258789,62.720001220703125,131.37001037597656,0.002902757619738752,8.438248894589395e-06,2,1
233,234,VAL,V,ECD,0,0,normal,86.21000671386719,65.4000015258789,133.3300018310547,0.005805515239477504,0.0028711141863840416,4,1
234,235,GLU,E,ECD,0,0,normal,83.1300048828125,66.35000610351562,135.48001098632812,0.0043541364296081275,0.00285634725081851,3,1
235,236,VAL,V,ECD,0,0,normal,82.47000885009766,62.6300048828125,136.12001037597656,0.002902757619738752,1.2657373341884091e-05,2,1
236,237,ALA,A,ECD,0,0,normal,86.20001220703125,61.75,136.82000732421875,0.001451378809869376,0.0,1,1
237,238,THR,T,ECD,0,0,normal,87.76000213623047,64.74000549316406,138.58999633789062,0.0,0.0,0,1
238,239,HSD,H,ECD,0,0,normal,85.37001037597656,67.80000305175781,138.29000854492188,0.001451378809869376,0.0,1,1
239,240,TYR,Y,ECD,0,0,normal,85.96000671386719,71.16000366210938,136.6800079345703,0.001451378809869376,0.0,1,1
240,241,LEU,L,ECD,0,0,normal,83.4000015258789,74.0300064086914,136.62001037597656,0.002902757619738752,0.015361832112599992,2,1
241,242,GLU,E,ECD,0,0,normal,82.92000579833984,74.56000518798828,140.40000915527344,0.001451378809869376,0.0,1,1
242,243,ILE,I,ECD,0,0,normal,86.75,75.16000366210938,141.0800018310547,0.0043541364296081275,0.014045465285044047,3,1
243,244,ILE,I,ECD,0,0,normal,87.4800033569336,78.18000030517578,138.760009765625,0.0,0.0,0,1
244,245,THR,T,ECD,0,0,normal,84.01000213623047,79.80000305175781,139.35000610351562,0.002902757619738752,0.001438721436527492,2,1
245,246,GLN,Q,ECD,0,0,normal,84.38999938964844,79.72000885009766,143.27000427246094,0.0043541364296081275,0.011279829209842374,3,1
246,247,LEU,L,ECD,0,0,normal,87.20000457763672,82.260009765625,143.1300048828125,0.001451378809869376,0.0,1,1
247,248,ILE,I,ECD,0,0,normal,85.09001159667969,84.30000305175781,140.69000244140625,0.0043541364296081275,0.005695818003847841,3,1
248,249,VAL,V,ECD,0,0,normal,82.07000732421875,84.6300048828125,143.0900115966797,0.002902757619738752,0.0028268133796874474,2,1
249,250,GLU,E,ECD,0,0,normal,84.21000671386719,84.96000671386719,146.260009765625,0.002902757619738752,0.001438721436527492,2,1
250,251,SER,S,ECD,0,0,normal,86.18000030517578,87.94999694824219,144.6800079345703,0.0043541364296081275,0.004297178249569649,3,1
251,252,PHE,F,ECD,0,0,normal,82.9800033569336,90.0,143.8800048828125,0.0,0.0,0,1
252,253,HSD,H,ECD,0,0,normal,82.54000854492188,90.4000015258789,147.83001708984375,0.002902757619738752,0.002869004624160394,2,1
253,254,PHE,F,ECD,0,0,normal,78.6300048828125,90.35000610351562,148.10000610351562,0.0,0.0,0,1
254,255,LYS,K,ECD,0,0,normal,77.29000854492188,91.4000015258789,151.510009765625,0.001451378809869376,0.0,1,1
255,256,ASN,N,ECD,0,0,normal,75.81000518798828,88.74000549316406,153.80001831054688,0.001451378809869376,0.0,1,1
256,257,GLY,G,ECD,0,0,normal,72.02000427246094,87.7800064086914,153.35000610351562,0.002902757619738752,0.001438721436527492,2,1
257,258,GLU,E,ECD,0,0,normal,69.56999969482422,90.54000854492188,152.83999633789062,0.001451378809869376,0.0,1,1
258,259,ASP,D,ECD,0,0,normal,72.2300033569336,93.20999908447266,153.02999877929688,0.0,0.0,0,1
259,260,ALA,A,ECD,0,0,normal,73.4000015258789,92.02999877929688,149.510009765625,0.005805515239477504,0.0043035069362405915,4,1
260,261,PRO,P,ECD,0,0,normal,73.55000305175781,94.57000732421876,146.5600128173828,0.0,0.0,0,1
261,262,ASP,D,ECD,0,0,normal,70.07000732421875,95.33000183105467,145.16000366210938,0.0,0.0,0,1
262,263,LEU,L,ECD,0,0,normal,71.06000518798828,94.760009765625,141.4199981689453,0.0,0.0,0,1
263,264,LEU,L,ECD,0,0,normal,68.19000244140625,92.84000396728516,139.7200164794922,0.0043541364296081275,0.025112546106438073,3,1
264,265,LYS,K,ECD,0,0,normal,65.77000427246094,92.29000091552734,142.54000854492188,0.0043541364296081275,0.02851492911813294,3,1
265,266,VAL,V,ECD,0,0,normal,64.81000518798828,96.10000610351562,142.85000610351562,0.002902757619738752,0.023310662571303202,2,1
266,267,ILE,I,ECD,0,0,normal,63.92000198364258,96.18000030517578,139.13999938964844,0.002902757619738752,0.002970904010162936,2,1
267,268,THR,T,ECD,0,0,normal,61.07000350952149,93.5600128173828,139.6400146484375,0.002902757619738752,0.027519692631446806,2,1
268,269,LYS,K,ECD,0,0,normal,59.76000213623047,95.30999755859376,142.760009765625,0.002902757619738752,0.022006953117089143,2,1
269,270,PRO,P,ECD,0,0,normal,56.7300033569336,97.41000366210938,141.7100067138672,0.0,0.0,0,1
270,271,PHE,F,ECD,0,0,normal,55.08000183105469,94.62001037597656,139.7200164794922,0.0,0.0,0,1
271,272,THR,T,ECD,0,0,normal,55.8800048828125,91.67000579833984,142.0,0.0043541364296081275,0.0208466938940831,3,1
272,273,LYS,K,ECD,0,0,normal,54.52999877929688,93.3800048828125,145.1400146484375,0.002902757619738752,0.001438721436527492,2,1
273,274,LEU,L,ECD,0,0,normal,51.02000427246094,93.1300048828125,143.80999755859375,0.002902757619738752,0.015361832112599992,2,1
274,275,ILE,I,ECD,0,0,normal,51.400001525878906,89.35000610351562,143.30999755859375,0.002902757619738752,0.002869004624160394,2,1
275,276,VAL,V,ECD,0,0,normal,52.880001068115234,87.7800064086914,146.40000915527344,0.001451378809869376,0.0,1,1
276,277,GLN,Q,ECD,0,0,normal,55.12000274658203,88.46000671386719,149.44000244140625,0.001451378809869376,0.0,1,1
277,278,LEU,L,ECD,0,0,normal,56.900001525878906,85.70000457763672,151.40000915527344,0.002902757619738752,8.438248894589395e-06,2,1
278,279,ASP,D,ECD,0,0,normal,57.50000381469727,85.69000244140625,155.23001098632812,0.001451378809869376,0.0,1,1
279,280,LYS,K,ECD,0,0,normal,61.25000381469727,85.47000122070312,156.010009765625,0.002902757619738752,2.1095622236473487e-06,2,1
280,281,LYS,K,ECD,0,0,normal,60.54000473022461,84.49000549316406,159.5900115966797,0.002902757619738752,2.1095622236473487e-06,2,1
281,282,VAL,V,ECD,0,0,normal,59.31999969482422,81.08000946044922,158.23001098632812,0.0043541364296081275,1.9689247420708586e-05,3,1
282,283,ILE,I,ECD,0,0,normal,62.4900016784668,80.83000183105469,155.90000915527344,0.005805515239477504,4.922311855177146e-05,4,1
283,284,SER,S,ECD,0,0,normal,64.59000396728516,80.98999786376953,159.19000244140625,0.005805515239477504,2.6017934091650635e-05,4,1
284,285,GLN,Q,ECD,0,0,normal,62.6300048828125,77.97000122070312,160.58999633789062,0.00725689404934688,8.438248894589395e-05,5,1
285,286,ILE,I,ECD,0,0,normal,63.17000579833984,75.88999938964844,157.3000030517578,0.0043541364296081275,1.687649778917879e-05,3,1
286,287,ALA,A,ECD,0,0,normal,67.01000213623047,76.60000610351562,157.36001586914062,0.0043541364296081275,2.5314746683768183e-05,3,1
287,288,MET,M,ECD,0,0,normal,67.87000274658203,75.39000701904297,160.89999389648438,0.001451378809869376,0.0,1,1
288,289,ASN,N,ECD,0,0,normal,65.41000366210938,72.58000183105469,160.48001098632812,0.002902757619738752,2.1095622236473487e-06,2,1
289,290,ASP,D,ECD,0,0,normal,62.75,73.62000274658203,163.07000732421875,0.001451378809869376,0.0,1,1
290,291,GLU,E,ECD,0,0,normal,59.600006103515625,71.44000244140625,163.25,0.001451378809869376,0.0,1,1
291,292,LYS,K,ECD,0,0,normal,57.28000259399414,74.25,164.1400146484375,0.001451378809869376,0.0,1,1
292,293,ALA,A,ECD,0,0,normal,56.910003662109375,76.12000274658203,160.8800048828125,0.0043541364296081275,1.2657373341884091e-05,3,1
293,294,LYS,K,ECD,0,0,normal,54.280006408691406,73.35000610351562,160.10000610351562,0.002902757619738752,4.219124447294697e-06,2,1
294,295,ASN,N,ECD,1,0,normal,51.21000289916992,75.55000305175781,160.8300018310547,0.001451378809869376,0.0,1,1
295,296,LYS,K,ECD,0,0,normal,52.87000274658203,78.91000366210938,159.45001220703125,0.001451378809869376,0.0,1,1
296,297,SER,S,ECD,0,0,normal,51.62000274658203,80.1100082397461,156.0500030517578,0.0,0.0,0,1
297,298,LEU,L,ECD,0,0,normal,54.59000015258789,81.37000274658203,154.02000427246094,0.001451378809869376,0.0,1,1
298,299,VAL,V,ECD,0,0,normal,52.55000305175781,84.10000610351562,152.29000854492188,0.001451378809869376,0.0,1,1
299,300,LYS,K,ECD,0,0,normal,52.7400016784668,87.21000671386719,154.3900146484375,0.002902757619738752,8.438248894589395e-06,2,1
300,301,ILE,I,ECD,0,0,normal,49.280006408691406,88.8600082397461,154.6999969482422,0.002902757619738752,0.011273500523171432,2,1
301,302,TRP,W,ECD,0,0,normal,50.51000213623047,92.00000762939452,156.6300048828125,0.001451378809869376,0.0,1,1
302,303,CYS,C,ECD,0,0,normal,52.83000564575195,94.82000732421876,155.3100128173828,0.0043541364296081275,0.008539507881324468,3,1
303,304,LYS,K,ECD,0,0,normal,54.060001373291016,95.58999633789062,158.73001098632812,0.002902757619738752,0.002869004624160394,2,1
304,305,THR,T,ECD,0,0,normal,52.97000503540039,94.44000244140624,162.22000122070312,0.001451378809869376,0.0,1,1
305,306,PHE,F,ECD,0,0,normal,53.85000228881836,96.29000854492188,165.510009765625,0.001451378809869376,0.0,1,1
306,307,THR,T,ECD,0,0,normal,54.2300033569336,95.0500030517578,169.21002197265625,0.001451378809869376,0.0,1,1
307,308,ASN,N,ECD,1,0,normal,52.37000274658203,96.75,172.1400146484375,0.001451378809869376,0.0,1,1
308,309,LYS,K,ECD,0,0,normal,53.20000076293945,96.15000915527344,175.8000030517578,0.001451378809869376,0.0,1,1
309,310,THR,T,ECD,0,0,normal,51.61000061035156,96.760009765625,179.260009765625,0.001451378809869376,0.0,1,1
310,311,GLN,Q,epitope,0,0,normal,51.660003662109375,95.6300048828125,182.83001708984372,0.001451378809869376,0.0,1,1
311,312,ILE,I,epitope,0,0,normal,48.62000274658203,94.260009765625,184.5600128173828,0.002902757619738752,8.438248894589395e-06,2,1
312,313,ASN,N,epitope,0,0,normal,47.75,93.04000854492188,188.0600128173828,0.001451378809869376,0.0,1,1
313,314,VAL,V,epitope,0,0,normal,46.79000473022461,89.260009765625,188.62001037597656,0.001451378809869376,0.0,1,1
314,315,THR,T,epitope,0,0,normal,45.59000015258789,87.6300048828125,191.8800201416016,0.001451378809869376,0.0,1,1
315,316,VAL,V,epitope,0,0,normal,47.86000061035156,84.82000732421875,193.3700256347656,0.002902757619738752,2.5314746683768183e-05,2,1
316,317,PRO,P,epitope,0,0,normal,46.46000289916992,81.3800048828125,194.72000122070312,0.0,0.0,0,1
317,318,SER,S,epitope,0,0,normal,49.19000244140625,80.36000061035156,197.2400054931641,0.002902757619738752,4.219124447294697e-06,2,1
318,319,THR,T,epitope,0,0,normal,52.12000274658203,82.7800064086914,198.0600128173828,0.002902757619738752,3.375299557835758e-05,2,1
319,320,ALA,A,epitope,0,0,normal,54.44000244140625,79.66000366210938,198.45001220703125,0.002902757619738752,3.375299557835758e-05,2,1
320,321,ASN,N,epitope,0,0,normal,53.87000274658203,78.60000610351562,194.79000854492188,0.002902757619738752,4.219124447294697e-06,2,1
321,322,CYS,C,epitope,0,0,normal,54.380001068115234,82.14000701904297,193.48001098632807,0.0043541364296081275,0.00012235460897154623,3,1
322,323,THR,T,epitope,0,0,normal,57.70000457763672,82.58000183105469,191.510009765625,0.0,0.0,0,1
323,324,SER,S,epitope,0,0,normal,58.68000411987305,85.69000244140625,193.3700256347656,0.002902757619738752,0.00012657373341884093,2,1
324,325,PRO,P,epitope,0,0,normal,56.93000411987305,86.11000061035156,196.8500061035156,0.002902757619738752,4.2191244472946976e-05,2,1
325,326,SER,S,epitope,0,0,normal,58.6300048828125,89.52999877929688,197.20001220703125,0.002902757619738752,0.00012657373341884093,2,1
326,327,LEU,L,epitope,0,0,normal,56.62000274658203,90.77999877929688,194.1700134277344,0.001451378809869376,0.0,1,1
327,328,CYS,C,epitope,0,0,normal,53.51000213623047,89.14000701904297,195.9200134277344,0.0043541364296081275,0.00013501198231343032,3,1
328,329,TRP,W,epitope,0,0,normal,51.53000259399414,91.57000732421876,198.0500030517578,0.001451378809869376,0.0,1,1
329,330,THR,T,epitope,0,0,normal,48.209999084472656,91.27999877929688,199.83001708984372,0.001451378809869376,0.0,1,1
330,331,ASP,D,epitope,0,0,normal,45.36000061035156,93.81000518798828,199.6200256347656,0.0,0.0,0,1
331,332,GLY,G,epitope,0,0,normal,41.79000473022461,93.5300064086914,200.8700256347656,0.0,0.0,0,1
332,333,ILE,I,epitope,0,0,normal,41.2400016784668,89.79000091552734,201.29000854492188,0.0,0.0,0,1
333,334,GLN,Q,epitope,0,0,normal,43.130001068115234,88.81999969482422,198.1199951171875,0.0,0.0,0,1
334,335,ASN,N,epitope,0,0,normal,46.95000076293945,88.41999816894531,197.05001831054688,0.002902757619738752,1.687649778917879e-05,2,1
335,336,TRP,W,epitope,0,0,normal,48.2300033569336,90.32000732421876,194.07000732421875,0.0043541364296081275,2.953387113106288e-05,3,1
336,337,THR,T,epitope,0,0,normal,51.32000350952149,90.35000610351562,191.8699951171875,0.002902757619738752,4.2191244472946976e-05,2,1
337,338,MET,M,epitope,0,0,normal,52.09999847412109,92.19001007080078,188.77999877929688,0.002902757619738752,8.438248894589395e-06,2,1
338,339,LYS,K,epitope,0,0,normal,52.9900016784668,90.65000915527344,185.46002197265625,0.001451378809869376,0.0,1,1
339,340,ASN,N,epitope,0,0,normal,54.59000015258789,91.68000030517578,182.0600128173828,0.001451378809869376,0.0,1,1
340,341,VAL,V,epitope,0,0,normal,52.6300048828125,91.52000427246094,178.77999877929688,0.001451378809869376,0.0,1,1
341,342,THR,T,ECD,0,0,normal,53.51000213623047,92.20000457763672,175.08001708984375,0.001451378809869376,0.0,1,1
342,343,TYR,Y,ECD,0,0,normal,51.2300033569336,91.5500030517578,172.07000732421875,0.001451378809869376,0.0,1,1
343,344,LYS,K,ECD,0,0,normal,51.32000350952149,92.06000518798828,168.2100067138672,0.001451378809869376,0.0,1,1
344,345,GLU,E,ECD,0,0,normal,49.06999969482422,94.88999938964844,166.92001342773438,0.001451378809869376,0.0,1,1
345,346,ASN,N,ECD,0,0,normal,48.209999084472656,94.7800064086914,163.19000244140625,0.002902757619738752,0.001438721436527492,2,1
346,347,ILE,I,ECD,0,0,normal,48.68000030517578,97.84000396728516,161.0,0.0,0.0,0,1
347,348,ALA,A,ECD,0,0,normal,48.06999969482422,97.22000122070312,157.32000732421875,0.002902757619738752,0.004290849562898707,2,1
348,349,LYS,K,ECD,0,0,normal,47.68000030517578,94.3000030517578,154.91000366210938,0.002902757619738752,0.001438721436527492,2,1
349,350,CYS,C,ECD,0,0,normal,49.650001525878906,93.43000793457033,151.77000427246094,0.002902757619738752,0.009893846828906065,2,1
350,351,GLN,Q,ECD,0,0,normal,48.04000473022461,94.93000030517578,148.69000244140625,0.0,0.0,0,1
351,352,HSD,H,ECD,0,0,normal,48.04000473022461,91.8600082397461,146.510009765625,0.002902757619738752,0.014007493165018396,2,1
352,353,ILE,I,ECD,0,0,normal,45.67000579833984,89.42000579833984,144.77000427246094,0.0,0.0,0,1
353,354,PHE,F,ECD,0,0,normal,45.8800048828125,86.5300064086914,147.27000427246094,0.001451378809869376,0.0,1,1
354,355,VAL,V,ECD,0,0,normal,44.9900016784668,88.59000396728516,150.37001037597656,0.002902757619738752,0.012644715968542207,2,1
355,356,ASN,N,ECD,0,0,normal,41.290000915527344,88.13999938964844,150.6300048828125,0.0,0.0,0,1
356,357,PHE,F,ECD,0,0,normal,41.2400016784668,84.3800048828125,149.40000915527344,0.001451378809869376,0.0,1,1
357,358,HSD,H,ECD,0,0,normal,41.77999877929688,81.25,151.40000915527344,0.0,0.0,0,1
358,359,LEU,L,ECD,0,0,normal,44.31999969482422,78.77999877929688,149.79000854492188,0.0,0.0,0,1
359,360,PRO,P,ECD,0,0,normal,47.16999816894531,76.39000701904297,150.94000244140625,0.002902757619738752,2.1095622236473487e-06,2,1
360,361,ASP,D,ECD,0,0,normal,50.81000518798828,77.56000518798828,150.32000732421875,0.0043541364296081275,0.0003089369069980033,3,1
361,362,LEU,L,other,0,0,normal,51.470001220703125,75.02000427246094,147.5800018310547,0.005805515239477504,0.001104851833876522,4,1
362,363,ALA,A,other,0,0,normal,48.33000183105469,76.04000854492188,145.65000915527344,0.005805515239477504,0.0006463762614221561,4,1
363,364,VAL,V,other,0,0,normal,49.380001068115234,79.74000549316406,145.79000854492188,0.005805515239477504,0.00016423562444623413,4,1
364,365,GLY,G,other,0,0,normal,52.81999969482422,78.74000549316406,144.5500030517578,0.010159651669085631,0.004675470193542801,7,1
365,366,THR,T,other,0,0,normal,51.46000289916992,76.26000213623047,141.97000122070312,0.005805515239477504,0.000737220829075651,4,1
366,367,ILE,I,other,0,0,normal,49.20000076293945,78.94000244140625,140.33001708984375,0.005805515239477504,0.002079949376782356,4,1
367,368,LEU,L,other,0,0,normal,52.22999954223633,81.35000610351562,140.07000732421875,0.005805515239477504,0.0021722553049006417,4,1
368,369,LEU,L,other,0,0,normal,54.20000076293945,78.41000366210938,138.69000244140625,0.00725689404934688,0.006985632625948795,5,1
369,370,ILE,I,other,0,0,normal,51.7400016784668,77.92000579833984,135.6699981689453,0.002902757619738752,0.0007504051222617125,2,1
370,371,LEU,L,other,0,0,normal,51.4900016784668,81.79000854492188,135.28001403808594,0.0043541364296081275,0.0016552836706629675,3,1
371,372,SER,S,other,0,0,normal,55.30000305175781,82.49000549316406,135.57000732421875,0.005805515239477504,0.0070465410744719684,4,1
372,373,LEU,L,other,0,0,normal,56.18000030517578,79.63999938964844,133.0500030517578,0.0043541364296081275,0.0009245035825308092,3,1
373,374,LEU,L,other,0,0,normal,53.43000411987305,81.12999725341797,130.6199951171875,0.0043541364296081275,0.0026139788605638948,3,1
374,375,VAL,V,other,0,0,normal,54.82000350952149,84.7300033569336,131.15000915527344,0.0043541364296081275,0.0030178500273358765,3,1
375,376,LEU,L,other,0,0,normal,58.45000457763672,83.57000732421875,130.61001586914062,0.005805515239477504,0.013136067140504719,4,1
376,377,CYS,C,other,0,0,normal,57.7300033569336,81.71000671386719,127.25,0.002902757619738752,0.0013689217959387261,2,1
377,378,GLY,G,other,0,0,normal,54.96000289916992,84.19999694824219,126.29000854492188,0.005805515239477504,0.005747677375941852,4,1
378,379,CYS,C,other,0,0,normal,57.24000549316406,87.3800048828125,126.5500030517578,0.005805515239477504,0.012944152642217596,4,1
379,380,LEU,L,other,0,0,normal,59.600006103515625,85.34000396728516,124.44000244140624,0.005805515239477504,0.0020559440959425244,4,1
380,381,ILE,I,other,0,0,normal,57.09000015258789,84.66999816894531,121.74000549316406,0.005805515239477504,0.006581469343456082,4,1
381,382,MET,M,other,0,0,normal,56.06000518798828,88.3499984741211,122.02000427246094,0.005805515239477504,0.0073710188449379235,4,1
382,383,ILE,I,other,0,0,normal,59.70000457763672,89.40000915527344,121.29000854492188,0.005805515239477504,0.0021082964926767258,4,1
383,384,VAL,V,other,0,0,normal,59.95000457763672,86.80000305175781,118.4800033569336,0.005805515239477504,0.0056975165099139155,4,1
384,385,LYS,K,other,0,0,normal,56.70000076293945,88.45000457763672,117.04000854492188,0.0043541364296081275,0.0035691529496396776,3,1
385,386,ILE,I,other,0,0,normal,58.12000274658203,92.06000518798828,117.24000549316406,0.005805515239477504,0.0021150205315533317,4,1
386,387,LEU,L,other,0,0,normal,61.400001525878906,91.0600128173828,115.35000610351562,0.0043541364296081275,0.002796266657869357,3,1
387,388,GLY,G,other,0,0,normal,60.1300048828125,88.47000122070312,112.75000762939452,0.005805515239477504,0.0022954426705893813,4,1
388,389,SER,S,other,0,0,normal,58.32000350952149,91.04000091552734,110.58000183105467,0.005805515239477504,0.0014957746186322865,4,1
389,390,VAL,V,other,0,0,normal,61.55000305175781,93.18000793457033,110.58000183105467,0.0043541364296081275,0.0011498447431025488,3,1
390,391,LEU,L,other,0,0,normal,63.69000244140625,90.01000213623047,109.75,0.0043541364296081275,0.00029801812972741625,3,1
391,392,LYS,K,other,0,0,normal,62.00000381469727,89.47000122070312,106.4000015258789,0.001451378809869376,0.0,1,1
392,393,GLY,G,other,0,0,normal,63.209999084472656,92.99000549316406,105.07000732421876,0.002902757619738752,2.1095622236473487e-06,2,1
393,394,GLN,Q,other,0,0,normal,66.51000213623047,93.91999816894533,103.19000244140624,0.0,0.0,0,1
394,395,VAL,V,other,0,0,normal,68.35000610351562,92.3000030517578,106.08000946044922,0.001451378809869376,0.0,1,1
395,396,ALA,A,other,0,0,normal,70.04000091552734,89.38999938964844,104.29000854492188,0.002902757619738752,2.5314746683768183e-05,2,1
396,397,THR,T,other,0,0,normal,72.0,91.77000427246094,101.83999633789062,0.002902757619738752,0.0028352516285820367,2,1
397,398,VAL,V,other,0,0,normal,73.4000015258789,93.74000549316406,104.94000244140624,0.005805515239477504,0.004290849562898707,4,1
398,399,ILE,I,other,0,0,normal,74.6300048828125,90.54000854492188,106.55999755859376,0.0043541364296081275,0.0014429405609747866,3,1
399,400,LYS,K,other,0,0,normal,76.18000793457031,89.21000671386719,103.36000061035156,0.0043541364296081275,0.00990650420224795,3,1
400,401,LYS,K,other,0,0,normal,78.17000579833984,92.49000549316406,102.90000915527344,0.001451378809869376,0.0,1,1
401,402,THR,T,other,0,0,normal,79.14000701904297,92.70000457763672,106.65000915527344,0.001451378809869376,0.0,1,1
402,403,ILE,I,other,0,0,normal,80.1100082397461,89.25,107.77000427246094,0.0,0.0,0,1
403,404,ASN,N,other,0,0,normal,82.2800064086914,88.15000915527344,104.8000030517578,0.0,0.0,0,1
404,405,THR,T,other,0,0,normal,84.94000244140625,90.93000793457033,105.04000854492188,0.0,0.0,0,1
405,406,ASP,D,other,0,0,normal,87.72000122070312,91.2300033569336,107.66000366210938,0.001451378809869376,0.0,1,1
406,407,PHE,F,other,0,0,normal,90.22000122070312,93.69000244140624,108.98001098632812,0.001451378809869376,0.0,1,1
407,408,PRO,P,other,0,0,normal,93.68000030517578,93.61000061035156,107.04000854492188,0.0,0.0,0,1
408,409,PHE,F,other,0,0,normal,96.79000854492188,91.64000701904295,108.27999877929688,0.002902757619738752,0.001438721436527492,2,1
409,410,PRO,P,other,0,0,normal,97.82000732421876,91.2300033569336,111.17000579833984,0.0,0.0,0,1
410,411,PHE,F,other,0,0,normal,94.31999969482422,91.91000366210938,112.47000885009766,0.001451378809869376,0.0,1,1
411,412,ALA,A,other,0,0,normal,92.43000030517578,89.51000213623047,110.30999755859376,0.005805515239477504,0.0057253518749789045,4,1
412,413,TRP,W,other,0,0,normal,91.64000701904295,87.32000732421875,113.26000213623048,0.0,0.0,0,1
413,414,LEU,L,other,0,0,normal,89.80000305175781,90.04000854492188,115.16999816894533,0.002902757619738752,0.007109224693691565,2,1
414,415,THR,T,other,0,0,normal,86.64000701904297,90.20000457763672,113.04000854492188,0.002902757619738752,1.476693556553144e-05,2,1
415,416,GLY,G,other,0,0,normal,86.13999938964844,86.57000732421875,114.11000061035156,0.002902757619738752,3.5159370394122474e-06,2,1
416,417,TYR,Y,other,0,0,normal,86.11000061035156,87.44000244140625,117.92000579833984,0.005805515239477504,0.008912143231761437,4,1
417,418,LEU,L,other,0,0,normal,84.19999694824219,90.65000915527344,117.14000701904295,0.005805515239477504,0.0017246953780104127,4,1
418,419,ALA,A,other,0,0,normal,81.50000762939453,88.58000946044922,115.260009765625,0.005805515239477504,0.000963626217412735,4,1
419,420,ILE,I,other,0,0,normal,81.2300033569336,86.41000366210938,118.4600067138672,0.008708272859216255,0.011417280640302273,6,1
420,421,LEU,L,other,0,0,normal,80.65000915527344,89.66000366210938,120.44000244140624,0.005805515239477504,0.0030378809799827835,4,1
421,422,VAL,V,other,0,0,normal,78.16000366210938,90.91999816894533,117.82000732421876,0.0043541364296081275,0.0010991102630598384,3,1
422,423,GLY,G,other,0,0,normal,76.32000732421875,87.62000274658203,118.06000518798828,0.010159651669085631,0.005034396292539765,7,1
423,424,ALA,A,other,0,0,normal,76.29000091552734,87.93000030517578,121.81999969482422,0.010159651669085631,0.006537561259817453,7,1
424,425,GLY,G,other,0,0,normal,75.18000030517578,91.6300048828125,121.52000427246094,0.005805515239477504,0.00018966638646322718,4,1
425,426,MET,M,other,0,0,normal,72.26000213623047,90.82000732421876,119.29000854492188,0.0043541364296081275,0.0001569078987903034,3,1
426,427,THR,T,other,0,0,normal,71.21000671386719,87.66999816894531,121.07000732421876,0.008708272859216255,0.0029290766692445856,6,1
427,428,PHE,F,other,0,0,normal,70.46000671386719,89.87000274658203,124.0500030517578,0.00725689404934688,0.0030902288844184035,5,1
428,429,ILE,I,other,0,0,normal,67.82000732421875,91.55999755859376,121.8600082397461,0.002902757619738752,5.062949336753637e-06,2,1
429,430,VAL,V,other,0,0,normal,65.84000396728516,88.30001068115234,121.34001159667967,0.002902757619738752,2.8127496315297983e-06,2,1
430,431,GLN,Q,other,0,0,normal,66.95999908447266,86.44000244140625,124.53001403808594,0.001451378809869376,0.0,1,1
431,432,SER,S,other,0,0,normal,67.6500015258789,82.96000671386719,123.15000915527344,0.0043541364296081275,0.04650029214273999,3,1
432,433,SER,S,other,0,0,normal,70.30999755859375,81.0,121.17000579833984,0.0043541364296081275,0.019498854924289613,3,1
433,434,SER,S,other,0,0,normal,67.72000122070312,78.4800033569336,120.06000518798828,0.0043541364296081275,0.006384941119793491,3,1
434,435,VAL,V,other,0,0,normal,65.7300033569336,81.30000305175781,118.42001342773438,0.0043541364296081275,0.046595023619847804,3,1
435,436,PHE,F,other,0,0,normal,69.02000427246094,82.89000701904297,117.10000610351562,0.0043541364296081275,0.011128237059367366,3,1
436,437,THR,T,other,0,0,normal,70.2800064086914,79.62000274658203,115.37001037597656,0.0043541364296081275,0.004678150183899886,3,1
437,438,SER,S,other,0,0,normal,66.69000244140625,78.97000122070312,114.0300064086914,0.00725689404934688,0.0536168844869163,5,1
438,439,ALA,A,other,0,0,normal,66.55999755859375,82.45001220703125,112.47000885009766,0.0043541364296081275,0.003988027746379933,3,1
439,440,LEU,L,other,0,0,normal,70.09000396728516,82.19001007080078,111.07000732421876,0.0043541364296081275,0.00870666808500538,3,1
440,441,THR,T,other,0,0,normal,69.59000396728516,78.69000244140625,109.68000793457033,0.00725689404934688,0.03037537622439042,5,1
441,442,PRO,P,other,0,0,normal,67.52999877929688,79.70999908447266,106.510009765625,0.002902757619738752,8.438248894589395e-06,2,1
442,443,LEU,L,other,0,0,normal,70.24000549316406,82.45001220703125,105.83000183105467,0.00725689404934688,0.016549642867241175,5,1
443,444,ILE,I,other,0,0,normal,72.7300033569336,79.49000549316406,105.87001037597656,0.005805515239477504,0.004551540802312502,4,1
444,445,GLY,G,other,0,0,normal,70.3800048828125,77.7300033569336,103.42001342773438,0.008708272859216255,0.005543697599055685,6,1
445,446,ILE,I,other,0,0,normal,69.8499984741211,80.66000366210938,101.13999938964844,0.001451378809869376,0.0,1,1
446,447,GLY,G,other,0,0,normal,73.55000305175781,81.41999816894531,101.0300064086914,0.005805515239477504,0.0016333281652922505,4,1
447,448,VAL,V,other,0,0,normal,73.62000274658203,84.83000946044922,102.87001037597656,0.002902757619738752,0.011273500523171432,2,1
448,449,ILE,I,other,0,0,normal,76.86000061035156,83.54000091552734,104.37000274658205,0.002902757619738752,0.0,2,1
449,450,THR,T,other,0,0,normal,78.67000579833984,80.25000762939453,104.07000732421876,0.002902757619738752,4.9223118551771466e-06,2,1
450,451,ILE,I,other,0,0,normal,78.81000518798828,77.68000793457031,106.83000183105467,0.001451378809869376,0.0,1,1
451,452,GLU,E,other,0,0,normal,82.29000091552734,78.80000305175781,108.17000579833984,0.0043541364296081275,0.0008042676387783397,3,1
452,453,ARG,R,other,0,0,normal,81.15000915527344,82.40000915527344,108.19000244140624,0.002902757619738752,0.0006428920466437411,2,1
453,454,ALA,A,other,0,0,normal,77.8800048828125,81.66000366210938,110.08000183105467,0.0043541364296081275,0.0018192530720456796,3,1
454,455,TYR,Y,other,0,0,normal,79.92000579833984,79.77000427246094,112.97000885009766,0.005805515239477504,0.003900473303670159,4,1
455,456,PRO,P,other,0,0,normal,81.04000091552734,82.87001037597656,115.0500030517578,0.0043541364296081275,4.9750509107683294e-05,3,1
456,457,LEU,L,other,0,0,normal,77.4800033569336,84.2800064086914,115.0500030517578,0.008708272859216255,0.0044488865375759915,6,1
457,458,THR,T,other,0,0,normal,76.44000244140625,80.80000305175781,116.1100082397461,0.005805515239477504,0.004815927514809038,4,1
458,459,LEU,L,other,0,0,normal,79.07000732421875,80.60000610351562,118.8800048828125,0.0043541364296081275,0.0009466794623061974,3,1
459,460,GLY,G,other,0,0,normal,78.37000274658203,84.17000579833984,120.27000427246094,0.010159651669085631,0.015701270660628444,7,1
460,461,SER,S,other,0,0,normal,74.67000579833984,83.57000732421875,120.67000579833984,0.011611030478955007,0.024759187186290946,8,1
461,462,ASN,N,other,0,0,normal,75.26000213623047,80.77999877929688,123.4600067138672,0.0043541364296081275,0.004996889835145187,3,1
462,463,ILE,I,other,0,0,normal,77.18000793457031,83.6300048828125,125.3000030517578,0.00725689404934688,0.023946357594222346,5,1
463,464,GLY,G,other,0,0,normal,74.07000732421875,85.87001037597656,124.77000427246094,0.010159651669085631,0.019493232147472554,7,1
464,465,THR,T,other,0,0,normal,71.8800048828125,83.02000427246094,126.09000396728516,0.00725689404934688,0.031079243530614337,5,1
465,466,THR,T,other,0,0,normal,74.1300048828125,82.63999938964844,129.1300048828125,0.00725689404934688,0.035576485025722665,5,1
466,467,THR,T,other,0,0,normal,73.86000061035156,86.3800048828125,129.7200164794922,0.005805515239477504,0.01594590246226757,4,1
467,468,THR,T,other,0,0,normal,70.06000518798828,85.58000183105469,130.29000854492188,0.005805515239477504,0.009011311280862456,4,1
468,469,ALA,A,other,0,0,normal,71.04000854492188,83.22999572753906,132.99000549316406,0.00725689404934688,0.024616004980570042,5,1
469,470,ILE,I,other,0,0,normal,72.8800048828125,86.09000396728516,134.77000427246094,0.00725689404934688,0.017361384828630273,5,1
470,471,LEU,L,other,0,0,normal,69.47000122070312,87.91000366210938,134.87001037597656,0.005805515239477504,0.0032475795110616405,4,1
471,472,ALA,A,other,0,0,normal,68.06000518798828,84.92000579833984,136.63999938964844,0.0043541364296081275,0.02761454256729727,3,1
472,473,ALA,A,other,0,0,normal,71.09000396728516,84.69001007080078,138.8400115966797,0.008708272859216255,0.021633018611585203,6,1
473,474,LEU,L,other,0,0,normal,71.16999816894531,88.26000213623047,140.19000244140625,0.002902757619738752,0.00029629063379392316,2,1
474,475,ALA,A,other,0,0,normal,67.41999816894531,88.66000366210938,140.5600128173828,0.005805515239477504,0.04643573683510636,4,1
475,476,SER,S,other,0,0,normal,67.80999755859375,85.9800033569336,143.3000030517578,0.0043541364296081275,0.0026127911493690637,3,1
476,477,PRO,P,other,0,0,normal,66.80000305175781,86.54000091552734,146.95001220703125,0.0,0.0,0,1
477,478,GLY,G,other,0,0,normal,70.04000091552734,87.80000305175781,148.69000244140625,0.0043541364296081275,0.008539507881324468,3,1
478,479,ASN,N,other,0,0,normal,70.74000549316406,84.75,150.83001708984375,0.001451378809869376,0.0,1,1
479,480,ALA,A,other,0,0,normal,71.13999938964844,82.62000274658203,147.78001403808594,0.002902757619738752,0.0006230556735175234,2,1
480,481,LEU,L,other,0,0,normal,72.62000274658203,85.32000732421875,145.45001220703125,0.0043541364296081275,0.010154254802386908,3,1
481,482,ARG,R,other,0,0,normal,76.12000274658203,83.77999877929688,145.5800018310547,0.002902757619738752,0.00010196215348163387,2,1
482,483,SER,S,other,0,0,normal,74.92000579833984,80.20999908447266,144.66000366210938,0.0043541364296081275,0.0005888617946330472,3,1
483,484,SER,S,other,0,0,normal,72.68000030517578,81.66000366210938,141.97000122070312,0.008708272859216255,0.029983807734844558,6,1
484,485,LEU,L,other,0,0,normal,75.61000061035156,83.57000732421875,140.5600128173828,0.005805515239477504,0.002822907649004364,4,1
485,486,GLN,Q,other,0,0,normal,77.97000122070312,80.5,140.6699981689453,0.005805515239477504,0.003202422011613729,4,1
486,487,ILE,I,other,0,0,normal,75.5,78.4000015258789,138.6300048828125,0.0043541364296081275,0.014071959275372074,3,1
487,488,ALA,A,other,0,0,normal,75.10000610351562,81.08000946044922,135.98001098632812,0.008708272859216255,0.010709116641251104,6,1
488,489,LEU,L,other,0,0,normal,78.82000732421875,81.66000366210938,135.79000854492188,0.005805515239477504,0.004133630722749364,4,1
489,490,CYS,C,other,0,0,normal,79.2300033569336,77.84000396728516,135.48001098632812,0.00725689404934688,0.025904718777465967,5,1
490,491,HSD,H,other,0,0,normal,76.70000457763672,77.71000671386719,132.55001831054688,0.0043541364296081275,0.0029672389266196153,3,1
491,492,PHE,F,other,0,0,normal,78.69000244140625,80.55000305175781,131.0500030517578,0.00725689404934688,0.030740911326071534,5,1
492,493,PHE,F,other,0,0,normal,82.11000061035156,78.85000610351562,131.98001098632812,0.0043541364296081275,0.00893820891129707,3,1
493,494,PHE,F,other,0,0,normal,81.20001220703125,75.56000518798828,130.23001098632812,0.005805515239477504,0.005994214156310076,4,1
494,495,ASN,N,other,0,0,normal,80.10000610351562,77.3800048828125,126.88999938964844,0.005805515239477504,0.021839671184015908,4,1
495,496,ILE,I,other,0,0,normal,83.26000213623047,79.56999969482422,127.08000183105467,0.005805515239477504,0.009128309325717307,4,1
496,497,SER,S,other,0,0,normal,85.2800064086914,76.36000061035156,127.3000030517578,0.005805515239477504,0.003861932871516121,4,1
497,498,GLY,G,other,0,0,normal,83.60000610351562,74.8499984741211,124.14000701904295,0.00725689404934688,0.022966029132214856,5,1
498,499,ILE,I,other,0,0,normal,84.18000030517578,78.06000518798828,122.2800064086914,0.00725689404934688,0.009086694593967758,5,1
499,500,LEU,L,other,0,0,normal,87.74000549316406,78.0300064086914,123.34000396728516,0.002902757619738752,9.129423517587187e-05,2,1
500,501,LEU,L,other,0,0,normal,88.26000213623047,74.33000183105469,122.52999877929688,0.002902757619738752,0.00017567965406929868,2,1
501,502,TRP,W,other,0,0,normal,86.47000122070312,74.35000610351562,119.16000366210938,0.0043541364296081275,0.006563060952108753,3,1
502,503,TYR,Y,other,0,0,normal,87.06000518798828,77.76000213623047,117.69001007080078,0.002902757619738752,0.0011329655060458045,2,1
503,504,PRO,P,other,0,0,normal,90.54000854492188,79.43000030517578,117.24000549316406,0.0,0.0,0,1
504,505,ILE,I,other,0,0,normal,92.47000885009766,77.22000885009766,114.8100128173828,0.001451378809869376,0.0,1,1
505,506,PRO,P,other,0,0,normal,90.86000061035156,75.95999908447266,111.52000427246094,0.001451378809869376,0.0,1,1
506,507,PHE,F,other,0,0,normal,92.2100067138672,72.58000183105469,112.87001037597656,0.001451378809869376,0.0,1,1
507,508,THR,T,other,0,0,normal,89.73999786376953,72.4800033569336,115.87001037597656,0.002902757619738752,0.0046475533392009655,2,1
508,509,ARG,R,other,0,0,normal,86.69999694824219,73.49000549316406,113.8000030517578,0.0043541364296081275,0.001570265198089902,3,1
509,510,LEU,L,other,0,0,normal,85.66000366210938,69.77999877929688,113.58000946044922,0.0043541364296081275,0.004128251699948923,3,1
510,511,PRO,P,other,0,0,normal,81.75,70.56000518798828,113.8800048828125,0.00725689404934688,0.0019625908489449826,5,1
511,512,ILE,I,other,0,0,normal,81.87000274658203,72.05000305175781,110.39000701904295,0.0043541364296081275,0.0013565905979189864,3,1
512,513,ARG,R,other,0,0,normal,83.57000732421875,68.87000274658203,108.95000457763672,0.005805515239477504,0.003169787959016849,4,1
513,514,MET,M,other,0,0,normal,81.15000915527344,66.58000183105469,110.81000518798828,0.005805515239477504,0.000626659343092691,4,1
514,515,ALA,A,other,0,0,normal,78.09000396728516,68.47000122070312,109.3600082397461,0.010159651669085631,0.01441722806272494,7,1
515,516,LYS,K,other,0,0,normal,79.67000579833984,68.44000244140625,105.8499984741211,0.005805515239477504,0.001165445023928697,4,1
516,517,GLY,G,other,0,0,normal,80.35000610351562,64.69000244140625,106.18000030517578,0.005805515239477504,0.00493354687244017,4,1
517,518,LEU,L,other,0,0,normal,76.81000518798828,64.11000061035156,107.56000518798828,0.005805515239477504,0.003202056328494368,4,1
518,519,GLY,G,other,0,0,normal,75.46000671386719,65.95999908447266,104.4100112915039,0.0043541364296081275,0.0028711141863840416,3,1
519,520,ASN,N,other,0,0,normal,77.42000579833984,63.93000030517578,101.92000579833984,0.0043541364296081275,0.0014429405609747866,3,1
520,521,ILE,I,other,0,0,normal,76.27000427246094,60.74000549316406,103.70001220703124,0.001451378809869376,0.0,1,1
521,522,SER,S,other,0,0,normal,72.56000518798828,61.80000305175781,103.58000946044922,0.002902757619738752,0.001438721436527492,2,1
522,523,ALA,A,other,0,0,normal,72.76000213623047,63.7400016784668,100.29000091552734,0.001451378809869376,0.0,1,1
523,524,LYS,K,other,0,0,normal,70.3800048828125,61.5,98.4600067138672,0.0,0.0,0,1
524,525,TYR,Y,other,0,0,normal,67.76000213623047,61.660003662109375,101.13999938964844,0.001451378809869376,0.0,1,1
525,526,ARG,R,other,0,0,normal,65.09000396728516,64.24000549316406,102.14000701904295,0.0,0.0,0,1
526,527,TRP,W,other,0,0,normal,63.660003662109375,62.15999984741211,104.95001220703124,0.0,0.0,0,1
527,528,PHE,F,other,0,0,normal,66.94000244140625,62.25000381469727,106.7800064086914,0.001451378809869376,0.0,1,1
528,529,ALA,A,other,0,0,normal,66.3800048828125,65.5300064086914,108.69000244140624,0.002902757619738752,0.0008100718938805818,2,1
529,530,VAL,V,other,0,0,normal,63.01000213623047,64.25,110.36000061035156,0.002902757619738752,0.0004050359469402909,2,1
530,531,PHE,F,other,0,0,normal,64.84000396728516,60.7300033569336,110.85000610351562,0.005805515239477504,0.0006750599115671516,4,1
531,532,TYR,Y,other,0,0,normal,67.80000305175781,62.57000350952149,112.58000183105467,0.0043541364296081275,0.001590609916630101,3,1
532,533,LEU,L,other,0,0,normal,65.58000183105469,64.31000518798828,115.19001007080078,0.0043541364296081275,0.00024470921794309246,3,1
533,534,ILE,I,other,0,0,normal,63.970001220703125,61.01000213623047,116.4000015258789,0.002902757619738752,0.00022783272015391366,2,1
534,535,ILE,I,other,0,0,normal,67.41000366210938,59.34000396728516,116.64000701904295,0.002902757619738752,0.0017467175211800048,2,1
535,536,PHE,F,other,0,0,normal,69.33000183105469,62.100006103515625,118.4000015258789,0.001451378809869376,0.0,1,1
536,537,PHE,F,other,0,0,normal,66.80000305175781,64.19000244140625,120.32000732421876,0.001451378809869376,0.0,1,1
537,538,PHE,F,other,0,0,normal,64.56000518798828,61.2300033569336,121.4600067138672,0.001451378809869376,0.0,1,1
538,539,LEU,L,other,0,0,normal,65.67000579833984,57.53000259399414,120.89000701904295,0.002902757619738752,0.001898606001282614,2,1
539,540,ILE,I,other,0,0,normal,69.2300033569336,58.12000274658203,122.3000030517578,0.0043541364296081275,0.00025314746683768185,3,1
540,541,PRO,P,other,0,0,normal,68.12000274658203,60.02000427246094,125.44000244140624,0.002902757619738752,2.1095622236473487e-06,2,1
541,542,LEU,L,other,0,0,normal,65.09000396728516,57.85000228881836,126.17000579833984,0.005805515239477504,0.0022480901430001927,4,1
542,543,THR,T,other,0,0,normal,67.68000030517578,54.910003662109375,125.79000854492188,0.005805515239477504,0.00015839296362552186,4,1
543,544,VAL,V,other,0,0,normal,70.07000732421875,56.42000198364258,128.35000610351562,0.005805515239477504,0.001242707946580259,4,1
544,545,PHE,F,other,0,0,normal,66.99000549316406,57.20000457763672,130.5900115966797,0.005805515239477504,0.0013928384581631628,4,1
545,546,GLY,G,other,0,0,normal,65.8800048828125,53.57000350952149,130.42001342773438,0.005805515239477504,7.692870242233997e-05,4,1
546,547,LEU,L,other,0,0,normal,69.5300064086914,52.290000915527344,130.92001342773438,0.00725689404934688,0.00275638916078802,5,1
547,548,SER,S,other,0,0,normal,69.70999908447266,54.59999847412109,133.97000122070312,0.005805515239477504,0.0002074051259549285,4,1
548,549,LEU,L,other,0,0,normal,66.80000305175781,52.61000061035156,135.41000366210938,0.0043541364296081275,9.679374669501918e-05,3,1
549,550,ALA,A,other,0,0,normal,68.52000427246094,49.280006408691406,134.55999755859375,0.002902757619738752,9.844623710354293e-06,2,1
550,551,GLY,G,other,0,0,normal,71.35000610351562,50.79000473022461,136.63999938964844,0.0043541364296081275,0.0003228333389588326,3,1
551,552,TRP,W,other,0,0,normal,74.41000366210938,53.06999969482422,136.35000610351562,0.002902757619738752,1.3325401379372417e-05,2,1
552,553,ARG,R,other,0,0,normal,76.7300033569336,49.900001525878906,136.02000427246094,0.002902757619738752,0.00010829086081389724,2,1
553,554,VAL,V,other,0,0,normal,74.54000854492188,48.75,133.1199951171875,0.0043541364296081275,0.00041066144620335057,3,1
554,555,LEU,L,other,0,0,normal,74.82000732421875,52.150001525878906,131.4300079345703,0.00725689404934688,0.0028942490521033743,5,1
555,556,VAL,V,other,0,0,normal,78.6500015258789,52.410003662109375,131.97000122070312,0.002902757619738752,0.00010547811118236744,2,1
556,557,GLY,G,other,0,0,normal,78.72000122070312,48.910003662109375,130.25,0.0043541364296081275,0.0029765571381960153,3,1
557,558,VAL,V,other,0,0,normal,77.29000854492188,50.40000534057617,127.04000854492188,0.001451378809869376,0.0,1,1
558,559,GLY,G,other,0,0,normal,78.97000122070312,53.790000915527344,127.50000762939452,0.0043541364296081275,0.0031530923369449035,3,1
559,560,VAL,V,other,0,0,normal,82.55000305175781,52.55000305175781,127.42000579833984,0.002902757619738752,6.96155533803625e-05,2,1
560,561,PRO,P,other,0,0,normal,82.6100082397461,50.900001525878906,123.8800048828125,0.001451378809869376,0.0,1,1
561,562,VAL,V,other,0,0,normal,80.6300048828125,53.93000030517578,122.51000213623048,0.005805515239477504,0.0031430367570121852,4,1
562,563,VAL,V,other,0,0,normal,82.97000122070312,56.52000427246094,123.82000732421876,0.0043541364296081275,6.490419774755009e-05,3,1
563,564,PHE,F,other,0,0,normal,85.98999786376953,54.38999938964844,122.9600067138672,0.005805515239477504,0.001541035204374388,4,1
564,565,ILE,I,other,0,0,normal,84.86000061035156,54.0,119.31999969482422,0.0043541364296081275,0.001309123997254756,3,1
565,566,ILE,I,other,0,0,normal,83.63999938964844,57.61000061035156,118.99000549316406,0.005805515239477504,0.0004381795134318169,4,1
566,567,ILE,I,other,0,0,normal,86.80000305175781,59.29000473022461,120.3800048828125,0.0043541364296081275,0.0008397229629129583,3,1
567,568,LEU,L,other,0,0,normal,88.8600082397461,57.02000045776367,118.25000762939452,0.005805515239477504,0.0012088025937301932,4,1
568,569,VAL,V,other,0,0,normal,86.62001037597656,57.61000061035156,115.20000457763672,0.005805515239477504,0.0006099447575972367,4,1
569,570,LEU,L,other,0,0,normal,86.93000793457031,61.43000030517578,115.60000610351562,0.005805515239477504,0.0010714232138102258,4,1
570,571,CYS,C,other,0,0,normal,90.68000793457033,61.150001525878906,116.07000732421876,0.005805515239477504,0.0006114214511537896,4,1
571,572,LEU,L,other,0,0,normal,90.91999816894533,59.11000061035156,112.80999755859376,0.005805515239477504,0.0010561171678986508,4,1
572,573,ARG,R,other,0,0,normal,88.68000030517578,61.65000534057617,111.12000274658205,0.0043541364296081275,0.0006602929760016202,3,1
573,574,LEU,L,other,0,0,normal,91.10000610351562,64.34000396728516,112.41000366210938,0.0043541364296081275,0.00021018271621606419,3,1
574,575,LEU,L,other,0,0,normal,94.0500030517578,62.21000289916992,111.22000885009766,0.005805515239477504,0.0008860864526726747,4,1
575,576,GLN,Q,other,0,0,normal,92.41000366210938,61.76000213623047,107.74000549316406,0.002902757619738752,0.0004472271914132379,2,1
576,577,SER,S,other,0,0,normal,91.88999938964844,65.58000183105469,107.80999755859376,0.002902757619738752,1.7579685197061235e-05,2,1
577,578,ARG,R,other,0,0,normal,95.66000366210938,66.1300048828125,108.20999908447266,0.001451378809869376,0.0,1,1
578,579,CYS,C,other,0,0,normal,97.51000213623048,63.13999938964844,106.61000061035156,0.002902757619738752,0.0004472271914132379,2,1
579,580,PRO,P,other,0,0,normal,95.5300064086914,60.68000411987305,104.3800048828125,0.002902757619738752,0.00022783272015391366,2,1
580,581,ARG,R,other,0,0,normal,98.99000549316406,58.9900016784668,103.5,0.001451378809869376,0.0,1,1
581,582,VAL,V,other,0,0,normal,100.16000366210938,58.2300033569336,107.05001068115234,0.001451378809869376,0.0,1,1
582,583,LEU,L,other,0,0,normal,97.33000946044922,55.86000442504883,108.0300064086914,0.001451378809869376,0.0,1,1
583,584,PRO,P,other,0,0,normal,97.5,51.99000549316406,107.1500015258789,0.001451378809869376,0.0,1,1
584,585,LYS,K,other,0,0,normal,96.12000274658205,51.630001068115234,103.510009765625,0.002902757619738752,4.2191244472946976e-05,2,1
585,586,LYS,K,other,0,0,normal,93.0,49.910003662109375,104.74000549316406,0.001451378809869376,0.0,1,1
586,587,LEU,L,other,0,0,normal,92.51000213623048,52.78000259399414,107.14000701904295,0.0043541364296081275,6.328686670942046e-05,3,1
587,588,GLN,Q,other,0,0,normal,93.13999938964844,55.1400032043457,104.31000518798828,0.002902757619738752,2.5314746683768183e-05,2,1
588,589,ASN,N,other,0,0,normal,89.94000244140625,53.47999954223633,103.13999938964844,0.002902757619738752,4.2191244472946976e-05,2,1
589,590,TRP,W,other,0,0,normal,86.8600082397461,53.790000915527344,105.37001037597656,0.001451378809869376,0.0,1,1
590,591,ASN,N,other,0,0,normal,85.66000366210938,50.12000274658203,105.2800064086914,0.002902757619738752,2.5314746683768183e-05,2,1
591,592,PHE,F,other,0,0,normal,86.93000793457031,48.86000061035156,108.5300064086914,0.001451378809869376,0.0,1,1
592,593,LEU,L,other,0,0,normal,83.75,49.9900016784668,110.3800048828125,0.001451378809869376,0.0,1,1
593,594,PRO,P,other,0,0,normal,80.56999969482422,47.75,110.36000061035156,0.0,0.0,0,1
594,595,LEU,L,other,0,0,normal,77.99000549316406,48.87000274658203,107.52999877929688,0.002902757619738752,4.219124447294697e-06,2,1
595,596,TRP,W,other,0,0,normal,75.26000213623047,50.44000244140625,109.72000122070312,0.0,0.0,0,1
596,597,MET,M,other,0,0,normal,77.97000122070312,52.59000396728516,111.37000274658205,0.001451378809869376,0.0,1,1
597,598,ARG,R,other,0,0,normal,78.9000015258789,54.37000274658203,108.10000610351562,0.001451378809869376,0.0,1,1
598,599,SER,S,other,0,0,normal,75.91000366210938,53.95000457763672,105.82000732421876,0.001451378809869376,0.0,1,1
599,600,LEU,L,other,0,0,normal,72.22000122070312,54.44000244140625,105.6300048828125,0.0,0.0,0,1
600,601,LYS,K,other,0,0,normal,71.27000427246094,51.43000030517578,103.510009765625,0.0043541364296081275,0.00020884666014108752,3,1
601,602,PRO,P,other,0,0,normal,69.2800064086914,49.4800033569336,106.1300048828125,0.002902757619738752,5.6254992630595965e-06,2,1
602,603,TRP,W,other,0,0,normal,66.93000030517578,52.470001220703125,106.760009765625,0.0043541364296081275,6.98431610252455e-05,3,1
603,604,ASP,D,other,0,0,normal,66.88999938964844,53.47999954223633,103.02000427246094,0.005805515239477504,0.0003862154339229548,4,1
604,605,ALA,A,other,0,0,normal,64.9800033569336,50.290000915527344,102.41000366210938,0.005805515239477504,0.00027282937711381005,4,1
605,606,VAL,V,other,0,0,normal,62.25000381469727,51.06000518798828,105.02999877929688,0.0043541364296081275,0.00018388681230336706,3,1
606,607,VAL,V,other,0,0,normal,61.52000427246094,54.59000015258789,104.01000213623048,0.005805515239477504,0.0006056772721858301,4,1
607,608,SER,S,other,0,0,normal,61.53000259399414,53.62000274658203,100.29000091552734,0.002902757619738752,0.00030037639772859977,2,1
608,609,LYS,K,other,0,0,normal,59.06999969482422,50.86000442504883,101.02000427246094,0.0043541364296081275,0.00040641811104427515,3,1
609,610,PHE,F,other,0,0,normal,57.01000213623047,52.95000076293945,103.37001037597656,0.0043541364296081275,0.0006552795002954299,3,1
610,611,THR,T,other,0,0,normal,56.7400016784668,55.77999877929688,100.69000244140624,0.0043541364296081275,0.00044101387930509003,3,1
611,612,GLY,G,other,0,0,normal,56.43000030517578,52.78000259399414,98.15000915527344,0.005805515239477504,0.0006270631756525819,4,1
612,613,CYS,C,other,0,0,normal,53.27999877929688,51.84000015258789,100.1300048828125,0.005805515239477504,0.0008519813028139614,4,1
613,614,PHE,F,other,0,0,normal,51.7400016784668,55.40000534057617,99.82000732421876,0.005805515239477504,0.0006578631554463026,4,1
614,615,GLN,Q,other,0,0,normal,52.4900016784668,55.2400016784668,96.04000091552734,0.005805515239477504,0.0005544117732445408,4,1
615,616,MET,M,other,0,0,normal,50.7300033569336,51.83000183105469,95.91999816894533,0.005805515239477504,0.0011406456419923129,4,1
616,617,ARG,R,other,0,0,normal,47.83000183105469,53.400001525878906,97.92000579833984,0.005805515239477504,0.0007121158255519398,4,1
617,618,CYS,C,other,0,0,normal,47.62000274658203,55.96000289916992,95.06000518798828,0.005805515239477504,0.0005032565799139694,4,1
618,619,CYS,C,other,0,0,normal,47.3800048828125,52.93000030517578,92.70000457763672,0.00725689404934688,0.002615221297062112,5,1
619,620,CYS,C,other,0,0,normal,44.92000198364258,51.08000183105469,95.02000427246094,0.005805515239477504,0.000350935834350665,4,1
620,621,CYS,C,other,0,0,normal,42.55000305175781,54.160003662109375,95.37001037597656,0.005805515239477504,0.0009488267142094256,4,1
621,622,CYS,C,other,0,0,normal,42.4800033569336,54.55000305175781,91.61000061035156,0.0043541364296081275,0.000781436633558657,3,1
622,623,ARG,R,other,0,0,normal,41.62000274658203,50.82000350952149,91.27999877929688,0.005805515239477504,0.0003793840283140329,4,1
623,624,VAL,V,other,0,0,normal,38.53000259399414,50.77999877929688,93.6300048828125,0.0043541364296081275,0.0006020701696886105,3,1
624,625,CYS,C,other,0,0,normal,37.25,53.910003662109375,91.95999908447266,0.005805515239477504,0.0007305223356449565,4,1
625,626,CYS,C,other,0,0,normal,37.77000045776367,52.28000259399414,88.47000122070312,0.005805515239477504,0.0002818655180343187,4,1
626,627,ARG,R,other,0,0,normal,36.17000198364258,48.880001068115234,89.52000427246094,0.005805515239477504,0.000653380626870995,4,1
627,628,ALA,A,other,0,0,normal,33.11000061035156,50.62000274658203,91.010009765625,0.005805515239477504,0.0003905961905504383,4,1
628,629,CYS,C,other,0,0,normal,32.44000244140625,52.540000915527344,87.76000213623047,0.005805515239477504,0.0001629355482567501,4,1
629,630,CYS,C,other,0,0,normal,32.55000305175781,49.30000305175781,85.76000213623047,0.00725689404934688,0.0006596686116493879,5,1
630,631,LEU,L,other,0,0,normal,29.18000221252441,48.2300033569336,87.1500015258789,0.002902757619738752,2.1095622236473487e-06,2,1
631,632,LEU,L,other,0,0,normal,27.530000686645508,51.63999938964844,86.46000671386719,0.002902757619738752,8.438248894589395e-06,2,1
632,633,CYS,C,other,0,0,normal,28.93000030517578,52.35000228881836,83.05000305175781,0.002902757619738752,0.00020673709791744018,2,1
633,634,ASP,D,other,0,0,normal,30.940000534057617,51.1300048828125,80.13999938964844,0.0,0.0,0,1
634,635,CYS,C,other,0,0,normal,34.58000183105469,52.09999847412109,80.37001037597656,0.001451378809869376,0.0,1,1
635,636,PRO,P,other,0,0,normal,35.86000061035156,55.69000244140625,79.45000457763672,0.001451378809869376,0.0,1,1
636,637,LYS,K,other,0,0,normal,37.69000244140625,56.07000350952149,76.1100082397461,0.0,0.0,0,1
637,638,CYS,C,other,0,0,normal,40.77000045776367,57.46000289916992,77.86000061035156,0.001451378809869376,0.0,1,1
638,639,CYS,C,other,0,0,normal,42.15999984741211,55.8900032043457,80.98999786376953,0.001451378809869376,0.0,1,1
639,640,ARG,R,other,0,0,normal,44.37000274658203,58.68000411987305,82.20000457763672,0.002902757619738752,4.219124447294697e-06,2,1
640,641,CYS,C,other,0,0,normal,44.790000915527344,57.95000076293945,86.04000091552734,0.0043541364296081275,0.00020884666014108752,3,1
641,642,SER,S,other,0,0,normal,44.93000030517578,54.25,85.41000366210938,0.005805515239477504,0.0003744472946974044,4,1
642,643,LYS,K,other,0,0,normal,47.630001068115234,54.83000183105469,82.84000396728516,0.005805515239477504,0.0005178975259054242,4,1
643,644,CYS,C,other,0,0,normal,49.650001525878906,57.09000015258789,85.21000671386719,0.005805515239477504,8.64920511695413e-05,4,1
644,645,CYS,C,other,0,0,normal,48.9900016784668,54.31999969482422,87.83000183105469,0.00725689404934688,0.0021918351503695953,5,1
645,646,GLU,E,other,0,0,normal,50.42000198364258,51.7300033569336,85.55000305175781,0.005805515239477504,6.750599115671516e-05,4,1
646,647,ASP,D,other,0,0,normal,53.50000381469727,54.03000259399414,85.0,0.005805515239477504,0.00046621325142606404,4,1
647,648,LEU,L,other,0,0,normal,54.03000259399414,54.11000061035156,88.77000427246094,0.005805515239477504,0.0004039811658284672,4,1
648,649,GLU,E,other,0,0,normal,53.6300048828125,50.33000564575195,89.01000213623047,0.005805515239477504,0.00010231376784689641,4,1
649,650,GLU,E,other,0,0,normal,56.61000061035156,50.02000427246094,86.41999816894531,0.0043541364296081275,0.00012024504674789889,3,1
650,651,ALA,A,other,0,0,normal,58.61000061035156,52.61000061035156,88.31000518798828,0.002902757619738752,2.1095622236473487e-06,2,1
651,652,GLN,Q,other,0,0,normal,58.27999877929688,50.94000244140625,91.760009765625,0.002902757619738752,2.1095622236473487e-06,2,1
652,653,GLU,E,other,0,0,normal,59.34000396728516,47.57000350952149,90.4499969482422,0.0,0.0,0,1
653,654,GLY,G,other,0,0,normal,61.97000503540039,49.34000015258789,88.4000015258789,0.0,0.0,0,1
654,655,GLN,Q,other,0,0,normal,65.75,49.42000579833984,88.89000701904297,0.0,0.0,0,1
655,656,ASP,D,other,0,0,normal,68.36000061035156,51.88999938964844,87.32000732421875,0.0,0.0,0,1
656,657,VAL,V,other,0,0,normal,71.71000671386719,50.43000030517578,85.98999786376953,0.0,0.0,0,1
657,658,PRO,P,other,0,0,normal,74.5,50.12000274658203,88.69000244140625,0.0,0.0,0,1
658,659,VAL,V,other,0,0,normal,77.47000122070312,52.29999923706055,87.75000762939453,0.0,0.0,0,1
659,660,LYS,K,other,0,0,normal,80.74000549316406,50.33000564575195,87.7800064086914,0.0,0.0,0,1
660,661,ALA,A,other,0,0,normal,84.29000854492188,50.18000030517578,86.24000549316406,0.0,0.0,0,1
661,662,PRO,P,other,0,0,normal,84.24000549316406,48.209999084472656,82.87001037597656,0.0,0.0,0,1
662,663,GLU,E,other,0,0,normal,84.33999633789062,44.30000305175781,82.75000762939453,0.0,0.0,0,1
663,664,THR,T,other,0,0,normal,87.96000671386719,42.9900016784668,82.63999938964844,0.0,0.0,0,1
664,665,PHE,F,other,0,0,normal,87.2300033569336,40.150001525878906,80.09001159667969,0.0,0.0,0,1
665,666,ASP,D,other,0,0,normal,89.68000793457031,38.02000427246094,77.93000030517578,0.0,0.0,0,1
666,667,ASN,N,other,0,0,normal,90.05000305175781,38.19000244140625,74.08000183105469,0.0,0.0,0,1
667,668,ILE,I,other,0,0,normal,89.40000915527344,41.959999084472656,73.85000610351562,0.0,0.0,0,1
668,669,THR,T,other,0,0,normal,91.5500030517578,44.34000015258789,71.80000305175781,0.0,0.0,0,1
669,670,ILE,I,other,0,0,normal,91.3800048828125,47.9900016784668,73.22000122070312,0.0,0.0,0,1
670,671,SER,S,other,0,0,normal,93.81000518798828,50.80000305175781,72.11000061035156,0.0,0.0,0,1
671,672,ARG,R,other,0,0,normal,94.68000793457033,53.100006103515625,74.97000122070312,0.0,0.0,0,1
672,673,GLU,E,other,0,0,normal,96.49000549316406,55.4800033569336,72.55000305175781,0.001451378809869376,0.0,1,1
673,674,ALA,A,other,0,0,normal,97.27000427246094,58.34000015258789,72.58000183105469,0.0,0.0,0,1
674,675,GLN,Q,other,0,0,normal,98.26000213623048,59.0,76.25000762939453,0.001451378809869376,0.0,1,1
675,676,GLY,G,other,0,0,normal,98.32000732421876,62.86000061035156,76.49000549316406,0.0,0.0,0,1
676,677,GLU,E,other,0,0,normal,100.3800048828125,62.84000396728516,79.67000579833984,0.0,0.0,0,1
677,678,VAL,V,other,0,0,normal,103.25000762939452,60.380001068115234,79.05000305175781,0.0,0.0,0,1
678,679,PRO,P,other,0,0,normal,102.9800033569336,57.400001525878906,81.55999755859375,0.0,0.0,0,1
679,680,ALA,A,other,0,0,normal,105.8800048828125,56.35000228881836,83.67000579833984,0.0,0.0,0,1
680,681,SER,S,other,0,0,normal,106.67000579833984,53.51000213623047,85.98999786376953,0.0,0.0,0,1
681,682,ASP,D,other,0,0,normal,106.67000579833984,53.05000305175781,89.72000122070312,0.0,0.0,0,1
682,683,SER,S,other,0,0,normal,109.14000701904295,54.9800033569336,91.91000366210938,0.0,0.0,0,1
683,684,LYS,K,other,0,0,normal,112.42000579833984,53.720001220703125,93.12000274658205,0.0,0.0,0,1
684,685,THR,T,other,0,0,normal,112.91000366210938,55.94000244140625,96.17000579833984,0.0,0.0,0,1
685,686,GLU,E,other,0,0,normal,111.22000885009766,56.37000274658203,99.48001098632812,0.0,0.0,0,1
686,687,CYS,C,other,0,0,normal,109.51000213623048,59.78000259399414,100.14000701904295,0.0,0.0,0,1
687,688,THR,T,other,0,0,normal,107.41000366210938,61.540000915527344,102.83000946044922,0.001451378809869376,0.0,1,1
688,689,ALA,A,other,0,0,normal,104.02000427246094,60.47000503540039,103.91999816894533,0.0,0.0,0,1
689,690,LEU,L,other,0,0,normal,102.91000366210938,63.4800033569336,105.89000701904295,0.002902757619738752,0.00022783272015391366,2,1
0,1,MET,M,other,0,0,normal,121.22000885009766,83.81000518798828,98.52000427246094,0.0,0.0,0,2
1,2,ALA,A,other,0,0,normal,117.90000915527344,83.24000549316406,100.40000915527344,0.001451378809869376,0.0,1,2
2,3,PRO,P,other,0,0,normal,114.48001098632812,82.23999786376953,98.68000030517578,0.0,0.0,0,2
3,4,TRP,W,other,0,0,normal,113.06999969482422,84.07000732421875,95.66000366210938,0.001451378809869376,0.0,1,2
4,5,PRO,P,other,0,0,normal,111.52000427246094,87.44000244140625,96.83000183105467,0.0,0.0,0,2
5,6,GLU,E,other,0,0,normal,107.66999816894533,87.08000183105469,96.1300048828125,0.0,0.0,0,2
6,7,LEU,L,other,0,0,normal,106.68000030517578,90.77000427246094,96.7300033569336,0.0,0.0,0,2
7,8,GLY,G,other,0,0,normal,109.19000244140624,92.11000061035156,94.27000427246094,0.0,0.0,0,2
8,9,ASP,D,other,0,0,normal,108.34000396728516,93.23001098632812,90.72999572753906,0.0,0.0,0,2
9,10,ALA,A,other,0,0,normal,110.35000610351562,90.14000701904295,89.42000579833984,0.0,0.0,0,2
10,11,GLN,Q,other,0,0,normal,113.72000885009766,91.010009765625,87.86000061035156,0.0,0.0,0,2
11,12,PRO,P,other,0,0,normal,114.67001342773438,89.94000244140625,84.33000183105469,0.0,0.0,0,2
12,13,ASN,N,other,0,0,normal,116.24000549316406,86.5300064086914,84.2300033569336,0.0,0.0,0,2
13,14,PRO,P,other,0,0,normal,119.20001220703124,84.92000579833984,82.260009765625,0.0,0.0,0,2
14,15,ASP,D,other,0,0,normal,118.63999938964844,84.17000579833984,78.54000854492188,0.0,0.0,0,2
15,16,LYS,K,other,0,0,normal,116.87000274658205,80.86000061035156,77.42000579833984,0.0,0.0,0,2
16,17,TYR,Y,other,0,0,normal,118.91999816894533,78.86000061035156,74.69000244140625,0.0,0.0,0,2
17,18,LEU,L,other,0,0,normal,116.4600067138672,78.27000427246094,71.87000274658203,0.0,0.0,0,2
18,19,GLU,E,other,0,0,normal,113.37001037597656,80.06999969482422,73.41000366210938,0.001451378809869376,0.0,1,2
19,20,GLY,G,other,0,0,normal,110.93000793457033,81.81999969482422,73.21000671386719,0.0,0.0,0,2
20,21,ALA,A,other,0,0,normal,109.3000030517578,78.6500015258789,71.93000030517578,0.001451378809869376,0.0,1,2
21,22,ALA,A,other,0,0,normal,108.5,78.30000305175781,68.16000366210938,0.0,0.0,0,2
22,23,GLY,G,other,0,0,normal,105.67000579833984,75.77000427246094,68.96000671386719,0.0,0.0,0,2
23,24,GLN,Q,other,0,0,normal,103.97000122070312,73.16000366210938,66.71000671386719,0.0,0.0,0,2
24,25,GLN,Q,other,0,0,normal,100.68000793457033,72.31000518798828,65.21000671386719,0.0,0.0,0,2
25,26,PRO,P,other,0,0,normal,99.31999969482422,68.66000366210938,65.70999908447266,0.0,0.0,0,2
26,27,THR,T,other,0,0,normal,100.2100067138672,65.97000122070312,63.160003662109375,0.0,0.0,0,2
27,28,ALA,A,other,0,0,normal,98.83000183105467,66.71000671386719,59.72999954223633,0.0,0.0,0,2
28,29,PRO,P,other,0,0,normal,97.260009765625,63.900001525878906,57.42000198364258,0.0,0.0,0,2
29,30,ASP,D,other,0,0,normal,99.31999969482422,62.56000518798828,54.49000549316406,0.0,0.0,0,2
30,31,LYS,K,other,0,0,normal,98.8000030517578,64.66000366210938,51.380001068115234,0.0,0.0,0,2
31,32,SER,S,other,0,0,normal,100.99000549316406,62.52000427246094,49.17000198364258,0.0,0.0,0,2
32,33,LYS,K,other,0,0,normal,97.9600067138672,60.07000350952149,48.82000350952149,0.001451378809869376,0.0,1,2
33,34,GLU,E,other,0,0,normal,96.55999755859376,59.14000701904297,46.4900016784668,0.0,0.0,0,2
34,35,THR,T,other,0,0,normal,99.55001068115234,57.910003662109375,44.400001525878906,0.002902757619738752,4.219124447294697e-06,2,2
35,36,ASN,N,other,0,0,normal,100.56999969482422,54.30000305175781,43.17000579833984,0.0,0.0,0,2
36,37,LYS,K,other,0,0,normal,104.0500030517578,54.75000381469727,44.78000259399414,0.001451378809869376,0.0,1,2
37,38,THR,T,other,0,0,normal,104.52000427246094,52.57000350952149,47.959999084472656,0.0,0.0,0,2
38,39,ASP,D,other,0,0,normal,107.11000061035156,52.11000442504883,50.630001068115234,0.0,0.0,0,2
39,40,ASN,N,other,0,0,normal,108.91000366210938,48.880001068115234,50.12000274658203,0.0,0.0,0,2
40,41,THR,T,other,0,0,normal,107.49000549316406,45.94000244140625,48.25000381469727,0.0,0.0,0,2
41,42,GLU,E,other,0,0,normal,105.56999969482422,43.19000244140625,50.060001373291016,0.0,0.0,0,2
42,43,ALA,A,other,0,0,normal,106.1300048828125,42.34000396728516,53.87000274658203,0.001451378809869376,0.0,1,2
43,44,PRO,P,other,0,0,normal,106.35000610351562,43.67000198364258,56.68000030517578,0.0,0.0,0,2
44,45,VAL,V,other,0,0,normal,102.73001098632812,45.040000915527344,56.86000442504883,0.001451378809869376,0.0,1,2
45,46,THR,T,other,0,0,normal,102.4600067138672,48.810001373291016,57.25000381469727,0.0,0.0,0,2
46,47,LYS,K,other,0,0,normal,100.80001068115234,50.68000411987305,60.09000396728516,0.0,0.0,0,2
47,48,ILE,I,other,0,0,normal,97.38999938964844,52.1300048828125,59.55000305175781,0.0,0.0,0,2
48,49,GLU,E,other,0,0,normal,97.3100128173828,55.63999938964844,57.9800033569336,0.0,0.0,0,2
49,50,LEU,L,other,0,0,normal,96.64000701904295,58.9800033569336,59.74000549316406,0.0,0.0,0,2
50,51,LEU,L,other,0,0,normal,93.010009765625,59.8900032043457,59.57000350952149,0.0,0.0,0,2
51,52,PRO,P,other,0,0,normal,91.6300048828125,63.350006103515625,59.9800033569336,0.0,0.0,0,2
52,53,SER,S,other,0,0,normal,91.2300033569336,63.15000534057617,63.69000244140625,0.0,0.0,0,2
53,54,TYR,Y,other,0,0,normal,92.91000366210938,66.07000732421875,65.56000518798828,0.0,0.0,0,2
54,55,SER,S,other,0,0,normal,90.95000457763672,69.14000701904297,66.67000579833984,0.0,0.0,0,2
55,56,THR,T,other,0,0,normal,90.94001007080078,72.7800064086914,65.58000183105469,0.0,0.0,0,2
56,57,ALA,A,other,0,0,normal,89.84000396728516,74.05000305175781,69.0300064086914,0.0,0.0,0,2
57,58,THR,T,other,0,0,normal,91.760009765625,76.41999816894531,71.41999816894531,0.0,0.0,0,2
58,59,LEU,L,other,0,0,normal,90.06999969482422,74.93000793457031,74.46000671386719,0.0,0.0,0,2
59,60,ILE,I,other,0,0,normal,89.33000183105469,71.22000122070312,74.10000610351562,0.0,0.0,0,2
60,61,ASP,D,other,0,0,normal,86.77000427246094,70.29000091552734,76.81000518798828,0.0,0.0,0,2
61,62,GLU,E,other,0,0,normal,83.16000366210938,68.96000671386719,77.3600082397461,0.0,0.0,0,2
62,63,PRO,P,other,0,0,normal,80.05000305175781,70.69000244140625,78.79000091552734,0.0,0.0,0,2
63,64,THR,T,other,0,0,normal,79.91000366210938,70.61000061035156,82.6100082397461,0.0,0.0,0,2
64,65,GLU,E,other,0,0,normal,77.58000183105469,70.86000061035156,85.70999908447266,0.0,0.0,0,2
65,66,VAL,V,other,0,0,normal,77.20000457763672,73.77999877929688,88.17000579833984,0.0,0.0,0,2
66,67,ASP,D,other,0,0,normal,78.87000274658203,74.56999969482422,91.4600067138672,0.0,0.0,0,2
67,68,ASP,D,other,0,0,normal,78.87000274658203,71.88999938964844,94.33000183105467,0.0,0.0,0,2
68,69,PRO,P,other,0,0,normal,76.22000122070312,72.42000579833984,97.05001068115234,0.001451378809869376,0.0,1,2
69,70,TRP,W,other,0,0,normal,78.47000885009766,74.27000427246094,99.64000701904295,0.0,0.0,0,2
70,71,ASN,N,other,0,0,normal,79.05999755859375,77.1300048828125,97.2100067138672,0.0,0.0,0,2
71,72,LEU,L,other,0,0,normal,76.6300048828125,80.05000305175781,97.27000427246094,0.001451378809869376,0.0,1,2
72,73,PRO,P,other,0,0,normal,74.19000244140625,81.57000732421875,94.70000457763672,0.0,0.0,0,2
73,74,THR,T,other,0,0,normal,74.4800033569336,85.34000396728516,94.45999908447266,0.0,0.0,0,2
74,75,LEU,L,other,0,0,normal,71.90000915527344,87.08000183105469,96.69000244140624,0.0,0.0,0,2
75,76,GLN,Q,other,0,0,normal,68.74000549316406,88.62000274658203,95.2100067138672,0.0,0.0,0,2
76,77,ASP,D,other,0,0,normal,68.16000366210938,92.34000396728516,95.58999633789062,0.0,0.0,0,2
77,78,SER,S,other,0,0,normal,65.01000213623047,94.09000396728516,96.75,0.0,0.0,0,2
78,79,GLY,G,other,0,0,normal,66.30000305175781,97.06000518798828,99.05999755859376,0.0,0.0,0,2
79,80,ILE,I,other,0,0,normal,64.38999938964844,100.3000030517578,100.02000427246094,0.0,0.0,0,2
80,81,LYS,K,other,0,0,normal,65.61000061035156,103.74000549316406,101.19000244140624,0.0,0.0,0,2
81,82,TRP,W,other,0,0,normal,64.29000091552734,106.79000854492188,103.19000244140624,0.002902757619738752,0.0014471596854220812,2,2
82,83,SER,S,other,0,0,normal,64.18000030517578,108.8800048828125,99.97000885009766,0.001451378809869376,0.0,1,2
83,84,GLU,E,other,0,0,normal,62.06000518798828,106.24000549316406,98.1100082397461,0.001451378809869376,0.0,1,2
84,85,ARG,R,other,0,0,normal,59.410003662109375,106.43000793457033,100.87001037597656,0.0043541364296081275,0.004324602558477065,3,2
85,86,ASP,D,other,0,0,normal,56.69000244140625,109.08000946044922,100.73001098632812,0.001451378809869376,0.0,1,2
86,87,THR,T,other,0,0,normal,56.32000350952149,111.74000549316406,103.45000457763672,0.002902757619738752,1.2657373341884091e-05,2,2
87,88,LYS,K,other,0,0,normal,53.51000213623047,109.85000610351562,105.5500030517578,0.002902757619738752,2.1095622236473487e-06,2,2
88,89,GLY,G,other,0,0,normal,55.54000473022461,106.67000579833984,104.9800033569336,0.00725689404934688,0.00737363457998723,5,2
89,90,LYS,K,other,0,0,normal,58.55000305175781,108.29000854492188,106.72000885009766,0.005805515239477504,0.0015517103831048764,4,2
90,91,ILE,I,other,0,0,normal,56.560001373291016,109.08000946044922,109.85000610351562,0.005805515239477504,0.0013256652246608892,4,2
91,92,LEU,L,other,0,0,normal,54.9900016784668,105.67000579833984,109.79000091552734,0.005805515239477504,0.008931788996423636,4,2
92,93,CYS,C,other,0,0,normal,58.37000274658203,103.9600067138672,109.51000213623048,0.005805515239477504,0.003130874160551751,4,2
93,94,PHE,F,other,0,0,normal,59.75000381469727,106.04000091552734,112.3800048828125,0.005805515239477504,0.0021874118443627175,4,2
94,95,PHE,F,other,0,0,normal,56.77000045776367,104.84000396728516,114.56000518798828,0.005805515239477504,0.01094458628384346,4,2
95,96,GLN,Q,other,0,0,normal,57.17000579833984,101.15000915527344,113.35000610351562,0.0043541364296081275,0.004559247471419852,3,2
96,97,GLY,G,other,0,0,normal,60.79000473022461,101.11000061035156,114.49000549316406,0.005805515239477504,0.00277614434490226,4,2
97,98,ILE,I,other,0,0,normal,60.52000427246094,103.36000061035156,117.6100082397461,0.0043541364296081275,0.012094193760696502,3,2
98,99,GLY,G,other,0,0,normal,57.24000549316406,101.6999969482422,118.6100082397461,0.005805515239477504,0.007441135195074356,4,2
99,100,ARG,R,other,0,0,normal,59.05000305175781,98.30001068115234,118.08000183105467,0.0043541364296081275,0.0027112903918601753,3,2
100,101,LEU,L,other,0,0,normal,61.97000503540039,99.7100067138672,120.27000427246094,0.0043541364296081275,0.015279398195917619,3,2
101,102,ILE,I,other,0,0,normal,59.80000305175781,101.15000915527344,123.02001190185548,0.0043541364296081275,0.0066872825882673985,3,2
102,103,LEU,L,other,0,0,normal,57.75,97.91000366210938,123.35000610351562,0.0043541364296081275,0.0039751038540062344,3,2
103,104,LEU,L,other,0,0,normal,60.90999984741211,95.56000518798828,123.35000610351562,0.005805515239477504,0.019163485937185986,4,2
104,105,LEU,L,other,0,0,normal,62.400001525878906,97.16999816894533,126.45000457763672,0.0043541364296081275,0.007114754908887478,3,2
105,106,GLY,G,other,0,0,normal,58.83000183105469,96.54000091552734,127.93000030517578,0.005805515239477504,0.0037980223460923027,4,2
106,107,PHE,F,other,0,0,normal,58.61000061035156,92.90000915527344,127.08000183105467,0.005805515239477504,0.02563548306453078,4,2
107,108,LEU,L,other,0,0,normal,62.220001220703125,92.5,128.27000427246094,0.005805515239477504,0.010704010720019842,4,2
108,109,TYR,Y,other,0,0,normal,61.12000274658203,94.01000213623048,131.61000061035156,0.005805515239477504,0.002812994080201552,4,2
109,110,PHE,F,other,0,0,normal,58.0,91.64000701904295,132.12001037597656,0.005805515239477504,0.02842968256622768,4,2
110,111,PHE,F,other,0,0,normal,60.380001068115234,88.77000427246094,130.99000549316406,0.00725689404934688,0.02306953660675926,5,2
111,112,VAL,V,other,0,0,normal,62.87000274658203,89.57000732421875,133.9199981689453,0.005805515239477504,0.001616219945304082,4,2
112,113,CYS,C,other,0,0,normal,59.69000244140625,90.02000427246094,136.12001037597656,0.00725689404934688,0.04892949232812689,5,2
113,114,SER,S,other,0,0,normal,58.6300048828125,86.43000793457031,135.47000122070312,0.00725689404934688,0.012068564509409914,5,2
114,115,LEU,L,other,0,0,normal,61.850006103515625,85.1300048828125,137.0900115966797,0.005805515239477504,0.0016553049556912772,4,2
115,116,ASP,D,other,0,0,normal,61.1400032043457,86.7300033569336,140.47000122070312,0.005805515239477504,0.03346334510615432,4,2
116,117,ILE,I,other,0,0,normal,57.53000259399414,85.19000244140625,140.40000915527344,0.0043541364296081275,0.0008326087126258897,3,2
117,118,LEU,L,other,0,0,normal,58.8800048828125,81.83999633789062,139.08999633789062,0.005805515239477504,0.0019236639276791938,4,2
118,119,SER,S,other,0,0,normal,61.3900032043457,81.31000518798828,141.9600067138672,0.005805515239477504,0.054743877515278774,4,2
119,120,SER,S,other,0,0,normal,58.94000244140625,82.96000671386719,144.61000061035156,0.005805515239477504,0.001398013677596221,4,2
120,121,ALA,A,other,0,0,normal,56.43000030517578,80.26000213623047,143.37001037597656,0.010159651669085631,0.019724057807058014,7,2
121,122,PHE,F,other,0,0,normal,59.040000915527344,77.46000671386719,143.97000122070312,0.005805515239477504,0.003950254200015961,4,2
122,123,GLN,Q,other,0,0,normal,59.62000274658203,78.67000579833984,147.6300048828125,0.005805515239477504,0.004276603663742458,4,2
123,124,LEU,L,other,0,0,normal,55.8800048828125,78.0,148.37001037597656,0.005805515239477504,0.00023161224989710552,4,2
124,125,VAL,V,other,0,0,normal,55.77000045776367,74.70000457763672,146.4600067138672,0.0043541364296081275,0.0011053590071811367,3,2
125,126,GLY,G,other,0,0,normal,58.92000198364258,73.38999938964844,148.25,0.002902757619738752,3.129183965076901e-05,2,2
126,127,GLY,G,other,0,0,normal,58.55000305175781,71.60000610351562,151.63999938964844,0.002902757619738752,0.0014471596854220812,2,2
127,128,LYS,K,other,0,0,normal,59.42000579833984,73.57000732421875,154.9300079345703,0.001451378809869376,0.0,1,2
128,129,MET,M,other,0,0,normal,60.92000579833984,70.58000183105469,156.70001220703125,0.001451378809869376,0.0,1,2
129,130,ALA,A,other,0,0,normal,62.83000564575195,69.61000061035156,153.5900115966797,0.002902757619738752,0.002885881121949573,2,2
130,131,GLY,G,other,0,0,normal,65.91000366210938,71.99000549316406,154.0500030517578,0.002902757619738752,0.006782115697990585,2,2
131,132,GLN,Q,other,0,0,normal,68.45000457763672,69.22000122070312,154.36001586914062,0.002902757619738752,0.0012820864414216761,2,2
132,133,PHE,F,other,0,0,normal,66.76000213623047,66.90000915527344,151.8000030517578,0.005805515239477504,0.006394096886321049,4,2
133,134,PHE,F,other,0,0,normal,67.04000854492188,69.69000244140625,149.260009765625,0.0043541364296081275,0.010554746277883118,3,2
134,135,SER,S,other,0,0,normal,70.72000122070312,70.36000061035156,150.010009765625,0.002902757619738752,0.00012871845501288238,2,2
135,136,ASN,N,other,0,0,normal,71.16000366210938,66.69000244140625,149.04000854492188,0.002902757619738752,0.0017228114929792335,2,2
136,137,SER,S,other,0,0,normal,71.1500015258789,65.60000610351562,145.33999633789062,0.001451378809869376,0.0,1,2
137,138,SER,S,other,0,0,normal,68.8800048828125,62.52000427246094,145.8000030517578,0.002902757619738752,0.0015916874118097459,2,2
138,139,ILE,I,other,0,0,normal,67.86000061035156,61.20000457763672,142.16000366210938,0.001451378809869376,0.0,1,2
139,140,MET,M,other,0,0,normal,70.02999877929688,63.8800048828125,140.54000854492188,0.0043541364296081275,0.002353842853876767,3,2
140,141,SER,S,other,0,0,normal,72.99000549316406,62.05000305175781,141.86001586914062,0.002902757619738752,4.219124447294697e-06,2,2
141,142,ASN,N,other,0,0,normal,73.24000549316406,60.2300033569336,138.48001098632812,0.002902757619738752,5.674722381611367e-05,2,2
142,143,PRO,P,other,0,0,normal,74.82000732421875,62.80000305175781,135.94000244140625,0.0043541364296081275,1.0336854895872008e-05,3,2
143,144,LEU,L,other,0,0,normal,73.74000549316406,60.76000213623047,132.91000366210938,0.002902757619738752,1.033685489587201e-05,2,2
144,145,LEU,L,other,0,0,normal,70.02999877929688,61.00000381469727,134.19000244140625,0.005805515239477504,0.0017043052749502947,4,2
145,146,GLY,G,other,0,0,normal,70.67000579833984,64.67000579833984,134.8000030517578,0.010159651669085631,0.005506305654586796,7,2
146,147,LEU,L,other,0,0,normal,71.81999969482422,65.06000518798828,131.17001342773438,0.010159651669085631,0.001435554962321099,7,2
147,148,VAL,V,other,0,0,normal,68.7300033569336,63.29000473022461,129.95001220703125,0.005805515239477504,0.00482998845904021,4,2
148,149,ILE,I,other,0,0,normal,66.16999816894531,65.1300048828125,132.16000366210938,0.005805515239477504,0.005058677420444835,4,2
149,150,GLY,G,other,0,0,normal,67.86000061035156,68.52999877929688,130.8800048828125,0.010159651669085631,0.00483933192421229,7,2
150,151,VAL,V,other,0,0,normal,67.29000091552734,67.3800048828125,127.18000793457033,0.00725689404934688,0.01682087185996908,5,2
151,152,LEU,L,other,0,0,normal,63.69000244140625,66.5300064086914,127.86000061035156,0.005805515239477504,0.01144906792594434,4,2
152,153,VAL,V,other,0,0,normal,63.24000549316406,69.66000366210938,129.91000366210938,0.0043541364296081275,0.00016724140517470926,3,2
153,154,THR,T,other,0,0,normal,64.6300048828125,71.71000671386719,126.8800048828125,0.008708272859216255,0.04069359386498306,6,2
154,155,VAL,V,other,0,0,normal,62.37000274658203,69.83000183105469,124.34001159667967,0.0043541364296081275,0.0014506756224614934,3,2
155,156,LEU,L,other,0,0,normal,59.29000473022461,70.88999938964844,126.4600067138672,0.002902757619738752,0.0012886612436853768,2,2
156,157,VAL,V,other,0,0,normal,60.01000213623047,74.68000793457031,126.57000732421876,0.001451378809869376,0.0,1,2
157,158,GLN,Q,other,0,0,normal,61.80000305175781,74.79000854492188,123.12000274658205,0.001451378809869376,0.0,1,2
158,159,SER,S,other,0,0,normal,64.6300048828125,77.16000366210938,124.08000946044922,0.002902757619738752,0.0021058352896570873,2,2
159,160,SER,S,other,0,0,normal,68.06999969482422,77.24000549316406,125.77000427246094,0.002902757619738752,0.0024537724598058066,2,2
160,161,SER,S,other,0,0,normal,67.4800033569336,80.4000015258789,127.760009765625,0.005805515239477504,0.06332949388979346,4,2
161,162,THR,T,other,0,0,normal,63.910003662109375,79.31000518798828,128.91000366210938,0.002902757619738752,0.00226018875677997,2,2
162,163,SER,S,other,0,0,normal,65.44999694824219,75.80000305175781,129.90000915527344,0.00725689404934688,0.055353000299728755,5,2
163,164,THR,T,other,0,0,normal,68.31000518798828,77.41000366210938,131.9199981689453,0.0043541364296081275,0.024548303673331873,3,2
164,165,SER,S,other,0,0,normal,65.97000122070312,80.02999877929688,133.4600067138672,0.005805515239477504,0.004256809219869427,4,2
165,166,ILE,I,other,0,0,normal,64.05999755859375,77.10000610351562,135.1400146484375,0.005805515239477504,0.034474622113240434,4,2
166,167,VAL,V,other,0,0,normal,67.43000793457031,75.56000518798828,136.17001342773438,0.005805515239477504,0.018834589051436607,4,2
167,168,VAL,V,other,0,0,normal,68.80000305175781,78.75000762939453,137.75,0.005805515239477504,0.0019028886315161505,4,2
168,169,SER,S,other,0,0,normal,65.30000305175781,79.45000457763672,139.55999755859375,0.00725689404934688,0.05994621929012427,5,2
169,170,MET,M,other,0,0,normal,65.4000015258789,76.0,141.07000732421875,0.008708272859216255,0.01887854173973921,6,2
170,171,VAL,V,other,0,0,normal,68.93000030517578,77.06000518798828,142.54000854492188,0.005805515239477504,0.0010169845247738302,4,2
171,172,SER,S,other,0,0,normal,67.69000244140625,80.56999969482422,143.87001037597656,0.00725689404934688,0.02689530972767822,5,2
172,173,SER,S,other,0,0,normal,64.56999969482422,79.00000762939453,145.57000732421875,0.002902757619738752,0.004758094642863178,2,2
173,174,SER,S,other,0,0,normal,67.09000396728516,76.35000610351562,147.05999755859375,0.002902757619738752,0.00020195362724407726,2,2
174,175,LEU,L,other,0,0,normal,65.36000061035156,73.11000061035156,145.70001220703125,0.002902757619738752,0.011808285242378315,2,2
175,176,LEU,L,other,0,0,normal,68.42000579833984,72.0,143.77000427246094,0.002902757619738752,2.967450861263937e-05,2,2
176,177,THR,T,other,0,0,normal,72.20999908447266,72.13999938964844,144.3900146484375,0.002902757619738752,1.5821716677355116e-05,2,2
177,178,VAL,V,other,0,0,normal,74.77000427246094,74.05999755859375,142.2100067138672,0.002902757619738752,0.0014271188442974315,2,2
178,179,ARG,R,other,0,0,normal,76.52000427246094,70.56999969482422,141.77999877929688,0.0043541364296081275,0.0014573559028363766,3,2
179,180,ALA,A,other,0,0,normal,73.24000549316406,68.62000274658203,140.82000732421875,0.002902757619738752,4.219124447294697e-06,2,2
180,181,ALA,A,other,0,0,normal,72.33000183105469,71.49000549316406,138.510009765625,0.0043541364296081275,0.003841583128002647,3,2
181,182,ILE,I,other,0,0,normal,75.5,71.16000366210938,136.41000366210938,0.0043541364296081275,0.001895722932910315,3,2
182,183,PRO,P,other,0,0,normal,74.4800033569336,67.75,134.67001342773438,0.00725689404934688,0.00020394778786617316,5,2
183,184,ILE,I,other,0,0,normal,71.18000793457031,69.45000457763672,133.67001342773438,0.010159651669085631,0.007272742425327137,7,2
184,185,ILE,I,other,0,0,normal,73.20000457763672,72.43000793457031,132.29000854492188,0.005805515239477504,0.0017943240463028343,4,2
185,186,MET,M,other,0,0,normal,75.00000762939453,69.93000793457031,129.94000244140625,0.005805515239477504,0.0004937185334289327,4,2
186,187,GLY,G,other,0,0,normal,71.58000183105469,68.62000274658203,129.08999633789062,0.010159651669085631,0.00684618478733646,7,2
187,188,ALA,A,other,0,0,normal,70.24000549316406,72.01000213623047,128.3400115966797,0.00725689404934688,0.002757646362930381,5,2
188,189,ASN,N,other,0,0,normal,73.05000305175781,72.6500015258789,125.69000244140624,0.005805515239477504,0.0013144618289418705,4,2
189,190,ILE,I,other,0,0,normal,72.43000793457031,69.16000366210938,124.15000915527344,0.002902757619738752,1.4063748157648991e-06,2,2
190,191,GLY,G,other,0,0,normal,68.74000549316406,70.21000671386719,123.8600082397461,0.005805515239477504,0.005163701164498579,4,2
191,192,THR,T,other,0,0,normal,69.63999938964844,73.74000549316406,122.4600067138672,0.002902757619738752,0.0012506188049189355,2,2
192,193,SER,S,other,0,0,normal,69.38999938964844,72.97000122070312,118.65000915527344,0.0,0.0,0,2
193,194,ILE,I,other,0,0,normal,65.80000305175781,71.51000213623047,119.14000701904295,0.0,0.0,0,2
194,195,THR,T,other,0,0,normal,64.05000305175781,74.07000732421875,116.8600082397461,0.001451378809869376,0.0,1,2
195,196,ASN,N,other,0,0,normal,66.92000579833984,74.0300064086914,114.2800064086914,0.005805515239477504,0.02525071791174735,4,2
196,197,THR,T,other,0,0,normal,66.22000122070312,71.1500015258789,112.04000854492188,0.002902757619738752,4.219124447294697e-06,2,2
197,198,ILE,I,other,0,0,normal,62.470001220703125,71.45000457763672,112.3100128173828,0.005805515239477504,0.005472204408141253,4,2
198,199,VAL,V,other,0,0,normal,62.53000259399414,75.21000671386719,111.08000946044922,0.005805515239477504,0.004500399410447701,4,2
199,200,ALA,A,other,0,0,normal,64.77999877929688,74.22000122070312,108.23001098632812,0.005805515239477504,0.0014675521202506723,4,2
200,201,LEU,L,other,0,0,normal,62.37000274658203,71.44000244140625,107.1500015258789,0.0043541364296081275,0.0009612571865753175,3,2
201,202,MET,M,other,0,0,normal,59.25,73.76000213623047,107.760009765625,0.0043541364296081275,0.0004901216232940718,3,2
202,203,GLN,Q,other,0,0,normal,60.560001373291016,76.39000701904297,105.33000946044922,0.001451378809869376,0.0,1,2
203,204,VAL,V,other,0,0,normal,61.12000274658203,73.89000701904297,102.56000518798828,0.002902757619738752,2.1095622236473487e-06,2,2
204,205,GLY,G,other,0,0,normal,63.34000015258789,76.09000396728516,99.9800033569336,0.0,0.0,0,2
205,206,ASP,D,other,0,0,normal,64.8600082397461,74.55000305175781,96.87000274658205,0.002902757619738752,4.331634432555887e-05,2,2
206,207,ARG,R,other,0,0,normal,66.51000213623047,71.21000671386719,97.66000366210938,0.001451378809869376,0.0,1,2
207,208,SER,S,other,0,0,normal,70.1500015258789,72.58000183105469,97.69000244140624,0.005805515239477504,0.002041070581753597,4,2
208,209,GLU,E,other,0,0,normal,69.18000030517578,75.35000610351562,100.1100082397461,0.002902757619738752,0.0008839077600742338,2,2
209,210,PHE,F,other,0,0,normal,67.60000610351562,72.77000427246094,102.2800064086914,0.005805515239477504,0.003183155331655273,4,2
210,211,ARG,R,other,0,0,normal,70.95000457763672,70.74000549316406,102.52999877929688,0.0043541364296081275,0.0017856624205547407,3,2
211,212,ARG,R,other,0,0,normal,72.83000183105469,74.04000091552734,103.52000427246094,0.005805515239477504,0.0015569533202212484,4,2
212,213,ALA,A,other,0,0,normal,70.22000122070312,75.04000091552734,106.13999938964844,0.008708272859216255,0.019688179691710807,6,2
213,214,PHE,F,other,0,0,normal,70.32000732421875,71.5300064086914,107.49000549316406,0.005805515239477504,0.0007947857326606041,4,2
214,215,ALA,A,other,0,0,normal,74.18000030517578,71.88999938964844,107.58000183105467,0.00725689404934688,0.016587725633229446,5,2
215,216,GLY,G,other,0,0,normal,73.4800033569336,75.07000732421875,109.44000244140624,0.0043541364296081275,0.003791886681779361,3,2
216,217,ALA,A,other,0,0,normal,71.33000183105469,73.11000061035156,112.01000213623048,0.005805515239477504,0.014266252702672804,4,2
217,218,THR,T,other,0,0,normal,73.91999816894531,70.36000061035156,112.16000366210938,0.005805515239477504,0.0019533300992395763,4,2
218,219,VAL,V,other,0,0,normal,77.26000213623047,72.45000457763672,112.74000549316406,0.00725689404934688,0.00427136358695408,5,2
219,220,HSD,H,other,0,0,normal,75.5,73.94000244140625,115.86000061035156,0.0043541364296081275,0.004461921275408253,3,2
220,221,ASP,D,other,0,0,normal,74.41000366210938,70.46000671386719,117.1300048828125,0.005805515239477504,0.003459408088300423,4,2
221,222,PHE,F,other,0,0,normal,77.89000701904297,68.91000366210938,116.87000274658205,0.0043541364296081275,0.0041306360109154665,3,2
222,223,PHE,F,other,0,0,normal,79.41000366210938,71.88999938964844,118.5,0.005805515239477504,0.003888176101381588,4,2
223,224,ASN,N,other,0,0,normal,77.12000274658203,71.41000366210938,121.57000732421876,0.002902757619738752,0.003829312582856987,2,2
224,225,TRP,W,other,0,0,normal,77.79000091552734,67.62000274658203,121.34001159667967,0.0043541364296081275,0.015444290994841165,3,2
225,226,LEU,L,other,0,0,normal,81.66000366210938,67.83000183105469,121.39000701904295,0.0043541364296081275,0.0033156295050006867,3,2
226,227,SER,S,other,0,0,normal,81.7300033569336,70.5300064086914,124.10000610351562,0.0043541364296081275,0.019572289627926755,3,2
227,228,VAL,V,other,0,0,normal,79.84000396728516,67.97000122070312,126.30001068115234,0.0043541364296081275,0.012806851070419296,3,2
228,229,LEU,L,other,0,0,normal,81.74000549316406,64.8600082397461,124.94000244140624,0.001451378809869376,0.0,1,2
229,230,VAL,V,other,0,0,normal,85.16000366210938,66.16000366210938,126.2100067138672,0.0,0.0,0,2
230,231,LEU,L,other,0,0,normal,84.07000732421875,67.96000671386719,129.4300079345703,0.002902757619738752,0.009952914571168191,2,2
231,232,LEU,L,other,0,0,normal,81.51000213623047,65.49000549316406,130.72000122070312,0.002902757619738752,0.002869004624160394,2,2
232,233,PRO,P,other,0,0,normal,84.1500015258789,62.720001220703125,131.37001037597656,0.002902757619738752,8.438248894589395e-06,2,2
233,234,VAL,V,ECD,0,0,normal,86.21000671386719,65.4000015258789,133.3300018310547,0.005805515239477504,0.008581699125797414,4,2
234,235,GLU,E,ECD,0,0,normal,83.1300048828125,66.35000610351562,135.48001098632812,0.0043541364296081275,0.001451378809869376,3,2
235,236,VAL,V,ECD,0,0,normal,82.47000885009766,62.6300048828125,136.12001037597656,0.002902757619738752,0.001434502312080197,2,2
236,237,ALA,A,ECD,0,0,normal,86.20001220703125,61.75,136.82000732421875,0.001451378809869376,0.0,1,2
237,238,THR,T,ECD,0,0,normal,87.76000213623047,64.74000549316406,138.58999633789062,0.0,0.0,0,2
238,239,HSD,H,ECD,0,0,normal,85.37001037597656,67.80000305175781,138.29000854492188,0.001451378809869376,0.0,1,2
239,240,TYR,Y,ECD,0,0,normal,85.96000671386719,71.16000366210938,136.6800079345703,0.001451378809869376,0.0,1,2
240,241,LEU,L,ECD,0,0,normal,83.4000015258789,74.0300064086914,136.62001037597656,0.002902757619738752,0.015454652850440476,2,2
241,242,GLU,E,ECD,0,0,normal,82.92000579833984,74.56000518798828,140.40000915527344,0.001451378809869376,0.0,1,2
242,243,ILE,I,ECD,0,0,normal,86.75,75.16000366210938,141.0800018310547,0.0043541364296081275,0.01412984777398994,3,2
243,244,ILE,I,ECD,0,0,normal,87.4800033569336,78.18000030517578,138.760009765625,0.0,0.0,0,2
244,245,THR,T,ECD,0,0,normal,84.01000213623047,79.80000305175781,139.35000610351562,0.002902757619738752,0.0014471596854220812,2,2
245,246,GLN,Q,ECD,0,0,normal,84.38999938964844,79.72000885009766,143.27000427246094,0.0043541364296081275,0.011347335200999089,3,2
246,247,LEU,L,ECD,0,0,normal,87.20000457763672,82.260009765625,143.1300048828125,0.002902757619738752,4.219124447294697e-06,2,2
247,248,ILE,I,ECD,0,0,normal,85.09001159667969,84.30000305175781,140.69000244140625,0.005805515239477504,0.005968654718106174,4,2
248,249,VAL,V,ECD,0,0,normal,82.07000732421875,84.6300048828125,143.0900115966797,0.0043541364296081275,0.0026109348454675225,3,2
249,250,GLU,E,ECD,0,0,normal,84.21000671386719,84.96000671386719,146.260009765625,0.0043541364296081275,0.0004971534973728957,3,2
250,251,SER,S,ECD,0,0,normal,86.18000030517578,87.94999694824219,144.6800079345703,0.0043541364296081275,0.0009647731236147284,3,2
251,252,PHE,F,ECD,0,0,normal,82.9800033569336,90.0,143.8800048828125,0.0,0.0,0,2
252,253,HSD,H,ECD,0,0,normal,82.54000854492188,90.4000015258789,147.83001708984375,0.002902757619738752,2.1095622236473487e-06,2,2
253,254,PHE,F,ECD,0,0,normal,78.6300048828125,90.35000610351562,148.10000610351562,0.0,0.0,0,2
254,255,LYS,K,ECD,0,0,normal,77.29000854492188,91.4000015258789,151.510009765625,0.001451378809869376,0.0,1,2
255,256,ASN,N,ECD,0,0,normal,75.81000518798828,88.74000549316406,153.80001831054688,0.001451378809869376,0.0,1,2
256,257,GLY,G,ECD,0,0,normal,72.02000427246094,87.7800064086914,153.35000610351562,0.0043541364296081275,0.002890100246396868,3,2
257,258,GLU,E,ECD,0,0,normal,69.56999969482422,90.54000854492188,152.83999633789062,0.001451378809869376,0.0,1,2
258,259,ASP,D,ECD,0,0,normal,72.2300033569336,93.20999908447266,153.02999877929688,0.001451378809869376,0.0,1,2
259,260,ALA,A,ECD,0,0,normal,73.4000015258789,92.02999877929688,149.510009765625,0.005805515239477504,0.0043288216829243595,4,2
260,261,PRO,P,ECD,0,0,normal,73.55000305175781,94.57000732421876,146.5600128173828,0.0,0.0,0,2
261,262,ASP,D,ECD,0,0,normal,70.07000732421875,95.33000183105467,145.16000366210938,0.0,0.0,0,2
262,263,LEU,L,ECD,0,0,normal,71.06000518798828,94.760009765625,141.4199981689453,0.0,0.0,0,2
263,264,LEU,L,ECD,0,0,normal,68.19000244140625,92.84000396728516,139.7200164794922,0.0043541364296081275,0.022652796553665266,3,2
264,265,LYS,K,ECD,0,0,normal,65.77000427246094,92.29000091552734,142.54000854492188,0.0043541364296081275,0.029713987301487384,3,2
265,266,VAL,V,ECD,0,0,normal,64.81000518798828,96.10000610351562,142.85000610351562,0.002902757619738752,0.020821379147399333,2,2
266,267,ILE,I,ECD,0,0,normal,63.92000198364258,96.18000030517578,139.13999938964844,0.002902757619738752,0.002732415416843895,2,2
267,268,THR,T,ECD,0,0,normal,61.07000350952149,93.5600128173828,139.6400146484375,0.002902757619738752,0.028691981432199875,2,2
268,269,LYS,K,ECD,0,0,normal,59.76000213623047,95.30999755859376,142.760009765625,0.002902757619738752,0.019492354946501502,2,2
269,270,PRO,P,ECD,0,0,normal,56.7300033569336,97.41000366210938,141.7100067138672,0.0,0.0,0,2
270,271,PHE,F,ECD,0,0,normal,55.08000183105469,94.62001037597656,139.7200164794922,0.0,0.0,0,2
271,272,THR,T,ECD,0,0,normal,55.8800048828125,91.67000579833984,142.0,0.0043541364296081275,0.018281466230127923,3,2
272,273,LYS,K,ECD,0,0,normal,54.52999877929688,93.3800048828125,145.1400146484375,0.002902757619738752,0.0014471596854220812,2,2
273,274,LEU,L,ECD,0,0,normal,51.02000427246094,93.1300048828125,143.80999755859375,0.002902757619738752,0.012720660208593512,2,2
274,275,ILE,I,ECD,0,0,normal,51.400001525878906,89.35000610351562,143.30999755859375,0.002902757619738752,0.002885881121949573,2,2
275,276,VAL,V,ECD,0,0,normal,52.880001068115234,87.7800064086914,146.40000915527344,0.001451378809869376,0.0,1,2
276,277,GLN,Q,ECD,0,0,normal,55.12000274658203,88.46000671386719,149.44000244140625,0.001451378809869376,0.0,1,2
277,278,LEU,L,ECD,0,0,normal,56.900001525878906,85.70000457763672,151.40000915527344,0.002902757619738752,3.375299557835758e-05,2,2
278,279,ASP,D,ECD,0,0,normal,57.50000381469727,85.69000244140625,155.23001098632812,0.002902757619738752,2.1095622236473488e-05,2,2
279,280,LYS,K,ECD,0,0,normal,61.25000381469727,85.47000122070312,156.010009765625,0.002902757619738752,2.1095622236473487e-06,2,2
280,281,LYS,K,ECD,0,0,normal,60.54000473022461,84.49000549316406,159.5900115966797,0.002902757619738752,2.1095622236473487e-06,2,2
281,282,VAL,V,ECD,0,0,normal,59.31999969482422,81.08000946044922,158.23001098632812,0.0043541364296081275,1.9689247420708586e-05,3,2
282,283,ILE,I,ECD,0,0,normal,62.4900016784668,80.83000183105469,155.90000915527344,0.005805515239477504,4.922311855177146e-05,4,2
283,284,SER,S,ECD,0,0,normal,64.59000396728516,80.98999786376953,159.19000244140625,0.005805515239477504,2.6017934091650635e-05,4,2
284,285,GLN,Q,ECD,0,0,normal,62.6300048828125,77.97000122070312,160.58999633789062,0.00725689404934688,8.438248894589395e-05,5,2
285,286,ILE,I,ECD,0,0,normal,63.17000579833984,75.88999938964844,157.3000030517578,0.0043541364296081275,1.687649778917879e-05,3,2
286,287,ALA,A,ECD,0,0,normal,67.01000213623047,76.60000610351562,157.36001586914062,0.0043541364296081275,2.5314746683768183e-05,3,2
287,288,MET,M,ECD,0,0,normal,67.87000274658203,75.39000701904297,160.89999389648438,0.001451378809869376,0.0,1,2
288,289,ASN,N,ECD,0,0,normal,65.41000366210938,72.58000183105469,160.48001098632812,0.002902757619738752,2.1095622236473487e-06,2,2
289,290,ASP,D,ECD,0,0,normal,62.75,73.62000274658203,163.07000732421875,0.001451378809869376,0.0,1,2
290,291,GLU,E,ECD,0,0,normal,59.600006103515625,71.44000244140625,163.25,0.001451378809869376,0.0,1,2
291,292,LYS,K,ECD,0,0,normal,57.28000259399414,74.25,164.1400146484375,0.001451378809869376,0.0,1,2
292,293,ALA,A,ECD,0,0,normal,56.910003662109375,76.12000274658203,160.8800048828125,0.0043541364296081275,1.2657373341884091e-05,3,2
293,294,LYS,K,ECD,0,0,normal,54.280006408691406,73.35000610351562,160.10000610351562,0.002902757619738752,4.219124447294697e-06,2,2
294,295,ASN,N,ECD,1,0,normal,51.21000289916992,75.55000305175781,160.8300018310547,0.001451378809869376,0.0,1,2
295,296,LYS,K,ECD,0,0,normal,52.87000274658203,78.91000366210938,159.45001220703125,0.001451378809869376,0.0,1,2
296,297,SER,S,ECD,0,0,normal,51.62000274658203,80.1100082397461,156.0500030517578,0.001451378809869376,0.0,1,2
297,298,LEU,L,ECD,0,0,normal,54.59000015258789,81.37000274658203,154.02000427246094,0.001451378809869376,0.0,1,2
298,299,VAL,V,ECD,0,0,normal,52.55000305175781,84.10000610351562,152.29000854492188,0.002902757619738752,2.1095622236473488e-05,2,2
299,300,LYS,K,ECD,0,0,normal,52.7400016784668,87.21000671386719,154.3900146484375,0.0043541364296081275,4.641036892024167e-05,3,2
300,301,ILE,I,ECD,0,0,normal,49.280006408691406,88.8600082397461,154.6999969482422,0.002902757619738752,0.008556384379113647,2,2
301,302,TRP,W,ECD,0,0,normal,50.51000213623047,92.00000762939452,156.6300048828125,0.002902757619738752,0.0007172511560400985,2,2
302,303,CYS,C,ECD,0,0,normal,52.83000564575195,94.82000732421876,155.3100128173828,0.0043541364296081275,0.0036031322779896714,3,2
303,304,LYS,K,ECD,0,0,normal,54.060001373291016,95.58999633789062,158.73001098632812,0.001451378809869376,0.0,1,2
304,305,THR,T,ECD,0,0,normal,52.97000503540039,94.44000244140624,162.22000122070312,0.001451378809869376,0.0,1,2
305,306,PHE,F,ECD,0,0,normal,53.85000228881836,96.29000854492188,165.510009765625,0.001451378809869376,0.0,1,2
306,307,THR,T,ECD,0,0,normal,54.2300033569336,95.0500030517578,169.21002197265625,0.001451378809869376,0.0,1,2
307,308,ASN,N,ECD,1,0,normal,52.37000274658203,96.75,172.1400146484375,0.001451378809869376,0.0,1,2
308,309,LYS,K,ECD,0,0,normal,53.20000076293945,96.15000915527344,175.8000030517578,0.001451378809869376,0.0,1,2
309,310,THR,T,ECD,0,0,normal,51.61000061035156,96.760009765625,179.260009765625,0.001451378809869376,0.0,1,2
310,311,GLN,Q,epitope,0,0,normal,51.660003662109375,95.6300048828125,182.83001708984372,0.001451378809869376,0.0,1,2
311,312,ILE,I,epitope,0,0,normal,48.62000274658203,94.260009765625,184.5600128173828,0.002902757619738752,8.438248894589395e-06,2,2
312,313,ASN,N,epitope,0,0,normal,47.75,93.04000854492188,188.0600128173828,0.001451378809869376,0.0,1,2
313,314,VAL,V,epitope,0,0,normal,46.79000473022461,89.260009765625,188.62001037597656,0.001451378809869376,0.0,1,2
314,315,THR,T,epitope,0,0,normal,45.59000015258789,87.6300048828125,191.8800201416016,0.001451378809869376,0.0,1,2
315,316,VAL,V,epitope,0,0,normal,47.86000061035156,84.82000732421875,193.3700256347656,0.002902757619738752,2.5314746683768183e-05,2,2
316,317,PRO,P,epitope,0,0,normal,46.46000289916992,81.3800048828125,194.72000122070312,0.0,0.0,0,2
317,318,SER,S,epitope,0,0,normal,49.19000244140625,80.36000061035156,197.2400054931641,0.002902757619738752,4.2191244472946976e-05,2,2
318,319,THR,T,epitope,0,0,normal,52.12000274658203,82.7800064086914,198.0600128173828,0.002902757619738752,0.00010125898673507273,2,2
319,320,ALA,A,epitope,0,0,normal,54.44000244140625,79.66000366210938,198.45001220703125,0.001451378809869376,0.0,1,2
320,321,ASN,N,epitope,0,0,normal,53.87000274658203,78.60000610351562,194.79000854492188,0.002902757619738752,7.594424005130455e-05,2,2
321,322,CYS,C,epitope,0,0,normal,54.380001068115234,82.14000701904297,193.48001098632807,0.002902757619738752,0.00011813548452425152,2,2
322,323,THR,T,epitope,0,0,normal,57.70000457763672,82.58000183105469,191.510009765625,0.0,0.0,0,2
323,324,SER,S,epitope,0,0,normal,58.68000411987305,85.69000244140625,193.3700256347656,0.0043541364296081275,0.00013079285786613562,3,2
324,325,PRO,P,epitope,0,0,normal,56.93000411987305,86.11000061035156,196.8500061035156,0.002902757619738752,1.2657373341884091e-05,2,2
325,326,SER,S,epitope,0,0,normal,58.6300048828125,89.52999877929688,197.20001220703125,0.002902757619738752,7.594424005130455e-05,2,2
326,327,LEU,L,epitope,0,0,normal,56.62000274658203,90.77999877929688,194.1700134277344,0.002902757619738752,2.5314746683768183e-05,2,2
327,328,CYS,C,epitope,0,0,normal,53.51000213623047,89.14000701904297,195.9200134277344,0.0043541364296081275,8.016336449859926e-05,3,2
328,329,TRP,W,epitope,0,0,normal,51.53000259399414,91.57000732421876,198.0500030517578,0.001451378809869376,0.0,1,2
329,330,THR,T,epitope,0,0,normal,48.209999084472656,91.27999877929688,199.83001708984372,0.001451378809869376,0.0,1,2
330,331,ASP,D,epitope,0,0,normal,45.36000061035156,93.81000518798828,199.6200256347656,0.001451378809869376,0.0,1,2
331,332,GLY,G,epitope,0,0,normal,41.79000473022461,93.5300064086914,200.8700256347656,0.0,0.0,0,2
332,333,ILE,I,epitope,0,0,normal,41.2400016784668,89.79000091552734,201.29000854492188,0.0,0.0,0,2
333,334,GLN,Q,epitope,0,0,normal,43.130001068115234,88.81999969482422,198.1199951171875,0.001451378809869376,0.0,1,2
334,335,ASN,N,epitope,0,0,normal,46.95000076293945,88.41999816894531,197.05001831054688,0.002902757619738752,1.687649778917879e-05,2,2
335,336,TRP,W,epitope,0,0,normal,48.2300033569336,90.32000732421876,194.07000732421875,0.0043541364296081275,2.953387113106288e-05,3,2
336,337,THR,T,epitope,0,0,normal,51.32000350952149,90.35000610351562,191.8699951171875,0.002902757619738752,4.2191244472946976e-05,2,2
337,338,MET,M,epitope,0,0,normal,52.09999847412109,92.19001007080078,188.77999877929688,0.002902757619738752,8.438248894589395e-06,2,2
338,339,LYS,K,epitope,0,0,normal,52.9900016784668,90.65000915527344,185.46002197265625,0.001451378809869376,0.0,1,2
339,340,ASN,N,epitope,0,0,normal,54.59000015258789,91.68000030517578,182.0600128173828,0.001451378809869376,0.0,1,2
340,341,VAL,V,epitope,0,0,normal,52.6300048828125,91.52000427246094,178.77999877929688,0.001451378809869376,0.0,1,2
341,342,THR,T,ECD,0,0,normal,53.51000213623047,92.20000457763672,175.08001708984375,0.001451378809869376,0.0,1,2
342,343,TYR,Y,ECD,0,0,normal,51.2300033569336,91.5500030517578,172.07000732421875,0.001451378809869376,0.0,1,2
343,344,LYS,K,ECD,0,0,normal,51.32000350952149,92.06000518798828,168.2100067138672,0.001451378809869376,0.0,1,2
344,345,GLU,E,ECD,0,0,normal,49.06999969482422,94.88999938964844,166.92001342773438,0.001451378809869376,0.0,1,2
345,346,ASN,N,ECD,0,0,normal,48.209999084472656,94.7800064086914,163.19000244140625,0.001451378809869376,0.0,1,2
346,347,ILE,I,ECD,0,0,normal,48.68000030517578,97.84000396728516,161.0,0.0,0.0,0,2
347,348,ALA,A,ECD,0,0,normal,48.06999969482422,97.22000122070312,157.32000732421875,0.002902757619738752,0.0014471596854220812,2,2
348,349,LYS,K,ECD,0,0,normal,47.68000030517578,94.3000030517578,154.91000366210938,0.002902757619738752,6.328686670942046e-06,2,2
349,350,CYS,C,ECD,0,0,normal,49.650001525878906,93.43000793457033,151.77000427246094,0.0043541364296081275,0.007157744624835454,3,2
350,351,GLN,Q,ECD,0,0,normal,48.04000473022461,94.93000030517578,148.69000244140625,0.0,0.0,0,2
351,352,HSD,H,ECD,0,0,normal,48.04000473022461,91.8600082397461,146.510009765625,0.002902757619738752,0.011341006514328147,2,2
352,353,ILE,I,ECD,0,0,normal,45.67000579833984,89.42000579833984,144.77000427246094,0.0,0.0,0,2
353,354,PHE,F,ECD,0,0,normal,45.8800048828125,86.5300064086914,147.27000427246094,0.001451378809869376,0.0,1,2
354,355,VAL,V,ECD,0,0,normal,44.9900016784668,88.59000396728516,150.37001037597656,0.002902757619738752,0.009952914571168191,2,2
355,356,ASN,N,ECD,0,0,normal,41.290000915527344,88.13999938964844,150.6300048828125,0.0,0.0,0,2
356,357,PHE,F,ECD,0,0,normal,41.2400016784668,84.3800048828125,149.40000915527344,0.001451378809869376,0.0,1,2
357,358,HSD,H,ECD,0,0,normal,41.77999877929688,81.25,151.40000915527344,0.0,0.0,0,2
358,359,LEU,L,ECD,0,0,normal,44.31999969482422,78.77999877929688,149.79000854492188,0.0,0.0,0,2
359,360,PRO,P,ECD,0,0,normal,47.16999816894531,76.39000701904297,150.94000244140625,0.002902757619738752,2.1095622236473487e-06,2,2
360,361,ASP,D,ECD,0,0,normal,50.81000518798828,77.56000518798828,150.32000732421875,0.002902757619738752,2.1095622236473487e-06,2,2
361,362,LEU,L,other,0,0,normal,51.470001220703125,75.02000427246094,147.5800018310547,0.005805515239477504,0.0012107065315158367,4,2
362,363,ALA,A,other,0,0,normal,48.33000183105469,76.04000854492188,145.65000915527344,0.005805515239477504,0.0018512853440386318,4,2
363,364,VAL,V,other,0,0,normal,49.380001068115234,79.74000549316406,145.79000854492188,0.005805515239477504,0.00027533938500813,4,2
364,365,GLY,G,other,0,0,normal,52.81999969482422,78.74000549316406,144.5500030517578,0.010159651669085631,0.00604453057833864,7,2
365,366,THR,T,other,0,0,normal,51.46000289916992,76.26000213623047,141.97000122070312,0.005805515239477504,0.0008952433426580248,4,2
366,367,ILE,I,other,0,0,normal,49.20000076293945,78.94000244140625,140.33001708984375,0.005805515239477504,0.002416353616439721,4,2
367,368,LEU,L,other,0,0,normal,52.22999954223633,81.35000610351562,140.07000732421875,0.005805515239477504,0.002415330760260003,4,2
368,369,LEU,L,other,0,0,normal,54.20000076293945,78.41000366210938,138.69000244140625,0.00725689404934688,0.007882025032297789,5,2
369,370,ILE,I,other,0,0,normal,51.7400016784668,77.92000579833984,135.6699981689453,0.002902757619738752,0.0009529389489145076,2,2
370,371,LEU,L,other,0,0,normal,51.4900016784668,81.79000854492188,135.28001403808594,0.0043541364296081275,0.0021025848966692057,3,2
371,372,SER,S,other,0,0,normal,55.30000305175781,82.49000549316406,135.57000732421875,0.005805515239477504,0.006153297940484858,4,2
372,373,LEU,L,other,0,0,normal,56.18000030517578,79.63999938964844,133.0500030517578,0.002902757619738752,0.0008692383508540809,2,2
373,374,LEU,L,other,0,0,normal,53.43000411987305,81.12999725341797,130.6199951171875,0.0043541364296081275,0.002785751336385528,3,2
374,375,VAL,V,other,0,0,normal,54.82000350952149,84.7300033569336,131.15000915527344,0.002902757619738752,0.0024644723932540275,2,2
375,376,LEU,L,other,0,0,normal,58.45000457763672,83.57000732421875,130.61001586914062,0.005805515239477504,0.012886557275866649,4,2
376,377,CYS,C,other,0,0,normal,57.7300033569336,81.71000671386719,127.25,0.0043541364296081275,0.001952676914700827,3,2
377,378,GLY,G,other,0,0,normal,54.96000289916992,84.19999694824219,126.29000854492188,0.005805515239477504,0.005230773689452414,4,2
378,379,CYS,C,other,0,0,normal,57.24000549316406,87.3800048828125,126.5500030517578,0.00725689404934688,0.0143379097292215,5,2
379,380,LEU,L,other,0,0,normal,59.600006103515625,85.34000396728516,124.44000244140624,0.005805515239477504,0.0017521263953461357,4,2
380,381,ILE,I,other,0,0,normal,57.09000015258789,84.66999816894531,121.74000549316406,0.005805515239477504,0.005980030959791822,4,2
381,382,MET,M,other,0,0,normal,56.06000518798828,88.3499984741211,122.02000427246094,0.005805515239477504,0.00797503765486738,4,2
382,383,ILE,I,other,0,0,normal,59.70000457763672,89.40000915527344,121.29000854492188,0.005805515239477504,0.0019798289163115096,4,2
383,384,VAL,V,other,0,0,normal,59.95000457763672,86.80000305175781,118.4800033569336,0.005805515239477504,0.004853693911973524,4,2
384,385,LYS,K,other,0,0,normal,56.70000076293945,88.45000457763672,117.04000854492188,0.005805515239477504,0.0046031158330128025,4,2
385,386,ILE,I,other,0,0,normal,58.12000274658203,92.06000518798828,117.24000549316406,0.005805515239477504,0.0019101233125181276,4,2
386,387,LEU,L,other,0,0,normal,61.400001525878906,91.0600128173828,115.35000610351562,0.005805515239477504,0.00317673506744699,4,2
387,388,GLY,G,other,0,0,normal,60.1300048828125,88.47000122070312,112.75000762939452,0.005805515239477504,0.0021929595671261125,4,2
388,389,SER,S,other,0,0,normal,58.32000350952149,91.04000091552734,110.58000183105467,0.0043541364296081275,0.0014492692476457286,3,2
389,390,VAL,V,other,0,0,normal,61.55000305175781,93.18000793457033,110.58000183105467,0.0043541364296081275,0.0012130476364022,3,2
390,391,LEU,L,other,0,0,normal,63.69000244140625,90.01000213623047,109.75,0.002902757619738752,0.00023481523642777063,2,2
391,392,LYS,K,other,0,0,normal,62.00000381469727,89.47000122070312,106.4000015258789,0.001451378809869376,0.0,1,2
392,393,GLY,G,other,0,0,normal,63.209999084472656,92.99000549316406,105.07000732421876,0.002902757619738752,3.5159370394122474e-06,2,2
393,394,GLN,Q,other,0,0,normal,66.51000213623047,93.91999816894533,103.19000244140624,0.0,0.0,0,2
394,395,VAL,V,other,0,0,normal,68.35000610351562,92.3000030517578,106.08000946044922,0.001451378809869376,0.0,1,2
395,396,ALA,A,other,0,0,normal,70.04000091552734,89.38999938964844,104.29000854492188,0.002902757619738752,2.5314746683768183e-05,2,2
396,397,THR,T,other,0,0,normal,72.0,91.77000427246094,101.83999633789062,0.002902757619738752,0.0028521281263712154,2,2
397,398,VAL,V,other,0,0,normal,73.4000015258789,93.74000549316406,104.94000244140624,0.005805515239477504,0.004316164309582475,4,2
398,399,ILE,I,other,0,0,normal,74.6300048828125,90.54000854492188,106.55999755859376,0.0043541364296081275,0.001451378809869376,3,2
399,400,LYS,K,other,0,0,normal,76.18000793457031,89.21000671386719,103.36000061035156,0.0043541364296081275,0.009965571944510076,3,2
400,401,LYS,K,other,0,0,normal,78.17000579833984,92.49000549316406,102.90000915527344,0.001451378809869376,0.0,1,2
401,402,THR,T,other,0,0,normal,79.14000701904297,92.70000457763672,106.65000915527344,0.001451378809869376,0.0,1,2
402,403,ILE,I,other,0,0,normal,80.1100082397461,89.25,107.77000427246094,0.0,0.0,0,2
403,404,ASN,N,other,0,0,normal,82.2800064086914,88.15000915527344,104.8000030517578,0.0,0.0,0,2
404,405,THR,T,other,0,0,normal,84.94000244140625,90.93000793457033,105.04000854492188,0.0,0.0,0,2
405,406,ASP,D,other,0,0,normal,87.72000122070312,91.2300033569336,107.66000366210938,0.001451378809869376,0.0,1,2
406,407,PHE,F,other,0,0,normal,90.22000122070312,93.69000244140624,108.98001098632812,0.001451378809869376,0.0,1,2
407,408,PRO,P,other,0,0,normal,93.68000030517578,93.61000061035156,107.04000854492188,0.0,0.0,0,2
408,409,PHE,F,other,0,0,normal,96.79000854492188,91.64000701904295,108.27999877929688,0.002902757619738752,0.0014471596854220812,2,2
409,410,PRO,P,other,0,0,normal,97.82000732421876,91.2300033569336,111.17000579833984,0.0,0.0,0,2
410,411,PHE,F,other,0,0,normal,94.31999969482422,91.91000366210938,112.47000885009766,0.001451378809869376,0.0,1,2
411,412,ALA,A,other,0,0,normal,92.43000030517578,89.51000213623047,110.30999755859376,0.005805515239477504,0.005759104870557262,4,2
412,413,TRP,W,other,0,0,normal,91.64000701904295,87.32000732421875,113.26000213623048,0.0,0.0,0,2
413,414,LEU,L,other,0,0,normal,89.80000305175781,90.04000854492188,115.16999816894533,0.002902757619738752,0.007151415938164512,2,2
414,415,THR,T,other,0,0,normal,86.64000701904297,90.20000457763672,113.04000854492188,0.002902757619738752,1.476693556553144e-05,2,2
415,416,GLY,G,other,0,0,normal,86.13999938964844,86.57000732421875,114.11000061035156,0.002902757619738752,3.5159370394122474e-06,2,2
416,417,TYR,Y,other,0,0,normal,86.11000061035156,87.44000244140625,117.92000579833984,0.005805515239477504,0.008935662122551279,4,2
417,418,LEU,L,other,0,0,normal,84.19999694824219,90.65000915527344,117.14000701904295,0.005805515239477504,0.0017217139971914645,4,2
418,419,ALA,A,other,0,0,normal,81.50000762939453,88.58000946044922,115.260009765625,0.005805515239477504,0.0010442165800771033,4,2
419,420,ILE,I,other,0,0,normal,81.2300033569336,86.41000366210938,118.4600067138672,0.008708272859216255,0.011266986354485165,6,2
420,421,LEU,L,other,0,0,normal,80.65000915527344,89.66000366210938,120.44000244140624,0.005805515239477504,0.0032425954244048594,4,2
421,422,VAL,V,other,0,0,normal,78.16000366210938,90.91999816894533,117.82000732421876,0.0043541364296081275,0.0011441001537051043,3,2
422,423,GLY,G,other,0,0,normal,76.32000732421875,87.62000274658203,118.06000518798828,0.010159651669085631,0.005344760582441464,7,2
423,424,ALA,A,other,0,0,normal,76.29000091552734,87.93000030517578,121.81999969482422,0.010159651669085631,0.006814812531894575,7,2
424,425,GLY,G,other,0,0,normal,75.18000030517578,91.6300048828125,121.52000427246094,0.005805515239477504,0.0002012689786932876,4,2
425,426,MET,M,other,0,0,normal,72.26000213623047,90.82000732421876,119.29000854492188,0.0043541364296081275,0.00016844017227957557,3,2
426,427,THR,T,other,0,0,normal,71.21000671386719,87.66999816894531,121.07000732421876,0.008708272859216255,0.0029669822427870517,6,2
427,428,PHE,F,other,0,0,normal,70.46000671386719,89.87000274658203,124.0500030517578,0.00725689404934688,0.003123923611192957,5,2
428,429,ILE,I,other,0,0,normal,67.82000732421875,91.55999755859376,121.8600082397461,0.002902757619738752,5.062949336753637e-06,2,2
429,430,VAL,V,other,0,0,normal,65.84000396728516,88.30001068115234,121.34001159667967,0.002902757619738752,2.8127496315297983e-06,2,2
430,431,GLN,Q,other,0,0,normal,66.95999908447266,86.44000244140625,124.53001403808594,0.001451378809869376,0.0,1,2
431,432,SER,S,other,0,0,normal,67.6500015258789,82.96000671386719,123.15000915527344,0.005805515239477504,0.04306562147540927,4,2
432,433,SER,S,other,0,0,normal,70.30999755859375,81.0,121.17000579833984,0.00725689404934688,0.021804079506789028,5,2
433,434,SER,S,other,0,0,normal,67.72000122070312,78.4800033569336,120.06000518798828,0.0043541364296081275,0.006909754013928105,3,2
434,435,VAL,V,other,0,0,normal,65.7300033569336,81.30000305175781,118.42001342773438,0.0043541364296081275,0.046282775939796926,3,2
435,436,PHE,F,other,0,0,normal,69.02000427246094,82.89000701904297,117.10000610351562,0.0043541364296081275,0.010431437125636442,3,2
436,437,THR,T,other,0,0,normal,70.2800064086914,79.62000274658203,115.37001037597656,0.0043541364296081275,0.0054675252051013335,3,2
437,438,SER,S,other,0,0,normal,66.69000244140625,78.97000122070312,114.0300064086914,0.00725689404934688,0.05684073738520695,5,2
438,439,ALA,A,other,0,0,normal,66.55999755859375,82.45001220703125,112.47000885009766,0.002902757619738752,0.00012814083678497893,2,2
439,440,LEU,L,other,0,0,normal,70.09000396728516,82.19001007080078,111.07000732421876,0.0043541364296081275,0.010360355498837058,3,2
440,441,THR,T,other,0,0,normal,69.59000396728516,78.69000244140625,109.68000793457033,0.005805515239477504,0.028374527862327862,4,2
441,442,PRO,P,other,0,0,normal,67.52999877929688,79.70999908447266,106.510009765625,0.002902757619738752,9.493030006413069e-06,2,2
442,443,LEU,L,other,0,0,normal,70.24000549316406,82.45001220703125,105.83000183105467,0.00725689404934688,0.017136983681627086,5,2
443,444,ILE,I,other,0,0,normal,72.7300033569336,79.49000549316406,105.87001037597656,0.005805515239477504,0.004516663117344059,4,2
444,445,GLY,G,other,0,0,normal,70.3800048828125,77.7300033569336,103.42001342773438,0.008708272859216255,0.005874084734475456,6,2
445,446,ILE,I,other,0,0,normal,69.8499984741211,80.66000366210938,101.13999938964844,0.001451378809869376,0.0,1,2
446,447,GLY,G,other,0,0,normal,73.55000305175781,81.41999816894531,101.0300064086914,0.005805515239477504,0.001651902301440761,4,2
447,448,VAL,V,other,0,0,normal,73.62000274658203,84.83000946044922,102.87001037597656,0.002902757619738752,0.011341006514328147,2,2
448,449,ILE,I,other,0,0,normal,76.86000061035156,83.54000091552734,104.37000274658205,0.002902757619738752,0.0,2,2
449,450,THR,T,other,0,0,normal,78.67000579833984,80.25000762939453,104.07000732421876,0.002902757619738752,2.1095622236473487e-06,2,2
450,451,ILE,I,other,0,0,normal,78.81000518798828,77.68000793457031,106.83000183105467,0.002902757619738752,4.219124447294697e-06,2,2
451,452,GLU,E,other,0,0,normal,82.29000091552734,78.80000305175781,108.17000579833984,0.0043541364296081275,0.0007849713148520957,3,2
452,453,ARG,R,other,0,0,normal,81.15000915527344,82.40000915527344,108.19000244140624,0.0043541364296081275,0.000825554348877514,3,2
453,454,ALA,A,other,0,0,normal,77.8800048828125,81.66000366210938,110.08000183105467,0.0043541364296081275,0.0016039510493523765,3,2
454,455,TYR,Y,other,0,0,normal,79.92000579833984,79.77000427246094,112.97000885009766,0.005805515239477504,0.004128432699705347,4,2
455,456,PRO,P,other,0,0,normal,81.04000091552734,82.87001037597656,115.0500030517578,0.0043541364296081275,0.0002067878007442697,3,2
456,457,LEU,L,other,0,0,normal,77.4800033569336,84.2800064086914,115.0500030517578,0.008708272859216255,0.005265151654250258,6,2
457,458,THR,T,other,0,0,normal,76.44000244140625,80.80000305175781,116.1100082397461,0.005805515239477504,0.005841675352020993,4,2
458,459,LEU,L,other,0,0,normal,79.07000732421875,80.60000610351562,118.8800048828125,0.002902757619738752,5.6254992630595965e-06,2,2
459,460,GLY,G,other,0,0,normal,78.37000274658203,84.17000579833984,120.27000427246094,0.008708272859216255,0.015916430122875344,6,2
460,461,SER,S,other,0,0,normal,74.67000579833984,83.57000732421875,120.67000579833984,0.010159651669085631,0.015717878313943588,7,2
461,462,ASN,N,other,0,0,normal,75.26000213623047,80.77999877929688,123.4600067138672,0.0043541364296081275,0.0016807320782516251,3,2
462,463,ILE,I,other,0,0,normal,77.18000793457031,83.6300048828125,125.3000030517578,0.00725689404934688,0.026398704929059307,5,2
463,464,GLY,G,other,0,0,normal,74.07000732421875,85.87001037597656,124.77000427246094,0.010159651669085631,0.013816059980847596,7,2
464,465,THR,T,other,0,0,normal,71.8800048828125,83.02000427246094,126.09000396728516,0.010159651669085631,0.04133503779259177,7,2
465,466,THR,T,other,0,0,normal,74.1300048828125,82.63999938964844,129.1300048828125,0.00725689404934688,0.03348921828742392,5,2
466,467,THR,T,other,0,0,normal,73.86000061035156,86.3800048828125,129.7200164794922,0.005805515239477504,0.01614071738814207,4,2
467,468,THR,T,other,0,0,normal,70.06000518798828,85.58000183105469,130.29000854492188,0.005805515239477504,0.01319906193398188,4,2
468,469,ALA,A,other,0,0,normal,71.04000854492188,83.22999572753906,132.99000549316406,0.00725689404934688,0.023390976373652273,5,2
469,470,ILE,I,other,0,0,normal,72.8800048828125,86.09000396728516,134.77000427246094,0.00725689404934688,0.01967815825370461,5,2
470,471,LEU,L,other,0,0,normal,69.47000122070312,87.91000366210938,134.87001037597656,0.005805515239477504,0.00405615701809738,4,2
471,472,ALA,A,other,0,0,normal,68.06000518798828,84.92000579833984,136.63999938964844,0.005805515239477504,0.027391628005755838,4,2
472,473,ALA,A,other,0,0,normal,71.09000396728516,84.69001007080078,138.8400115966797,0.008708272859216255,0.022178206046553774,6,2
473,474,LEU,L,other,0,0,normal,71.16999816894531,88.26000213623047,140.19000244140625,0.0043541364296081275,0.000528216857088103,3,2
474,475,ALA,A,other,0,0,normal,67.41999816894531,88.66000366210938,140.5600128173828,0.005805515239477504,0.04588758057049779,4,2
475,476,SER,S,other,0,0,normal,67.80999755859375,85.9800033569336,143.3000030517578,0.0043541364296081275,0.002428099185812764,3,2
476,477,PRO,P,other,0,0,normal,66.80000305175781,86.54000091552734,146.95001220703125,0.0,0.0,0,2
477,478,GLY,G,other,0,0,normal,70.04000091552734,87.80000305175781,148.69000244140625,0.005805515239477504,0.010018779791706515,4,2
478,479,ASN,N,other,0,0,normal,70.74000549316406,84.75,150.83001708984375,0.001451378809869376,0.0,1,2
479,480,ALA,A,other,0,0,normal,71.13999938964844,82.62000274658203,147.78001403808594,0.0043541364296081275,0.006090699847098365,3,2
480,481,LEU,L,other,0,0,normal,72.62000274658203,85.32000732421875,145.45001220703125,0.0043541364296081275,0.006058230933002929,3,2
481,482,ARG,R,other,0,0,normal,76.12000274658203,83.77999877929688,145.5800018310547,0.002902757619738752,8.916081480802847e-05,2,2
482,483,SER,S,other,0,0,normal,74.92000579833984,80.20999908447266,144.66000366210938,0.0043541364296081275,0.0009655814483869302,3,2
483,484,SER,S,other,0,0,normal,72.68000030517578,81.66000366210938,141.97000122070312,0.008708272859216255,0.025687629774422877,6,2
484,485,LEU,L,other,0,0,normal,75.61000061035156,83.57000732421875,140.5600128173828,0.005805515239477504,0.0030551914571474094,4,2
485,486,GLN,Q,other,0,0,normal,77.97000122070312,80.5,140.6699981689453,0.005805515239477504,0.003330000158730562,4,2
486,487,ILE,I,other,0,0,normal,75.5,78.4000015258789,138.6300048828125,0.0043541364296081275,0.014307653234427387,3,2
487,488,ALA,A,other,0,0,normal,75.10000610351562,81.08000946044922,135.98001098632812,0.008708272859216255,0.012419385531229378,6,2
488,489,LEU,L,other,0,0,normal,78.82000732421875,81.66000366210938,135.79000854492188,0.005805515239477504,0.004072959083061493,4,2
489,490,CYS,C,other,0,0,normal,79.2300033569336,77.84000396728516,135.48001098632812,0.00725689404934688,0.026518041930668108,5,2
490,491,HSD,H,other,0,0,normal,76.70000457763672,77.71000671386719,132.55001831054688,0.0043541364296081275,0.0032674928275348023,3,2
491,492,PHE,F,other,0,0,normal,78.69000244140625,80.55000305175781,131.0500030517578,0.00725689404934688,0.029802842800312614,5,2
492,493,PHE,F,other,0,0,normal,82.11000061035156,78.85000610351562,131.98001098632812,0.0043541364296081275,0.009465772343138399,3,2
493,494,PHE,F,other,0,0,normal,81.20001220703125,75.56000518798828,130.23001098632812,0.005805515239477504,0.006799713748665097,4,2
494,495,ASN,N,other,0,0,normal,80.10000610351562,77.3800048828125,126.88999938964844,0.005805515239477504,0.021081505479691773,4,2
495,496,ILE,I,other,0,0,normal,83.26000213623047,79.56999969482422,127.08000183105467,0.005805515239477504,0.010183239840383905,4,2
496,497,SER,S,other,0,0,normal,85.2800064086914,76.36000061035156,127.3000030517578,0.005805515239477504,0.004601443352031468,4,2
497,498,GLY,G,other,0,0,normal,83.60000610351562,74.8499984741211,124.14000701904295,0.00725689404934688,0.021637138410373815,5,2
498,499,ILE,I,other,0,0,normal,84.18000030517578,78.06000518798828,122.2800064086914,0.00725689404934688,0.011115323179331357,5,2
499,500,LEU,L,other,0,0,normal,87.74000549316406,78.0300064086914,123.34000396728516,0.002902757619738752,8.142057834905574e-05,2,2
500,501,LEU,L,other,0,0,normal,88.26000213623047,74.33000183105469,122.52999877929688,0.002902757619738752,0.0001848682739424293,2,2
501,502,TRP,W,other,0,0,normal,86.47000122070312,74.35000610351562,119.16000366210938,0.0043541364296081275,0.008548931543046196,3,2
502,503,TYR,Y,other,0,0,normal,87.06000518798828,77.76000213623047,117.69001007080078,0.002902757619738752,0.0011460121000526054,2,2
503,504,PRO,P,other,0,0,normal,90.54000854492188,79.43000030517578,117.24000549316406,0.0,0.0,0,2
504,505,ILE,I,other,0,0,normal,92.47000885009766,77.22000885009766,114.8100128173828,0.002902757619738752,0.0014471596854220812,2,2
505,506,PRO,P,other,0,0,normal,90.86000061035156,75.95999908447266,111.52000427246094,0.001451378809869376,0.0,1,2
506,507,PHE,F,other,0,0,normal,92.2100067138672,72.58000183105469,112.87001037597656,0.001451378809869376,0.0,1,2
507,508,THR,T,other,0,0,normal,89.73999786376953,72.4800033569336,115.87001037597656,0.0043541364296081275,0.007310511364022205,3,2
508,509,ARG,R,other,0,0,normal,86.69999694824219,73.49000549316406,113.8000030517578,0.0043541364296081275,0.0015784774936532216,3,2
509,510,LEU,L,other,0,0,normal,85.66000366210938,69.77999877929688,113.58000946044922,0.0043541364296081275,0.004590358224491852,3,2
510,511,PRO,P,other,0,0,normal,81.75,70.56000518798828,113.8800048828125,0.00725689404934688,0.0019456607572817923,5,2
511,512,ILE,I,other,0,0,normal,81.87000274658203,72.05000305175781,110.39000701904295,0.0043541364296081275,0.0015687815996052587,3,2
512,513,ARG,R,other,0,0,normal,83.57000732421875,68.87000274658203,108.95000457763672,0.005805515239477504,0.0034561770493069855,4,2
513,514,MET,M,other,0,0,normal,81.15000915527344,66.58000183105469,110.81000518798828,0.0043541364296081275,0.0004203350736245078,3,2
514,515,ALA,A,other,0,0,normal,78.09000396728516,68.47000122070312,109.3600082397461,0.010159651669085631,0.01511707515846602,7,2
515,516,LYS,K,other,0,0,normal,79.67000579833984,68.44000244140625,105.8499984741211,0.0043541364296081275,0.0009263876129021781,3,2
516,517,GLY,G,other,0,0,normal,80.35000610351562,64.69000244140625,106.18000030517578,0.005805515239477504,0.005188972141474475,4,2
517,518,LEU,L,other,0,0,normal,76.81000518798828,64.11000061035156,107.56000518798828,0.005805515239477504,0.0032393686135131507,4,2
518,519,GLY,G,other,0,0,normal,75.46000671386719,65.95999908447266,104.4100112915039,0.0043541364296081275,0.002892209808620515,3,2
519,520,ASN,N,other,0,0,normal,77.42000579833984,63.93000030517578,101.92000579833984,0.0043541364296081275,0.0014541915595009055,3,2
520,521,ILE,I,other,0,0,normal,76.27000427246094,60.74000549316406,103.70001220703124,0.001451378809869376,0.0,1,2
521,522,SER,S,other,0,0,normal,72.56000518798828,61.80000305175781,103.58000946044922,0.002902757619738752,0.001447159685422081,2,2
522,523,ALA,A,other,0,0,normal,72.76000213623047,63.7400016784668,100.29000091552734,0.001451378809869376,0.0,1,2
523,524,LYS,K,other,0,0,normal,70.3800048828125,61.5,98.4600067138672,0.0,0.0,0,2
524,525,TYR,Y,other,0,0,normal,67.76000213623047,61.660003662109375,101.13999938964844,0.001451378809869376,0.0,1,2
525,526,ARG,R,other,0,0,normal,65.09000396728516,64.24000549316406,102.14000701904295,0.0,0.0,0,2
526,527,TRP,W,other,0,0,normal,63.660003662109375,62.15999984741211,104.95001220703124,0.0,0.0,0,2
527,528,PHE,F,other,0,0,normal,66.94000244140625,62.25000381469727,106.7800064086914,0.001451378809869376,0.0,1,2
528,529,ALA,A,other,0,0,normal,66.3800048828125,65.5300064086914,108.69000244140624,0.002902757619738752,0.0008100718938805818,2,2
529,530,VAL,V,other,0,0,normal,63.01000213623047,64.25,110.36000061035156,0.002902757619738752,0.0004050359469402909,2,2
530,531,PHE,F,other,0,0,normal,64.84000396728516,60.7300033569336,110.85000610351562,0.005805515239477504,0.0006750599115671516,4,2
531,532,TYR,Y,other,0,0,normal,67.80000305175781,62.57000350952149,112.58000183105467,0.0043541364296081275,0.001590609916630101,3,2
532,533,LEU,L,other,0,0,normal,65.58000183105469,64.31000518798828,115.19001007080078,0.0043541364296081275,0.00024470921794309246,3,2
533,534,ILE,I,other,0,0,normal,63.970001220703125,61.01000213623047,116.4000015258789,0.002902757619738752,0.00022783272015391366,2,2
534,535,ILE,I,other,0,0,normal,67.41000366210938,59.34000396728516,116.64000701904295,0.002902757619738752,0.0017467175211800048,2,2
535,536,PHE,F,other,0,0,normal,69.33000183105469,62.100006103515625,118.4000015258789,0.001451378809869376,0.0,1,2
536,537,PHE,F,other,0,0,normal,66.80000305175781,64.19000244140625,120.32000732421876,0.001451378809869376,0.0,1,2
537,538,PHE,F,other,0,0,normal,64.56000518798828,61.2300033569336,121.4600067138672,0.001451378809869376,0.0,1,2
538,539,LEU,L,other,0,0,normal,65.67000579833984,57.53000259399414,120.89000701904295,0.002902757619738752,0.001898606001282614,2,2
539,540,ILE,I,other,0,0,normal,69.2300033569336,58.12000274658203,122.3000030517578,0.0043541364296081275,0.00025314746683768185,3,2
540,541,PRO,P,other,0,0,normal,68.12000274658203,60.02000427246094,125.44000244140624,0.002902757619738752,2.1095622236473487e-06,2,2
541,542,LEU,L,other,0,0,normal,65.09000396728516,57.85000228881836,126.17000579833984,0.005805515239477504,0.0022480901430001927,4,2
542,543,THR,T,other,0,0,normal,67.68000030517578,54.910003662109375,125.79000854492188,0.005805515239477504,0.00015839296362552186,4,2
543,544,VAL,V,other,0,0,normal,70.07000732421875,56.42000198364258,128.35000610351562,0.005805515239477504,0.0012690774743758508,4,2
544,545,PHE,F,other,0,0,normal,66.99000549316406,57.20000457763672,130.5900115966797,0.005805515239477504,0.0014462807011622293,4,2
545,546,GLY,G,other,0,0,normal,65.8800048828125,53.57000350952149,130.42001342773438,0.005805515239477504,7.692870242233997e-05,4,2
546,547,LEU,L,other,0,0,normal,69.5300064086914,52.290000915527344,130.92001342773438,0.00725689404934688,0.0030053175031784047,5,2
547,548,SER,S,other,0,0,normal,69.70999908447266,54.59999847412109,133.97000122070312,0.005805515239477504,0.00018103559815933664,4,2
548,549,LEU,L,other,0,0,normal,66.80000305175781,52.61000061035156,135.41000366210938,0.0043541364296081275,0.00013335949190490672,3,2
549,550,ALA,A,other,0,0,normal,68.52000427246094,49.280006408691406,134.55999755859375,0.002902757619738752,6.328686670942046e-05,2,2
550,551,GLY,G,other,0,0,normal,71.35000610351562,50.79000473022461,136.63999938964844,0.0043541364296081275,0.00011047074177833283,3,2
551,552,TRP,W,other,0,0,normal,74.41000366210938,53.06999969482422,136.35000610351562,0.002902757619738752,0.00010473976440409096,2,2
552,553,ARG,R,other,0,0,normal,76.7300033569336,49.900001525878906,136.02000427246094,0.002902757619738752,0.003181219833260202,2,2
553,554,VAL,V,other,0,0,normal,74.54000854492188,48.75,133.1199951171875,0.0043541364296081275,0.00010899404822177956,3,2
554,555,LEU,L,other,0,0,normal,74.82000732421875,52.150001525878906,131.4300079345703,0.00725689404934688,0.003488442411764044,5,2
555,556,VAL,V,other,0,0,normal,78.6500015258789,52.410003662109375,131.97000122070312,0.002902757619738752,0.003164343335471023,2,2
556,557,GLY,G,other,0,0,normal,78.72000122070312,48.910003662109375,130.25,0.002902757619738752,0.00010473976440409096,2,2
557,558,VAL,V,other,0,0,normal,77.29000854492188,50.40000534057617,127.04000854492188,0.001451378809869376,0.0,1,2
558,559,GLY,G,other,0,0,normal,78.97000122070312,53.790000915527344,127.50000762939452,0.002902757619738752,0.003139028588787255,2,2
559,560,VAL,V,other,0,0,normal,82.55000305175781,52.55000305175781,127.42000579833984,0.002902757619738752,6.96155533803625e-05,2,2
560,561,PRO,P,other,0,0,normal,82.6100082397461,50.900001525878906,123.8800048828125,0.001451378809869376,0.0,1,2
561,562,VAL,V,other,0,0,normal,80.6300048828125,53.93000030517578,122.51000213623048,0.005805515239477504,0.0031357236079702084,4,2
562,563,VAL,V,other,0,0,normal,82.97000122070312,56.52000427246094,123.82000732421876,0.0043541364296081275,6.448228530282063e-05,3,2
563,564,PHE,F,other,0,0,normal,85.98999786376953,54.38999938964844,122.9600067138672,0.005805515239477504,0.001138741688324839,4,2
564,565,ILE,I,other,0,0,normal,84.86000061035156,54.0,119.31999969482422,0.005805515239477504,0.0017175352437528832,4,2
565,566,ILE,I,other,0,0,normal,83.63999938964844,57.61000061035156,118.99000549316406,0.005805515239477504,0.0003343187332875793,4,2
566,567,ILE,I,other,0,0,normal,86.80000305175781,59.29000473022461,120.3800048828125,0.005805515239477504,0.0011594622772771084,4,2
567,568,LEU,L,other,0,0,normal,88.8600082397461,57.02000045776367,118.25000762939452,0.005805515239477504,0.0009863844166169747,4,2
568,569,VAL,V,other,0,0,normal,86.62001037597656,57.61000061035156,115.20000457763672,0.005805515239477504,0.0006152889818971433,4,2
569,570,LEU,L,other,0,0,normal,86.93000793457031,61.43000030517578,115.60000610351562,0.005805515239477504,0.0011113642585779487,4,2
570,571,CYS,C,other,0,0,normal,90.68000793457033,61.150001525878906,116.07000732421876,0.005805515239477504,0.0005574166582284177,4,2
571,572,LEU,L,other,0,0,normal,90.91999816894533,59.11000061035156,112.80999755859376,0.005805515239477504,0.0010561171678986512,4,2
572,573,ARG,R,other,0,0,normal,88.68000030517578,61.65000534057617,111.12000274658205,0.0043541364296081275,0.0006602929760016202,3,2
573,574,LEU,L,other,0,0,normal,91.10000610351562,64.34000396728516,112.41000366210938,0.0043541364296081275,0.00021018271621606419,3,2
574,575,LEU,L,other,0,0,normal,94.0500030517578,62.21000289916992,111.22000885009766,0.005805515239477504,0.0008860864526726747,4,2
575,576,GLN,Q,other,0,0,normal,92.41000366210938,61.76000213623047,107.74000549316406,0.002902757619738752,0.0004472271914132379,2,2
576,577,SER,S,other,0,0,normal,91.88999938964844,65.58000183105469,107.80999755859376,0.002902757619738752,1.7579685197061235e-05,2,2
577,578,ARG,R,other,0,0,normal,95.66000366210938,66.1300048828125,108.20999908447266,0.001451378809869376,0.0,1,2
578,579,CYS,C,other,0,0,normal,97.51000213623048,63.13999938964844,106.61000061035156,0.002902757619738752,0.0004472271914132379,2,2
579,580,PRO,P,other,0,0,normal,95.5300064086914,60.68000411987305,104.3800048828125,0.002902757619738752,0.00022783272015391366,2,2
580,581,ARG,R,other,0,0,normal,98.99000549316406,58.9900016784668,103.5,0.001451378809869376,0.0,1,2
581,582,VAL,V,other,0,0,normal,100.16000366210938,58.2300033569336,107.05001068115234,0.001451378809869376,0.0,1,2
582,583,LEU,L,other,0,0,normal,97.33000946044922,55.86000442504883,108.0300064086914,0.001451378809869376,0.0,1,2
583,584,PRO,P,other,0,0,normal,97.5,51.99000549316406,107.1500015258789,0.001451378809869376,0.0,1,2
584,585,LYS,K,other,0,0,normal,96.12000274658205,51.630001068115234,103.510009765625,0.002902757619738752,4.2191244472946976e-05,2,2
585,586,LYS,K,other,0,0,normal,93.0,49.910003662109375,104.74000549316406,0.001451378809869376,0.0,1,2
586,587,LEU,L,other,0,0,normal,92.51000213623048,52.78000259399414,107.14000701904295,0.0043541364296081275,6.328686670942046e-05,3,2
587,588,GLN,Q,other,0,0,normal,93.13999938964844,55.1400032043457,104.31000518798828,0.002902757619738752,2.5314746683768183e-05,2,2
588,589,ASN,N,other,0,0,normal,89.94000244140625,53.47999954223633,103.13999938964844,0.002902757619738752,4.2191244472946976e-05,2,2
589,590,TRP,W,other,0,0,normal,86.8600082397461,53.790000915527344,105.37001037597656,0.001451378809869376,0.0,1,2
590,591,ASN,N,other,0,0,normal,85.66000366210938,50.12000274658203,105.2800064086914,0.002902757619738752,2.5314746683768183e-05,2,2
591,592,PHE,F,other,0,0,normal,86.93000793457031,48.86000061035156,108.5300064086914,0.001451378809869376,0.0,1,2
592,593,LEU,L,other,0,0,normal,83.75,49.9900016784668,110.3800048828125,0.001451378809869376,0.0,1,2
593,594,PRO,P,other,0,0,normal,80.56999969482422,47.75,110.36000061035156,0.0,0.0,0,2
594,595,LEU,L,other,0,0,normal,77.99000549316406,48.87000274658203,107.52999877929688,0.002902757619738752,4.219124447294697e-06,2,2
595,596,TRP,W,other,0,0,normal,75.26000213623047,50.44000244140625,109.72000122070312,0.0,0.0,0,2
596,597,MET,M,other,0,0,normal,77.97000122070312,52.59000396728516,111.37000274658205,0.001451378809869376,0.0,1,2
597,598,ARG,R,other,0,0,normal,78.9000015258789,54.37000274658203,108.10000610351562,0.001451378809869376,0.0,1,2
598,599,SER,S,other,0,0,normal,75.91000366210938,53.95000457763672,105.82000732421876,0.001451378809869376,0.0,1,2
599,600,LEU,L,other,0,0,normal,72.22000122070312,54.44000244140625,105.6300048828125,0.0,0.0,0,2
600,601,LYS,K,other,0,0,normal,71.27000427246094,51.43000030517578,103.510009765625,0.0043541364296081275,0.00013852791935284258,3,2
601,602,PRO,P,other,0,0,normal,69.2800064086914,49.4800033569336,106.1300048828125,0.002902757619738752,9.844623710354293e-06,2,2
602,603,TRP,W,other,0,0,normal,66.93000030517578,52.470001220703125,106.760009765625,0.0043541364296081275,7.230523563739083e-05,3,2
603,604,ASP,D,other,0,0,normal,66.88999938964844,53.47999954223633,103.02000427246094,0.005805515239477504,0.00023959530752546443,4,2
604,605,ALA,A,other,0,0,normal,64.9800033569336,50.290000915527344,102.41000366210938,0.0043541364296081275,0.00015451502320595323,3,2
605,606,VAL,V,other,0,0,normal,62.25000381469727,51.06000518798828,105.02999877929688,0.0043541364296081275,0.00015149247990381325,3,2
606,607,VAL,V,other,0,0,normal,61.52000427246094,54.59000015258789,104.01000213623048,0.0043541364296081275,0.0002727157335774896,3,2
607,608,SER,S,other,0,0,normal,61.53000259399414,53.62000274658203,100.29000091552734,0.0043541364296081275,0.00023608476252031738,3,2
608,609,LYS,K,other,0,0,normal,59.06999969482422,50.86000442504883,101.02000427246094,0.0043541364296081275,0.0002837529555609501,3,2
609,610,PHE,F,other,0,0,normal,57.01000213623047,52.95000076293945,103.37001037597656,0.005805515239477504,0.00036578024572163966,4,2
610,611,THR,T,other,0,0,normal,56.7400016784668,55.77999877929688,100.69000244140624,0.0043541364296081275,0.00022312237189953016,3,2
611,612,GLY,G,other,0,0,normal,56.43000030517578,52.78000259399414,98.15000915527344,0.005805515239477504,0.00043431484886495857,4,2
612,613,CYS,C,other,0,0,normal,53.27999877929688,51.84000015258789,100.1300048828125,0.005805515239477504,0.00036795634946779364,4,2
613,614,PHE,F,other,0,0,normal,51.7400016784668,55.40000534057617,99.82000732421876,0.005805515239477504,0.0003237083449616384,4,2
614,615,GLN,Q,other,0,0,normal,52.4900016784668,55.2400016784668,96.04000091552734,0.005805515239477504,0.0004232803074663945,4,2
615,616,MET,M,other,0,0,normal,50.7300033569336,51.83000183105469,95.91999816894533,0.005805515239477504,0.00036921483060503585,4,2
616,617,ARG,R,other,0,0,normal,47.83000183105469,53.400001525878906,97.92000579833984,0.005805515239477504,0.00034104890754410274,4,2
617,618,CYS,C,other,0,0,normal,47.62000274658203,55.96000289916992,95.06000518798828,0.005805515239477504,0.00042134830855432846,4,2
618,619,CYS,C,other,0,0,normal,47.3800048828125,52.93000030517578,92.70000457763672,0.005805515239477504,0.0003468229023677713,4,2
619,620,CYS,C,other,0,0,normal,44.92000198364258,51.08000183105469,95.02000427246094,0.005805515239477504,0.00033610036237593333,4,2
620,621,CYS,C,other,0,0,normal,42.55000305175781,54.160003662109375,95.37001037597656,0.005805515239477504,0.00041578202774208994,4,2
621,622,CYS,C,other,0,0,normal,42.4800033569336,54.55000305175781,91.61000061035156,0.0043541364296081275,0.0002635929096438169,3,2
622,623,ARG,R,other,0,0,normal,41.62000274658203,50.82000350952149,91.27999877929688,0.005805515239477504,0.00031356386735047757,4,2
623,624,VAL,V,other,0,0,normal,38.53000259399414,50.77999877929688,93.6300048828125,0.0043541364296081275,0.0002722936117277046,3,2
624,625,CYS,C,other,0,0,normal,37.25,53.910003662109375,91.95999908447266,0.005805515239477504,0.0002828133493257301,4,2
625,626,CYS,C,other,0,0,normal,37.77000045776367,52.28000259399414,88.47000122070312,0.005805515239477504,0.0002365748274635842,4,2
626,627,ARG,R,other,0,0,normal,36.17000198364258,48.880001068115234,89.52000427246094,0.005805515239477504,0.00024966912784535637,4,2
627,628,ALA,A,other,0,0,normal,33.11000061035156,50.62000274658203,91.010009765625,0.005805515239477504,0.0001627192721092663,4,2
628,629,CYS,C,other,0,0,normal,32.44000244140625,52.540000915527344,87.76000213623047,0.005805515239477504,0.0001622358423965299,4,2
629,630,CYS,C,other,0,0,normal,32.55000305175781,49.30000305175781,85.76000213623047,0.0043541364296081275,0.00013712154453707768,3,2
630,631,LEU,L,other,0,0,normal,29.18000221252441,48.2300033569336,87.1500015258789,0.002902757619738752,4.219124447294697e-06,2,2
631,632,LEU,L,other,0,0,normal,27.530000686645508,51.63999938964844,86.46000671386719,0.001451378809869376,0.0,1,2
632,633,CYS,C,other,0,0,normal,28.93000030517578,52.35000228881836,83.05000305175781,0.001451378809869376,0.0,1,2
633,634,ASP,D,other,0,0,normal,30.940000534057617,51.1300048828125,80.13999938964844,0.0,0.0,0,2
634,635,CYS,C,other,0,0,normal,34.58000183105469,52.09999847412109,80.37001037597656,0.001451378809869376,0.0,1,2
635,636,PRO,P,other,0,0,normal,35.86000061035156,55.69000244140625,79.45000457763672,0.001451378809869376,0.0,1,2
636,637,LYS,K,other,0,0,normal,37.69000244140625,56.07000350952149,76.1100082397461,0.0,0.0,0,2
637,638,CYS,C,other,0,0,normal,40.77000045776367,57.46000289916992,77.86000061035156,0.001451378809869376,0.0,1,2
638,639,CYS,C,other,0,0,normal,42.15999984741211,55.8900032043457,80.98999786376953,0.001451378809869376,0.0,1,2
639,640,ARG,R,other,0,0,normal,44.37000274658203,58.68000411987305,82.20000457763672,0.002902757619738752,4.219124447294697e-06,2,2
640,641,CYS,C,other,0,0,normal,44.790000915527344,57.95000076293945,86.04000091552734,0.0043541364296081275,5.6958180038478415e-05,3,2
641,642,SER,S,other,0,0,normal,44.93000030517578,54.25,85.41000366210938,0.005805515239477504,7.067033449218619e-05,4,2
642,643,LYS,K,other,0,0,normal,47.630001068115234,54.83000183105469,82.84000396728516,0.005805515239477504,6.223208559759678e-05,4,2
643,644,CYS,C,other,0,0,normal,49.650001525878906,57.09000015258789,85.21000671386719,0.005805515239477504,8.64920511695413e-05,4,2
644,645,CYS,C,other,0,0,normal,48.9900016784668,54.31999969482422,87.83000183105469,0.005805515239477504,6.539642893306781e-05,4,2
645,646,GLU,E,other,0,0,normal,50.42000198364258,51.7300033569336,85.55000305175781,0.005805515239477504,6.750599115671516e-05,4,2
646,647,ASP,D,other,0,0,normal,53.50000381469727,54.03000259399414,85.0,0.005805515239477504,6.117730448577312e-05,4,2
647,648,LEU,L,other,0,0,normal,54.03000259399414,54.11000061035156,88.77000427246094,0.005805515239477504,4.957471225571269e-05,4,2
648,649,GLU,E,other,0,0,normal,53.6300048828125,50.33000564575195,89.01000213623047,0.005805515239477504,5.1684274479360046e-05,4,2
649,650,GLU,E,other,0,0,normal,56.61000061035156,50.02000427246094,86.41999816894531,0.0043541364296081275,1.8986060012826137e-05,3,2
650,651,ALA,A,other,0,0,normal,58.61000061035156,52.61000061035156,88.31000518798828,0.002902757619738752,2.1095622236473487e-06,2,2
651,652,GLN,Q,other,0,0,normal,58.27999877929688,50.94000244140625,91.760009765625,0.002902757619738752,2.1095622236473487e-06,2,2
652,653,GLU,E,other,0,0,normal,59.34000396728516,47.57000350952149,90.4499969482422,0.0,0.0,0,2
653,654,GLY,G,other,0,0,normal,61.97000503540039,49.34000015258789,88.4000015258789,0.0,0.0,0,2
654,655,GLN,Q,other,0,0,normal,65.75,49.42000579833984,88.89000701904297,0.0,0.0,0,2
655,656,ASP,D,other,0,0,normal,68.36000061035156,51.88999938964844,87.32000732421875,0.0,0.0,0,2
656,657,VAL,V,other,0,0,normal,71.71000671386719,50.43000030517578,85.98999786376953,0.0,0.0,0,2
657,658,PRO,P,other,0,0,normal,74.5,50.12000274658203,88.69000244140625,0.0,0.0,0,2
658,659,VAL,V,other,0,0,normal,77.47000122070312,52.29999923706055,87.75000762939453,0.0,0.0,0,2
659,660,LYS,K,other,0,0,normal,80.74000549316406,50.33000564575195,87.7800064086914,0.0,0.0,0,2
660,661,ALA,A,other,0,0,normal,84.29000854492188,50.18000030517578,86.24000549316406,0.0,0.0,0,2
661,662,PRO,P,other,0,0,normal,84.24000549316406,48.209999084472656,82.87001037597656,0.0,0.0,0,2
662,663,GLU,E,other,0,0,normal,84.33999633789062,44.30000305175781,82.75000762939453,0.0,0.0,0,2
663,664,THR,T,other,0,0,normal,87.96000671386719,42.9900016784668,82.63999938964844,0.0,0.0,0,2
664,665,PHE,F,other,0,0,normal,87.2300033569336,40.150001525878906,80.09001159667969,0.0,0.0,0,2
665,666,ASP,D,other,0,0,normal,89.68000793457031,38.02000427246094,77.93000030517578,0.0,0.0,0,2
666,667,ASN,N,other,0,0,normal,90.05000305175781,38.19000244140625,74.08000183105469,0.0,0.0,0,2
667,668,ILE,I,other,0,0,normal,89.40000915527344,41.959999084472656,73.85000610351562,0.0,0.0,0,2
668,669,THR,T,other,0,0,normal,91.5500030517578,44.34000015258789,71.80000305175781,0.0,0.0,0,2
669,670,ILE,I,other,0,0,normal,91.3800048828125,47.9900016784668,73.22000122070312,0.0,0.0,0,2
670,671,SER,S,other,0,0,normal,93.81000518798828,50.80000305175781,72.11000061035156,0.0,0.0,0,2
671,672,ARG,R,other,0,0,normal,94.68000793457033,53.100006103515625,74.97000122070312,0.0,0.0,0,2
672,673,GLU,E,other,0,0,normal,96.49000549316406,55.4800033569336,72.55000305175781,0.001451378809869376,0.0,1,2
673,674,ALA,A,other,0,0,normal,97.27000427246094,58.34000015258789,72.58000183105469,0.0,0.0,0,2
674,675,GLN,Q,other,0,0,normal,98.26000213623048,59.0,76.25000762939453,0.001451378809869376,0.0,1,2
675,676,GLY,G,other,0,0,normal,98.32000732421876,62.86000061035156,76.49000549316406,0.0,0.0,0,2
676,677,GLU,E,other,0,0,normal,100.3800048828125,62.84000396728516,79.67000579833984,0.0,0.0,0,2
677,678,VAL,V,other,0,0,normal,103.25000762939452,60.380001068115234,79.05000305175781,0.0,0.0,0,2
678,679,PRO,P,other,0,0,normal,102.9800033569336,57.400001525878906,81.55999755859375,0.0,0.0,0,2
679,680,ALA,A,other,0,0,normal,105.8800048828125,56.35000228881836,83.67000579833984,0.0,0.0,0,2
680,681,SER,S,other,0,0,normal,106.67000579833984,53.51000213623047,85.98999786376953,0.0,0.0,0,2
681,682,ASP,D,other,0,0,normal,106.67000579833984,53.05000305175781,89.72000122070312,0.0,0.0,0,2
682,683,SER,S,other,0,0,normal,109.14000701904295,54.9800033569336,91.91000366210938,0.0,0.0,0,2
683,684,LYS,K,other,0,0,normal,112.42000579833984,53.720001220703125,93.12000274658205,0.0,0.0,0,2
684,685,THR,T,other,0,0,normal,112.91000366210938,55.94000244140625,96.17000579833984,0.0,0.0,0,2
685,686,GLU,E,other,0,0,normal,111.22000885009766,56.37000274658203,99.48001098632812,0.0,0.0,0,2
686,687,CYS,C,other,0,0,normal,109.51000213623048,59.78000259399414,100.14000701904295,0.0,0.0,0,2
687,688,THR,T,other,0,0,normal,107.41000366210938,61.540000915527344,102.83000946044922,0.001451378809869376,0.0,1,2
688,689,ALA,A,other,0,0,normal,104.02000427246094,60.47000503540039,103.91999816894533,0.0,0.0,0,2
689,690,LEU,L,other,0,0,normal,102.91000366210938,63.4800033569336,105.89000701904295,0.002902757619738752,0.00022783272015391366,2,2
