nodeidx,resid,resname,aa1,region,isglycosylated,label,condition,x_ca,y_ca,z_ca,degree_centrality,betweenness_centrality,degree,cluster
0,1,MET,M,other,0,0,normal,121.22000885009766,83.81000518798828,98.52000427246094,0.0,0.0,0,0
1,2,ALA,A,other,0,0,normal,117.90000915527344,83.24000549316406,100.40000915527344,0.0,0.0,0,0
2,3,PRO,P,other,0,0,normal,114.48001098632812,82.23999786376953,98.68000030517578,0.0,0.0,0,0
3,4,TRP,W,other,0,0,normal,113.06999969482422,84.07000732421875,95.66000366210938,0.0,0.0,0,0
4,5,PRO,P,other,0,0,normal,111.52000427246094,87.44000244140625,96.83000183105467,0.0,0.0,0,0
5,6,GLU,E,other,0,0,normal,107.66999816894533,87.08000183105469,96.1300048828125,0.0,0.0,0,0
6,7,LEU,L,other,0,0,normal,106.68000030517578,90.77000427246094,96.7300033569336,0.0,0.0,0,0
7,8,GLY,G,other,0,0,normal,109.19000244140624,92.11000061035156,94.27000427246094,0.0,0.0,0,0
8,9,ASP,D,other,0,0,normal,108.34000396728516,93.23001098632812,90.72999572753906,0.0,0.0,0,0
9,10,ALA,A,other,0,0,normal,110.35000610351562,90.14000701904295,89.42000579833984,0.0,0.0,0,0
10,11,GLN,Q,other,0,0,normal,113.72000885009766,91.010009765625,87.86000061035156,0.0,0.0,0,0
11,12,PRO,P,other,0,0,normal,114.67001342773438,89.94000244140625,84.33000183105469,0.0,0.0,0,0
12,13,ASN,N,other,0,0,normal,116.24000549316406,86.5300064086914,84.2300033569336,0.0,0.0,0,0
13,14,PRO,P,other,0,0,normal,119.20001220703124,84.92000579833984,82.260009765625,0.0,0.0,0,0
14,15,ASP,D,other,0,0,normal,118.63999938964844,84.17000579833984,78.54000854492188,0.0,0.0,0,0
15,16,LYS,K,other,0,0,normal,116.87000274658205,80.86000061035156,77.42000579833984,0.0,0.0,0,0
16,17,TYR,Y,other,0,0,normal,118.91999816894533,78.86000061035156,74.69000244140625,0.0,0.0,0,0
17,18,LEU,L,other,0,0,normal,116.4600067138672,78.27000427246094,71.87000274658203,0.0,0.0,0,0
18,19,GLU,E,other,0,0,normal,113.37001037597656,80.06999969482422,73.41000366210938,0.0,0.0,0,0
19,20,GLY,G,other,0,0,normal,110.93000793457033,81.81999969482422,73.21000671386719,0.0,0.0,0,0
20,21,ALA,A,other,0,0,normal,109.3000030517578,78.6500015258789,71.93000030517578,0.0,0.0,0,0
21,22,ALA,A,other,0,0,normal,108.5,78.30000305175781,68.16000366210938,0.0,0.0,0,0
22,23,GLY,G,other,0,0,normal,105.67000579833984,75.77000427246094,68.96000671386719,0.0,0.0,0,0
23,24,GLN,Q,other,0,0,normal,103.97000122070312,73.16000366210938,66.71000671386719,0.0,0.0,0,0
24,25,GLN,Q,other,0,0,normal,100.68000793457033,72.31000518798828,65.21000671386719,0.0,0.0,0,0
25,26,PRO,P,other,0,0,normal,99.31999969482422,68.66000366210938,65.70999908447266,0.0,0.0,0,0
26,27,THR,T,other,0,0,normal,100.2100067138672,65.97000122070312,63.160003662109375,0.0,0.0,0,0
27,28,ALA,A,other,0,0,normal,98.83000183105467,66.71000671386719,59.72999954223633,0.0,0.0,0,0
28,29,PRO,P,other,0,0,normal,97.260009765625,63.900001525878906,57.42000198364258,0.0,0.0,0,0
29,30,ASP,D,other,0,0,normal,99.31999969482422,62.56000518798828,54.49000549316406,0.0,0.0,0,0
30,31,LYS,K,other,0,0,normal,98.8000030517578,64.66000366210938,51.380001068115234,0.0,0.0,0,0
31,32,SER,S,other,0,0,normal,100.99000549316406,62.52000427246094,49.17000198364258,0.0,0.0,0,0
32,33,LYS,K,other,0,0,normal,97.9600067138672,60.07000350952149,48.82000350952149,0.001451378809869376,0.0,1,0
33,34,GLU,E,other,0,0,normal,96.55999755859376,59.14000701904297,46.4900016784668,0.0,0.0,0,0
34,35,THR,T,other,0,0,normal,99.55001068115234,57.910003662109375,44.400001525878906,0.001451378809869376,0.0,1,0
35,36,ASN,N,other,0,0,normal,100.56999969482422,54.30000305175781,43.17000579833984,0.0,0.0,0,0
36,37,LYS,K,other,0,0,normal,104.0500030517578,54.75000381469727,44.78000259399414,0.0,0.0,0,0
37,38,THR,T,other,0,0,normal,104.52000427246094,52.57000350952149,47.959999084472656,0.0,0.0,0,0
38,39,ASP,D,other,0,0,normal,107.11000061035156,52.11000442504883,50.630001068115234,0.0,0.0,0,0
39,40,ASN,N,other,0,0,normal,108.91000366210938,48.880001068115234,50.12000274658203,0.0,0.0,0,0
40,41,THR,T,other,0,0,normal,107.49000549316406,45.94000244140625,48.25000381469727,0.0,0.0,0,0
41,42,GLU,E,other,0,0,normal,105.56999969482422,43.19000244140625,50.060001373291016,0.0,0.0,0,0
42,43,ALA,A,other,0,0,normal,106.1300048828125,42.34000396728516,53.87000274658203,0.001451378809869376,0.0,1,0
43,44,PRO,P,other,0,0,normal,106.35000610351562,43.67000198364258,56.68000030517578,0.0,0.0,0,0
44,45,VAL,V,other,0,0,normal,102.73001098632812,45.040000915527344,56.86000442504883,0.001451378809869376,0.0,1,0
45,46,THR,T,other,0,0,normal,102.4600067138672,48.810001373291016,57.25000381469727,0.0,0.0,0,0
46,47,LYS,K,other,0,0,normal,100.80001068115234,50.68000411987305,60.09000396728516,0.0,0.0,0,0
47,48,ILE,I,other,0,0,normal,97.38999938964844,52.1300048828125,59.55000305175781,0.0,0.0,0,0
48,49,GLU,E,other,0,0,normal,97.3100128173828,55.63999938964844,57.9800033569336,0.0,0.0,0,0
49,50,LEU,L,other,0,0,normal,96.64000701904295,58.9800033569336,59.74000549316406,0.0,0.0,0,0
50,51,LEU,L,other,0,0,normal,93.010009765625,59.8900032043457,59.57000350952149,0.0,0.0,0,0
51,52,PRO,P,other,0,0,normal,91.6300048828125,63.350006103515625,59.9800033569336,0.0,0.0,0,0
52,53,SER,S,other,0,0,normal,91.2300033569336,63.15000534057617,63.69000244140625,0.0,0.0,0,0
53,54,TYR,Y,other,0,0,normal,92.91000366210938,66.07000732421875,65.56000518798828,0.0,0.0,0,0
54,55,SER,S,other,0,0,normal,90.95000457763672,69.14000701904297,66.67000579833984,0.0,0.0,0,0
55,56,THR,T,other,0,0,normal,90.94001007080078,72.7800064086914,65.58000183105469,0.0,0.0,0,0
56,57,ALA,A,other,0,0,normal,89.84000396728516,74.05000305175781,69.0300064086914,0.0,0.0,0,0
57,58,THR,T,other,0,0,normal,91.760009765625,76.41999816894531,71.41999816894531,0.0,0.0,0,0
58,59,LEU,L,other,0,0,normal,90.06999969482422,74.93000793457031,74.46000671386719,0.0,0.0,0,0
59,60,ILE,I,other,0,0,normal,89.33000183105469,71.22000122070312,74.10000610351562,0.0,0.0,0,0
60,61,ASP,D,other,0,0,normal,86.77000427246094,70.29000091552734,76.81000518798828,0.0,0.0,0,0
61,62,GLU,E,other,0,0,normal,83.16000366210938,68.96000671386719,77.3600082397461,0.0,0.0,0,0
62,63,PRO,P,other,0,0,normal,80.05000305175781,70.69000244140625,78.79000091552734,0.0,0.0,0,0
63,64,THR,T,other,0,0,normal,79.91000366210938,70.61000061035156,82.6100082397461,0.0,0.0,0,0
64,65,GLU,E,other,0,0,normal,77.58000183105469,70.86000061035156,85.70999908447266,0.0,0.0,0,0
65,66,VAL,V,other,0,0,normal,77.20000457763672,73.77999877929688,88.17000579833984,0.0,0.0,0,0
66,67,ASP,D,other,0,0,normal,78.87000274658203,74.56999969482422,91.4600067138672,0.0,0.0,0,0
67,68,ASP,D,other,0,0,normal,78.87000274658203,71.88999938964844,94.33000183105467,0.0,0.0,0,0
68,69,PRO,P,other,0,0,normal,76.22000122070312,72.42000579833984,97.05001068115234,0.0,0.0,0,0
69,70,TRP,W,other,0,0,normal,78.47000885009766,74.27000427246094,99.64000701904295,0.0,0.0,0,0
70,71,ASN,N,other,0,0,normal,79.05999755859375,77.1300048828125,97.2100067138672,0.0,0.0,0,0
71,72,LEU,L,other,0,0,normal,76.6300048828125,80.05000305175781,97.27000427246094,0.001451378809869376,0.0,1,0
72,73,PRO,P,other,0,0,normal,74.19000244140625,81.57000732421875,94.70000457763672,0.0,0.0,0,0
73,74,THR,T,other,0,0,normal,74.4800033569336,85.34000396728516,94.45999908447266,0.0,0.0,0,0
74,75,LEU,L,other,0,0,normal,71.90000915527344,87.08000183105469,96.69000244140624,0.0,0.0,0,0
75,76,GLN,Q,other,0,0,normal,68.74000549316406,88.62000274658203,95.2100067138672,0.0,0.0,0,0
76,77,ASP,D,other,0,0,normal,68.16000366210938,92.34000396728516,95.58999633789062,0.0,0.0,0,0
77,78,SER,S,other,0,0,normal,65.01000213623047,94.09000396728516,96.75,0.0,0.0,0,0
78,79,GLY,G,other,0,0,normal,66.30000305175781,97.06000518798828,99.05999755859376,0.0,0.0,0,0
79,80,ILE,I,other,0,0,normal,64.38999938964844,100.3000030517578,100.02000427246094,0.0,0.0,0,0
80,81,LYS,K,other,0,0,normal,65.61000061035156,103.74000549316406,101.19000244140624,0.0,0.0,0,0
81,82,TRP,W,other,0,0,normal,64.29000091552734,106.79000854492188,103.19000244140624,0.001451378809869376,0.0,1,0
82,83,SER,S,other,0,0,normal,64.18000030517578,108.8800048828125,99.97000885009766,0.0,0.0,0,0
83,84,GLU,E,other,0,0,normal,62.06000518798828,106.24000549316406,98.1100082397461,0.0,0.0,0,0
84,85,ARG,R,other,0,0,normal,59.410003662109375,106.43000793457033,100.87001037597656,0.001451378809869376,0.0,1,0
85,86,ASP,D,other,0,0,normal,56.69000244140625,109.08000946044922,100.73001098632812,0.001451378809869376,0.0,1,0
86,87,THR,T,other,0,0,normal,56.32000350952149,111.74000549316406,103.45000457763672,0.002902757619738752,3.586255780200493e-05,2,0
87,88,LYS,K,other,0,0,normal,53.51000213623047,109.85000610351562,105.5500030517578,0.002902757619738752,1.6876497789178786e-05,2,0
88,89,GLY,G,other,0,0,normal,55.54000473022461,106.67000579833984,104.9800033569336,0.0043541364296081275,0.0016030230248724074,3,0
89,90,LYS,K,other,0,0,normal,58.55000305175781,108.29000854492188,106.72000885009766,0.0043541364296081275,0.0010485881680398,3,0
90,91,ILE,I,other,0,0,normal,56.560001373291016,109.08000946044922,109.85000610351562,0.002902757619738752,0.0008776864072498144,2,0
91,92,LEU,L,other,0,0,normal,54.9900016784668,105.67000579833984,109.79000091552734,0.0043541364296081275,0.002740780250826208,3,0
92,93,CYS,C,other,0,0,normal,58.37000274658203,103.9600067138672,109.51000213623048,0.002902757619738752,0.00214767008656008,2,0
93,94,PHE,F,other,0,0,normal,59.75000381469727,106.04000091552734,112.3800048828125,0.005805515239477504,0.002331354541537345,4,0
94,95,PHE,F,other,0,0,normal,56.77000045776367,104.84000396728516,114.56000518798828,0.0043541364296081275,0.0035745807543802813,3,0
95,96,GLN,Q,other,0,0,normal,57.17000579833984,101.15000915527344,113.35000610351562,0.0043541364296081275,0.004389521855018944,3,0
96,97,GLY,G,other,0,0,normal,60.79000473022461,101.11000061035156,114.49000549316406,0.005805515239477504,0.00263045498891875,4,0
97,98,ILE,I,other,0,0,normal,60.52000427246094,103.36000061035156,117.6100082397461,0.002902757619738752,0.0043435316674427064,2,0
98,99,GLY,G,other,0,0,normal,57.24000549316406,101.6999969482422,118.6100082397461,0.005805515239477504,0.00744186056717278,4,0
99,100,ARG,R,other,0,0,normal,59.05000305175781,98.30001068115234,118.08000183105467,0.002902757619738752,0.0018212135112294161,2,0
100,101,LEU,L,other,0,0,normal,61.97000503540039,99.7100067138672,120.27000427246094,0.0043541364296081275,0.010781480224739695,3,0
101,102,ILE,I,other,0,0,normal,59.80000305175781,101.15000915527344,123.02001190185548,0.002902757619738752,0.00308534673720787,2,0
102,103,LEU,L,other,0,0,normal,57.75,97.91000366210938,123.35000610351562,0.002902757619738752,0.0028654468119348538,2,0
103,104,LEU,L,other,0,0,normal,60.90999984741211,95.56000518798828,123.35000610351562,0.0043541364296081275,0.012089734370038564,3,0
104,105,LEU,L,other,0,0,normal,62.400001525878906,97.16999816894533,126.45000457763672,0.002902757619738752,0.0040016705263591764,2,0
105,106,GLY,G,other,0,0,normal,58.83000183105469,96.54000091552734,127.93000030517578,0.005805515239477504,0.004535550473016906,4,0
106,107,PHE,F,other,0,0,normal,58.61000061035156,92.90000915527344,127.08000183105467,0.0043541364296081275,0.013013192944220169,3,0
107,108,LEU,L,other,0,0,normal,62.220001220703125,92.5,128.27000427246094,0.0043541364296081275,0.006599306399449513,3,0
108,109,TYR,Y,other,0,0,normal,61.12000274658203,94.01000213623048,131.61000061035156,0.005805515239477504,0.004330670382085246,4,0
109,110,PHE,F,other,0,0,normal,58.0,91.64000701904295,132.12001037597656,0.002902757619738752,0.013383374722010748,2,0
110,111,PHE,F,other,0,0,normal,60.380001068115234,88.77000427246094,130.99000549316406,0.005805515239477504,0.021197284920600152,4,0
111,112,VAL,V,other,0,0,normal,62.87000274658203,89.57000732421875,133.9199981689453,0.0043541364296081275,0.0025517604020352026,3,0
112,113,CYS,C,other,0,0,normal,59.69000244140625,90.02000427246094,136.12001037597656,0.005805515239477504,0.02739433331706489,4,0
113,114,SER,S,other,0,0,normal,58.6300048828125,86.43000793457031,135.47000122070312,0.00725689404934688,0.02894501558003299,5,0
114,115,LEU,L,other,0,0,normal,61.850006103515625,85.1300048828125,137.0900115966797,0.005805515239477504,0.003270688680837959,4,0
115,116,ASP,D,other,0,0,normal,61.1400032043457,86.7300033569336,140.47000122070312,0.0043541364296081275,0.03831454285063227,3,0
116,117,ILE,I,other,0,0,normal,57.53000259399414,85.19000244140625,140.40000915527344,0.0043541364296081275,0.0006966365658643073,3,0
117,118,LEU,L,other,0,0,normal,58.8800048828125,81.83999633789062,139.08999633789062,0.0043541364296081275,0.002362050087445643,3,0
118,119,SER,S,other,0,0,normal,61.3900032043457,81.31000518798828,141.9600067138672,0.005805515239477504,0.049067319536046865,4,0
119,120,SER,S,other,0,0,normal,58.94000244140625,82.96000671386719,144.61000061035156,0.0043541364296081275,0.0004865295837213346,3,0
120,121,ALA,A,other,0,0,normal,56.43000030517578,80.26000213623047,143.37001037597656,0.008708272859216255,0.017262861536850832,6,0
121,122,PHE,F,other,0,0,normal,59.040000915527344,77.46000671386719,143.97000122070312,0.0043541364296081275,0.001860664017860153,3,0
122,123,GLN,Q,other,0,0,normal,59.62000274658203,78.67000579833984,147.6300048828125,0.0043541364296081275,0.0015443397988247284,3,0
123,124,LEU,L,other,0,0,normal,55.8800048828125,78.0,148.37001037597656,0.0043541364296081275,5.237298449943313e-05,3,0
124,125,VAL,V,other,0,0,normal,55.77000045776367,74.70000457763672,146.4600067138672,0.0043541364296081275,0.00045638783241382504,3,0
125,126,GLY,G,other,0,0,normal,58.92000198364258,73.38999938964844,148.25,0.001451378809869376,0.0,1,0
126,127,GLY,G,other,0,0,normal,58.55000305175781,71.60000610351562,151.63999938964844,0.0,0.0,0,0
127,128,LYS,K,other,0,0,normal,59.42000579833984,73.57000732421875,154.9300079345703,0.0,0.0,0,0
128,129,MET,M,other,0,0,normal,60.92000579833984,70.58000183105469,156.70001220703125,0.0,0.0,0,0
129,130,ALA,A,other,0,0,normal,62.83000564575195,69.61000061035156,153.5900115966797,0.001451378809869376,0.0,1,0
130,131,GLY,G,other,0,0,normal,65.91000366210938,71.99000549316406,154.0500030517578,0.001451378809869376,0.0,1,0
131,132,GLN,Q,other,0,0,normal,68.45000457763672,69.22000122070312,154.36001586914062,0.001451378809869376,0.0,1,0
132,133,PHE,F,other,0,0,normal,66.76000213623047,66.90000915527344,151.8000030517578,0.002902757619738752,4.219124447294697e-06,2,0
133,134,PHE,F,other,0,0,normal,67.04000854492188,69.69000244140625,149.260009765625,0.001451378809869376,0.0,1,0
134,135,SER,S,other,0,0,normal,70.72000122070312,70.36000061035156,150.010009765625,0.001451378809869376,0.0,1,0
135,136,ASN,N,other,0,0,normal,71.16000366210938,66.69000244140625,149.04000854492188,0.001451378809869376,0.0,1,0
136,137,SER,S,other,0,0,normal,71.1500015258789,65.60000610351562,145.33999633789062,0.0,0.0,0,0
137,138,SER,S,other,0,0,normal,68.8800048828125,62.52000427246094,145.8000030517578,0.0,0.0,0,0
138,139,ILE,I,other,0,0,normal,67.86000061035156,61.20000457763672,142.16000366210938,0.0,0.0,0,0
139,140,MET,M,other,0,0,normal,70.02999877929688,63.8800048828125,140.54000854492188,0.0,0.0,0,0
140,141,SER,S,other,0,0,normal,72.99000549316406,62.05000305175781,141.86001586914062,0.0,0.0,0,0
141,142,ASN,N,other,0,0,normal,73.24000549316406,60.2300033569336,138.48001098632812,0.0,0.0,0,0
142,143,PRO,P,other,0,0,normal,74.82000732421875,62.80000305175781,135.94000244140625,0.002902757619738752,8.438248894589395e-06,2,0
143,144,LEU,L,other,0,0,normal,73.74000549316406,60.76000213623047,132.91000366210938,0.002902757619738752,5.977092967000822e-06,2,0
144,145,LEU,L,other,0,0,normal,70.02999877929688,61.00000381469727,134.19000244140625,0.0043541364296081275,0.0003818307624801728,3,0
145,146,GLY,G,other,0,0,normal,70.67000579833984,64.67000579833984,134.8000030517578,0.008708272859216255,0.0021687706033910576,6,0
146,147,LEU,L,other,0,0,normal,71.81999969482422,65.06000518798828,131.17001342773438,0.008708272859216255,0.0007183561648239226,6,0
147,148,VAL,V,other,0,0,normal,68.7300033569336,63.29000473022461,129.95001220703125,0.005805515239477504,0.0033135295668204703,4,0
148,149,ILE,I,other,0,0,normal,66.16999816894531,65.1300048828125,132.16000366210938,0.002902757619738752,0.0016061604038787047,2,0
149,150,GLY,G,other,0,0,normal,67.86000061035156,68.52999877929688,130.8800048828125,0.008708272859216255,0.0002002376371617267,6,0
150,151,VAL,V,other,0,0,normal,67.29000091552734,67.3800048828125,127.18000793457033,0.005805515239477504,0.016226702396623556,4,0
151,152,LEU,L,other,0,0,normal,63.69000244140625,66.5300064086914,127.86000061035156,0.0043541364296081275,0.004872325276011086,3,0
152,153,VAL,V,other,0,0,normal,63.24000549316406,69.66000366210938,129.91000366210938,0.002902757619738752,0.0004177134113509752,2,0
153,154,THR,T,other,0,0,normal,64.6300048828125,71.71000671386719,126.8800048828125,0.00725689404934688,0.026497748996651763,5,0
154,155,VAL,V,other,0,0,normal,62.37000274658203,69.83000183105469,124.34001159667967,0.002902757619738752,0.0011729165963479259,2,0
155,156,LEU,L,other,0,0,normal,59.29000473022461,70.88999938964844,126.4600067138672,0.002902757619738752,0.0014398465363801107,2,0
156,157,VAL,V,other,0,0,normal,60.01000213623047,74.68000793457031,126.57000732421876,0.001451378809869376,0.0,1,0
157,158,GLN,Q,other,0,0,normal,61.80000305175781,74.79000854492188,123.12000274658205,0.001451378809869376,0.0,1,0
158,159,SER,S,other,0,0,normal,64.6300048828125,77.16000366210938,124.08000946044922,0.001451378809869376,0.0,1,0
159,160,SER,S,other,0,0,normal,68.06999969482422,77.24000549316406,125.77000427246094,0.002902757619738752,0.0034016690856313674,2,0
160,161,SER,S,other,0,0,normal,67.4800033569336,80.4000015258789,127.760009765625,0.0043541364296081275,0.06050700219154598,3,0
161,162,THR,T,other,0,0,normal,63.910003662109375,79.31000518798828,128.91000366210938,0.001451378809869376,0.0,1,0
162,163,SER,S,other,0,0,normal,65.44999694824219,75.80000305175781,129.90000915527344,0.00725689404934688,0.045457961364661764,5,0
163,164,THR,T,other,0,0,normal,68.31000518798828,77.41000366210938,131.9199981689453,0.0043541364296081275,0.026214556878040838,3,0
164,165,SER,S,other,0,0,normal,65.97000122070312,80.02999877929688,133.4600067138672,0.005805515239477504,0.0028875707124194397,4,0
165,166,ILE,I,other,0,0,normal,64.05999755859375,77.10000610351562,135.1400146484375,0.0043541364296081275,0.03395887395485023,3,0
166,167,VAL,V,other,0,0,normal,67.43000793457031,75.56000518798828,136.17001342773438,0.005805515239477504,0.01614811010260329,4,0
167,168,VAL,V,other,0,0,normal,68.80000305175781,78.75000762939453,137.75,0.0043541364296081275,0.0006374413259364032,3,0
168,169,SER,S,other,0,0,normal,65.30000305175781,79.45000457763672,139.55999755859375,0.00725689404934688,0.04981520881453385,5,0
169,170,MET,M,other,0,0,normal,65.4000015258789,76.0,141.07000732421875,0.00725689404934688,0.0030192018015624857,5,0
170,171,VAL,V,other,0,0,normal,68.93000030517578,77.06000518798828,142.54000854492188,0.005805515239477504,0.0015150779167224168,4,0
171,172,SER,S,other,0,0,normal,67.69000244140625,80.56999969482422,143.87001037597656,0.0043541364296081275,0.0016788029428012686,3,0
172,173,SER,S,other,0,0,normal,64.56999969482422,79.00000762939453,145.57000732421875,0.001451378809869376,0.0,1,0
173,174,SER,S,other,0,0,normal,67.09000396728516,76.35000610351562,147.05999755859375,0.002902757619738752,1.2657373341884091e-05,2,0
174,175,LEU,L,other,0,0,normal,65.36000061035156,73.11000061035156,145.70001220703125,0.001451378809869376,0.0,1,0
175,176,LEU,L,other,0,0,normal,68.42000579833984,72.0,143.77000427246094,0.002902757619738752,1.2657373341884091e-05,2,0
176,177,THR,T,other,0,0,normal,72.20999908447266,72.13999938964844,144.3900146484375,0.001451378809869376,0.0,1,0
177,178,VAL,V,other,0,0,normal,74.77000427246094,74.05999755859375,142.2100067138672,0.001451378809869376,0.0,1,0
178,179,ARG,R,other,0,0,normal,76.52000427246094,70.56999969482422,141.77999877929688,0.0,0.0,0,0
179,180,ALA,A,other,0,0,normal,73.24000549316406,68.62000274658203,140.82000732421875,0.001451378809869376,0.0,1,0
180,181,ALA,A,other,0,0,normal,72.33000183105469,71.49000549316406,138.510009765625,0.002902757619738752,0.0011729165963479259,2,0
181,182,ILE,I,other,0,0,normal,75.5,71.16000366210938,136.41000366210938,0.002902757619738752,6.328686670942046e-06,2,0
182,183,PRO,P,other,0,0,normal,74.4800033569336,67.75,134.67001342773438,0.005805515239477504,6.861099994053044e-05,4,0
183,184,ILE,I,other,0,0,normal,71.18000793457031,69.45000457763672,133.67001342773438,0.010159651669085631,0.003038181468962513,7,0
184,185,ILE,I,other,0,0,normal,73.20000457763672,72.43000793457031,132.29000854492188,0.005805515239477504,0.0007814220297765668,4,0
185,186,MET,M,other,0,0,normal,75.00000762939453,69.93000793457031,129.94000244140625,0.005805515239477504,0.00029697613341755436,4,0
186,187,GLY,G,other,0,0,normal,71.58000183105469,68.62000274658203,129.08999633789062,0.010159651669085631,0.008876836926420054,7,0
187,188,ALA,A,other,0,0,normal,70.24000549316406,72.01000213623047,128.3400115966797,0.00725689404934688,6.9756190861939e-05,5,0
188,189,ASN,N,other,0,0,normal,73.05000305175781,72.6500015258789,125.69000244140624,0.005805515239477504,0.001440991727301525,4,0
189,190,ILE,I,other,0,0,normal,72.43000793457031,69.16000366210938,124.15000915527344,0.002902757619738752,1.4063748157648991e-06,2,0
190,191,GLY,G,other,0,0,normal,68.74000549316406,70.21000671386719,123.8600082397461,0.0043541364296081275,0.0011117392918621528,3,0
191,192,THR,T,other,0,0,normal,69.63999938964844,73.74000549316406,122.4600067138672,0.002902757619738752,0.0023908572778691436,2,0
192,193,SER,S,other,0,0,normal,69.38999938964844,72.97000122070312,118.65000915527344,0.0,0.0,0,0
193,194,ILE,I,other,0,0,normal,65.80000305175781,71.51000213623047,119.14000701904295,0.0,0.0,0,0
194,195,THR,T,other,0,0,normal,64.05000305175781,74.07000732421875,116.8600082397461,0.001451378809869376,0.0,1,0
195,196,ASN,N,other,0,0,normal,66.92000579833984,74.0300064086914,114.2800064086914,0.0043541364296081275,0.016113614042324947,3,0
196,197,THR,T,other,0,0,normal,66.22000122070312,71.1500015258789,112.04000854492188,0.001451378809869376,0.0,1,0
197,198,ILE,I,other,0,0,normal,62.470001220703125,71.45000457763672,112.3100128173828,0.0043541364296081275,0.004653694265366051,3,0
198,199,VAL,V,other,0,0,normal,62.53000259399414,75.21000671386719,111.08000946044922,0.0043541364296081275,0.009176595672865967,3,0
199,200,ALA,A,other,0,0,normal,64.77999877929688,74.22000122070312,108.23001098632812,0.0043541364296081275,0.002341614068248557,3,0
200,201,LEU,L,other,0,0,normal,62.37000274658203,71.44000244140625,107.1500015258789,0.0043541364296081275,0.006932021466905188,3,0
201,202,MET,M,other,0,0,normal,59.25,73.76000213623047,107.760009765625,0.001451378809869376,0.0,1,0
202,203,GLN,Q,other,0,0,normal,60.560001373291016,76.39000701904297,105.33000946044922,0.001451378809869376,0.0,1,0
203,204,VAL,V,other,0,0,normal,61.12000274658203,73.89000701904297,102.56000518798828,0.001451378809869376,0.0,1,0
204,205,GLY,G,other,0,0,normal,63.34000015258789,76.09000396728516,99.9800033569336,0.0,0.0,0,0
205,206,ASP,D,other,0,0,normal,64.8600082397461,74.55000305175781,96.87000274658205,0.001451378809869376,0.0,1,0
206,207,ARG,R,other,0,0,normal,66.51000213623047,71.21000671386719,97.66000366210938,0.001451378809869376,0.0,1,0
207,208,SER,S,other,0,0,normal,70.1500015258789,72.58000183105469,97.69000244140624,0.001451378809869376,0.0,1,0
208,209,GLU,E,other,0,0,normal,69.18000030517578,75.35000610351562,100.1100082397461,0.002902757619738752,0.0011729165963479259,2,0
209,210,PHE,F,other,0,0,normal,67.60000610351562,72.77000427246094,102.2800064086914,0.0043541364296081275,0.0013248431238910236,3,0
210,211,ARG,R,other,0,0,normal,70.95000457763672,70.74000549316406,102.52999877929688,0.002902757619738752,0.0011729165963479259,2,0
211,212,ARG,R,other,0,0,normal,72.83000183105469,74.04000091552734,103.52000427246094,0.0043541364296081275,0.000574753280887292,3,0
212,213,ALA,A,other,0,0,normal,70.22000122070312,75.04000091552734,106.13999938964844,0.00725689404934688,0.028659102621921284,5,0
213,214,PHE,F,other,0,0,normal,70.32000732421875,71.5300064086914,107.49000549316406,0.0043541364296081275,0.003683295642488271,3,0
214,215,ALA,A,other,0,0,normal,74.18000030517578,71.88999938964844,107.58000183105467,0.005805515239477504,0.00763714880128091,4,0
215,216,GLY,G,other,0,0,normal,73.4800033569336,75.07000732421875,109.44000244140624,0.0043541364296081275,0.02354772359115818,3,0
216,217,ALA,A,other,0,0,normal,71.33000183105469,73.11000061035156,112.01000213623048,0.0043541364296081275,0.007562413158960837,3,0
217,218,THR,T,other,0,0,normal,73.91999816894531,70.36000061035156,112.16000366210938,0.0043541364296081275,0.00677098268301562,3,0
218,219,VAL,V,other,0,0,normal,77.26000213623047,72.45000457763672,112.74000549316406,0.005805515239477504,0.02364900084250124,4,0
219,220,HSD,H,other,0,0,normal,75.5,73.94000244140625,115.86000061035156,0.002902757619738752,0.0011729165963479259,2,0
220,221,ASP,D,other,0,0,normal,74.41000366210938,70.46000671386719,117.1300048828125,0.002902757619738752,0.004202159102263908,2,0
221,222,PHE,F,other,0,0,normal,77.89000701904297,68.91000366210938,116.87000274658205,0.0043541364296081275,0.012707728059411892,3,0
222,223,PHE,F,other,0,0,normal,79.41000366210938,71.88999938964844,118.5,0.001451378809869376,0.0,1,0
223,224,ASN,N,other,0,0,normal,77.12000274658203,71.41000366210938,121.57000732421876,0.002902757619738752,0.00372730528628544,2,0
224,225,TRP,W,other,0,0,normal,77.79000091552734,67.62000274658203,121.34001159667967,0.0043541364296081275,0.015735548929488134,3,0
225,226,LEU,L,other,0,0,normal,81.66000366210938,67.83000183105469,121.39000701904295,0.002902757619738752,0.0011729165963479259,2,0
226,227,SER,S,other,0,0,normal,81.7300033569336,70.5300064086914,124.10000610351562,0.0043541364296081275,0.01032449592124017,3,0
227,228,VAL,V,other,0,0,normal,79.84000396728516,67.97000122070312,126.30001068115234,0.0043541364296081275,0.011416950754379452,3,0
228,229,LEU,L,other,0,0,normal,81.74000549316406,64.8600082397461,124.94000244140624,0.001451378809869376,0.0,1,0
229,230,VAL,V,other,0,0,normal,85.16000366210938,66.16000366210938,126.2100067138672,0.0,0.0,0,0
230,231,LEU,L,other,0,0,normal,84.07000732421875,67.96000671386719,129.4300079345703,0.002902757619738752,0.008033212947649105,2,0
231,232,LEU,L,other,0,0,normal,81.51000213623047,65.49000549316406,130.72000122070312,0.002902757619738752,0.0046410368920241675,2,0
232,233,PRO,P,other,0,0,normal,84.1500015258789,62.720001220703125,131.37001037597656,0.002902757619738752,0.0011729165963479259,2,0
233,234,VAL,V,ECD,0,0,normal,86.21000671386719,65.4000015258789,133.3300018310547,0.0043541364296081275,0.006932021466905188,3,0
234,235,GLU,E,ECD,0,0,normal,83.1300048828125,66.35000610351562,135.48001098632812,0.0043541364296081275,0.003501873291254599,3,0
235,236,VAL,V,ECD,0,0,normal,82.47000885009766,62.6300048828125,136.12001037597656,0.001451378809869376,0.0,1,0
236,237,ALA,A,ECD,0,0,normal,86.20001220703125,61.75,136.82000732421875,0.001451378809869376,0.0,1,0
237,238,THR,T,ECD,0,0,normal,87.76000213623047,64.74000549316406,138.58999633789062,0.0,0.0,0,0
238,239,HSD,H,ECD,0,0,normal,85.37001037597656,67.80000305175781,138.29000854492188,0.001451378809869376,0.0,1,0
239,240,TYR,Y,ECD,0,0,normal,85.96000671386719,71.16000366210938,136.6800079345703,0.001451378809869376,0.0,1,0
240,241,LEU,L,ECD,0,0,normal,83.4000015258789,74.0300064086914,136.62001037597656,0.0,0.0,0,0
241,242,GLU,E,ECD,0,0,normal,82.92000579833984,74.56000518798828,140.40000915527344,0.001451378809869376,0.0,1,0
242,243,ILE,I,ECD,0,0,normal,86.75,75.16000366210938,141.0800018310547,0.001451378809869376,0.0,1,0
243,244,ILE,I,ECD,0,0,normal,87.4800033569336,78.18000030517578,138.760009765625,0.0,0.0,0,0
244,245,THR,T,ECD,0,0,normal,84.01000213623047,79.80000305175781,139.35000610351562,0.002902757619738752,8.438248894589395e-06,2,0
245,246,GLN,Q,ECD,0,0,normal,84.38999938964844,79.72000885009766,143.27000427246094,0.001451378809869376,0.0,1,0
246,247,LEU,L,ECD,0,0,normal,87.20000457763672,82.260009765625,143.1300048828125,0.001451378809869376,0.0,1,0
247,248,ILE,I,ECD,0,0,normal,85.09001159667969,84.30000305175781,140.69000244140625,0.002902757619738752,8.438248894589395e-06,2,0
248,249,VAL,V,ECD,0,0,normal,82.07000732421875,84.6300048828125,143.0900115966797,0.001451378809869376,0.0,1,0
249,250,GLU,E,ECD,0,0,normal,84.21000671386719,84.96000671386719,146.260009765625,0.001451378809869376,0.0,1,0
250,251,SER,S,ECD,0,0,normal,86.18000030517578,87.94999694824219,144.6800079345703,0.001451378809869376,0.0,1,0
251,252,PHE,F,ECD,0,0,normal,82.9800033569336,90.0,143.8800048828125,0.0,0.0,0,0
252,253,HSD,H,ECD,0,0,normal,82.54000854492188,90.4000015258789,147.83001708984375,0.0,0.0,0,0
253,254,PHE,F,ECD,0,0,normal,78.6300048828125,90.35000610351562,148.10000610351562,0.0,0.0,0,0
254,255,LYS,K,ECD,0,0,normal,77.29000854492188,91.4000015258789,151.510009765625,0.001451378809869376,0.0,1,0
255,256,ASN,N,ECD,0,0,normal,75.81000518798828,88.74000549316406,153.80001831054688,0.0,0.0,0,0
256,257,GLY,G,ECD,0,0,normal,72.02000427246094,87.7800064086914,153.35000610351562,0.0,0.0,0,0
257,258,GLU,E,ECD,0,0,normal,69.56999969482422,90.54000854492188,152.83999633789062,0.0,0.0,0,0
258,259,ASP,D,ECD,0,0,normal,72.2300033569336,93.20999908447266,153.02999877929688,0.0,0.0,0,0
259,260,ALA,A,ECD,0,0,normal,73.4000015258789,92.02999877929688,149.510009765625,0.002902757619738752,0.0011729165963479259,2,0
260,261,PRO,P,ECD,0,0,normal,73.55000305175781,94.57000732421876,146.5600128173828,0.0,0.0,0,0
261,262,ASP,D,ECD,0,0,normal,70.07000732421875,95.33000183105467,145.16000366210938,0.0,0.0,0,0
262,263,LEU,L,ECD,0,0,normal,71.06000518798828,94.760009765625,141.4199981689453,0.0,0.0,0,0
263,264,LEU,L,ECD,0,0,normal,68.19000244140625,92.84000396728516,139.7200164794922,0.002902757619738752,0.020126794682926663,2,0
264,265,LYS,K,ECD,0,0,normal,65.77000427246094,92.29000091552734,142.54000854492188,0.002902757619738752,0.019932605939285267,2,0
265,266,VAL,V,ECD,0,0,normal,64.81000518798828,96.10000610351562,142.85000610351562,0.001451378809869376,0.0,1,0
266,267,ILE,I,ECD,0,0,normal,63.92000198364258,96.18000030517578,139.13999938964844,0.002902757619738752,0.020002330511731472,2,0
267,268,THR,T,ECD,0,0,normal,61.07000350952149,93.5600128173828,139.6400146484375,0.002902757619738752,0.020093015427600586,2,0
268,269,LYS,K,ECD,0,0,normal,59.76000213623047,95.30999755859376,142.760009765625,0.002902757619738752,1.687649778917879e-05,2,0
269,270,PRO,P,ECD,0,0,normal,56.7300033569336,97.41000366210938,141.7100067138672,0.0,0.0,0,0
270,271,PHE,F,ECD,0,0,normal,55.08000183105469,94.62001037597656,139.7200164794922,0.0,0.0,0,0
271,272,THR,T,ECD,0,0,normal,55.8800048828125,91.67000579833984,142.0,0.0043541364296081275,3.375299557835758e-05,3,0
272,273,LYS,K,ECD,0,0,normal,54.52999877929688,93.3800048828125,145.1400146484375,0.001451378809869376,0.0,1,0
273,274,LEU,L,ECD,0,0,normal,51.02000427246094,93.1300048828125,143.80999755859375,0.002902757619738752,1.687649778917879e-05,2,0
274,275,ILE,I,ECD,0,0,normal,51.400001525878906,89.35000610351562,143.30999755859375,0.001451378809869376,0.0,1,0
275,276,VAL,V,ECD,0,0,normal,52.880001068115234,87.7800064086914,146.40000915527344,0.001451378809869376,0.0,1,0
276,277,GLN,Q,ECD,0,0,normal,55.12000274658203,88.46000671386719,149.44000244140625,0.0,0.0,0,0
277,278,LEU,L,ECD,0,0,normal,56.900001525878906,85.70000457763672,151.40000915527344,0.002902757619738752,4.219124447294697e-06,2,0
278,279,ASP,D,ECD,0,0,normal,57.50000381469727,85.69000244140625,155.23001098632812,0.0,0.0,0,0
279,280,LYS,K,ECD,0,0,normal,61.25000381469727,85.47000122070312,156.010009765625,0.001451378809869376,0.0,1,0
280,281,LYS,K,ECD,0,0,normal,60.54000473022461,84.49000549316406,159.5900115966797,0.002902757619738752,1.687649778917879e-05,2,0
281,282,VAL,V,ECD,0,0,normal,59.31999969482422,81.08000946044922,158.23001098632812,0.002902757619738752,6.328686670942046e-06,2,0
282,283,ILE,I,ECD,0,0,normal,62.4900016784668,80.83000183105469,155.90000915527344,0.005805515239477504,0.00010969723562966213,4,0
283,284,SER,S,ECD,0,0,normal,64.59000396728516,80.98999786376953,159.19000244140625,0.0043541364296081275,1.0547811118236744e-05,3,0
284,285,GLN,Q,ECD,0,0,normal,62.6300048828125,77.97000122070312,160.58999633789062,0.00725689404934688,0.00010758767340601479,5,0
285,286,ILE,I,ECD,0,0,normal,63.17000579833984,75.88999938964844,157.3000030517578,0.002902757619738752,3.7972120025652274e-05,2,0
286,287,ALA,A,ECD,0,0,normal,67.01000213623047,76.60000610351562,157.36001586914062,0.002902757619738752,6.328686670942046e-06,2,0
287,288,MET,M,ECD,0,0,normal,67.87000274658203,75.39000701904297,160.89999389648438,0.001451378809869376,0.0,1,0
288,289,ASN,N,ECD,0,0,normal,65.41000366210938,72.58000183105469,160.48001098632812,0.001451378809869376,0.0,1,0
289,290,ASP,D,ECD,0,0,normal,62.75,73.62000274658203,163.07000732421875,0.001451378809869376,0.0,1,0
290,291,GLU,E,ECD,0,0,normal,59.600006103515625,71.44000244140625,163.25,0.001451378809869376,0.0,1,0
291,292,LYS,K,ECD,0,0,normal,57.28000259399414,74.25,164.1400146484375,0.001451378809869376,0.0,1,0
292,293,ALA,A,ECD,0,0,normal,56.910003662109375,76.12000274658203,160.8800048828125,0.002902757619738752,4.219124447294697e-06,2,0
293,294,LYS,K,ECD,0,0,normal,54.280006408691406,73.35000610351562,160.10000610351562,0.001451378809869376,0.0,1,0
294,295,ASN,N,ECD,1,0,normal,51.21000289916992,75.55000305175781,160.8300018310547,0.0,0.0,0,0
295,296,LYS,K,ECD,0,0,normal,52.87000274658203,78.91000366210938,159.45001220703125,0.001451378809869376,0.0,1,0
296,297,SER,S,ECD,0,0,normal,51.62000274658203,80.1100082397461,156.0500030517578,0.0,0.0,0,0
297,298,LEU,L,ECD,0,0,normal,54.59000015258789,81.37000274658203,154.02000427246094,0.0,0.0,0,0
298,299,VAL,V,ECD,0,0,normal,52.55000305175781,84.10000610351562,152.29000854492188,0.001451378809869376,0.0,1,0
299,300,LYS,K,ECD,0,0,normal,52.7400016784668,87.21000671386719,154.3900146484375,0.001451378809869376,0.0,1,0
300,301,ILE,I,ECD,0,0,normal,49.280006408691406,88.8600082397461,154.6999969482422,0.0,0.0,0,0
301,302,TRP,W,ECD,0,0,normal,50.51000213623047,92.00000762939452,156.6300048828125,0.001451378809869376,0.0,1,0
302,303,CYS,C,ECD,0,0,normal,52.83000564575195,94.82000732421876,155.3100128173828,0.001451378809869376,0.0,1,0
303,304,LYS,K,ECD,0,0,normal,54.060001373291016,95.58999633789062,158.73001098632812,0.0,0.0,0,0
304,305,THR,T,ECD,0,0,normal,52.97000503540039,94.44000244140624,162.22000122070312,0.001451378809869376,0.0,1,0
305,306,PHE,F,ECD,0,0,normal,53.85000228881836,96.29000854492188,165.510009765625,0.001451378809869376,0.0,1,0
306,307,THR,T,ECD,0,0,normal,54.2300033569336,95.0500030517578,169.21002197265625,0.001451378809869376,0.0,1,0
307,308,ASN,N,ECD,1,0,normal,52.37000274658203,96.75,172.1400146484375,0.0,0.0,0,0
308,309,LYS,K,ECD,0,0,normal,53.20000076293945,96.15000915527344,175.8000030517578,0.001451378809869376,0.0,1,0
309,310,THR,T,ECD,0,0,normal,51.61000061035156,96.760009765625,179.260009765625,0.001451378809869376,0.0,1,0
310,311,GLN,Q,epitope,0,0,normal,51.660003662109375,95.6300048828125,182.83001708984372,0.001451378809869376,0.0,1,0
311,312,ILE,I,epitope,0,0,normal,48.62000274658203,94.260009765625,184.5600128173828,0.001451378809869376,0.0,1,0
312,313,ASN,N,epitope,0,0,normal,47.75,93.04000854492188,188.0600128173828,0.001451378809869376,0.0,1,0
313,314,VAL,V,epitope,0,0,normal,46.79000473022461,89.260009765625,188.62001037597656,0.0,0.0,0,0
314,315,THR,T,epitope,0,0,normal,45.59000015258789,87.6300048828125,191.8800201416016,0.001451378809869376,0.0,1,0
315,316,VAL,V,epitope,0,0,normal,47.86000061035156,84.82000732421875,193.3700256347656,0.0,0.0,0,0
316,317,PRO,P,epitope,0,0,normal,46.46000289916992,81.3800048828125,194.72000122070312,0.0,0.0,0,0
317,318,SER,S,epitope,0,0,normal,49.19000244140625,80.36000061035156,197.2400054931641,0.001451378809869376,0.0,1,0
318,319,THR,T,epitope,0,0,normal,52.12000274658203,82.7800064086914,198.0600128173828,0.001451378809869376,0.0,1,0
319,320,ALA,A,epitope,0,0,normal,54.44000244140625,79.66000366210938,198.45001220703125,0.001451378809869376,0.0,1,0
320,321,ASN,N,epitope,0,0,normal,53.87000274658203,78.60000610351562,194.79000854492188,0.0,0.0,0,0
321,322,CYS,C,epitope,0,0,normal,54.380001068115234,82.14000701904297,193.48001098632807,0.001451378809869376,0.0,1,0
322,323,THR,T,epitope,0,0,normal,57.70000457763672,82.58000183105469,191.510009765625,0.0,0.0,0,0
323,324,SER,S,epitope,0,0,normal,58.68000411987305,85.69000244140625,193.3700256347656,0.001451378809869376,0.0,1,0
324,325,PRO,P,epitope,0,0,normal,56.93000411987305,86.11000061035156,196.8500061035156,0.001451378809869376,0.0,1,0
325,326,SER,S,epitope,0,0,normal,58.6300048828125,89.52999877929688,197.20001220703125,0.001451378809869376,0.0,1,0
326,327,LEU,L,epitope,0,0,normal,56.62000274658203,90.77999877929688,194.1700134277344,0.0,0.0,0,0
327,328,CYS,C,epitope,0,0,normal,53.51000213623047,89.14000701904297,195.9200134277344,0.002902757619738752,4.219124447294697e-06,2,0
328,329,TRP,W,epitope,0,0,normal,51.53000259399414,91.57000732421876,198.0500030517578,0.001451378809869376,0.0,1,0
329,330,THR,T,epitope,0,0,normal,48.209999084472656,91.27999877929688,199.83001708984372,0.001451378809869376,0.0,1,0
330,331,ASP,D,epitope,0,0,normal,45.36000061035156,93.81000518798828,199.6200256347656,0.0,0.0,0,0
331,332,GLY,G,epitope,0,0,normal,41.79000473022461,93.5300064086914,200.8700256347656,0.0,0.0,0,0
332,333,ILE,I,epitope,0,0,normal,41.2400016784668,89.79000091552734,201.29000854492188,0.0,0.0,0,0
333,334,GLN,Q,epitope,0,0,normal,43.130001068115234,88.81999969482422,198.1199951171875,0.0,0.0,0,0
334,335,ASN,N,epitope,0,0,normal,46.95000076293945,88.41999816894531,197.05001831054688,0.001451378809869376,0.0,1,0
335,336,TRP,W,epitope,0,0,normal,48.2300033569336,90.32000732421876,194.07000732421875,0.002902757619738752,4.219124447294697e-06,2,0
336,337,THR,T,epitope,0,0,normal,51.32000350952149,90.35000610351562,191.8699951171875,0.001451378809869376,0.0,1,0
337,338,MET,M,epitope,0,0,normal,52.09999847412109,92.19001007080078,188.77999877929688,0.001451378809869376,0.0,1,0
338,339,LYS,K,epitope,0,0,normal,52.9900016784668,90.65000915527344,185.46002197265625,0.001451378809869376,0.0,1,0
339,340,ASN,N,epitope,0,0,normal,54.59000015258789,91.68000030517578,182.0600128173828,0.001451378809869376,0.0,1,0
340,341,VAL,V,epitope,0,0,normal,52.6300048828125,91.52000427246094,178.77999877929688,0.001451378809869376,0.0,1,0
341,342,THR,T,ECD,0,0,normal,53.51000213623047,92.20000457763672,175.08001708984375,0.001451378809869376,0.0,1,0
342,343,TYR,Y,ECD,0,0,normal,51.2300033569336,91.5500030517578,172.07000732421875,0.0,0.0,0,0
343,344,LYS,K,ECD,0,0,normal,51.32000350952149,92.06000518798828,168.2100067138672,0.001451378809869376,0.0,1,0
344,345,GLU,E,ECD,0,0,normal,49.06999969482422,94.88999938964844,166.92001342773438,0.001451378809869376,0.0,1,0
345,346,ASN,N,ECD,0,0,normal,48.209999084472656,94.7800064086914,163.19000244140625,0.001451378809869376,0.0,1,0
346,347,ILE,I,ECD,0,0,normal,48.68000030517578,97.84000396728516,161.0,0.0,0.0,0,0
347,348,ALA,A,ECD,0,0,normal,48.06999969482422,97.22000122070312,157.32000732421875,0.0,0.0,0,0
348,349,LYS,K,ECD,0,0,normal,47.68000030517578,94.3000030517578,154.91000366210938,0.002902757619738752,4.219124447294697e-06,2,0
349,350,CYS,C,ECD,0,0,normal,49.650001525878906,93.43000793457033,151.77000427246094,0.0,0.0,0,0
350,351,GLN,Q,ECD,0,0,normal,48.04000473022461,94.93000030517578,148.69000244140625,0.0,0.0,0,0
351,352,HSD,H,ECD,0,0,normal,48.04000473022461,91.8600082397461,146.510009765625,0.001451378809869376,0.0,1,0
352,353,ILE,I,ECD,0,0,normal,45.67000579833984,89.42000579833984,144.77000427246094,0.0,0.0,0,0
353,354,PHE,F,ECD,0,0,normal,45.8800048828125,86.5300064086914,147.27000427246094,0.001451378809869376,0.0,1,0
354,355,VAL,V,ECD,0,0,normal,44.9900016784668,88.59000396728516,150.37001037597656,0.0,0.0,0,0
355,356,ASN,N,ECD,0,0,normal,41.290000915527344,88.13999938964844,150.6300048828125,0.0,0.0,0,0
356,357,PHE,F,ECD,0,0,normal,41.2400016784668,84.3800048828125,149.40000915527344,0.001451378809869376,0.0,1,0
357,358,HSD,H,ECD,0,0,normal,41.77999877929688,81.25,151.40000915527344,0.0,0.0,0,0
358,359,LEU,L,ECD,0,0,normal,44.31999969482422,78.77999877929688,149.79000854492188,0.0,0.0,0,0
359,360,PRO,P,ECD,0,0,normal,47.16999816894531,76.39000701904297,150.94000244140625,0.001451378809869376,0.0,1,0
360,361,ASP,D,ECD,0,0,normal,50.81000518798828,77.56000518798828,150.32000732421875,0.002902757619738752,0.0018107075752973078,2,0
361,362,LEU,L,other,0,0,normal,51.470001220703125,75.02000427246094,147.5800018310547,0.002902757619738752,0.0,2,0
362,363,ALA,A,other,0,0,normal,48.33000183105469,76.04000854492188,145.65000915527344,0.005805515239477504,0.004032252393649936,4,0
363,364,VAL,V,other,0,0,normal,49.380001068115234,79.74000549316406,145.79000854492188,0.002902757619738752,0.0009302817812580868,2,0
364,365,GLY,G,other,0,0,normal,52.81999969482422,78.74000549316406,144.5500030517578,0.008708272859216255,0.007141052196691265,6,0
365,366,THR,T,other,0,0,normal,51.46000289916992,76.26000213623047,141.97000122070312,0.002902757619738752,0.00046240599388910046,2,0
366,367,ILE,I,other,0,0,normal,49.20000076293945,78.94000244140625,140.33001708984375,0.002902757619738752,0.0003654113365061148,2,0
367,368,LEU,L,other,0,0,normal,52.22999954223633,81.35000610351562,140.07000732421875,0.002902757619738752,0.000988388402243808,2,0
368,369,LEU,L,other,0,0,normal,54.20000076293945,78.41000366210938,138.69000244140625,0.0043541364296081275,0.005805946169334468,3,0
369,370,ILE,I,other,0,0,normal,51.7400016784668,77.92000579833984,135.6699981689453,0.002902757619738752,0.0007207319337091166,2,0
370,371,LEU,L,other,0,0,normal,51.4900016784668,81.79000854492188,135.28001403808594,0.002902757619738752,0.0004264010258641547,2,0
371,372,SER,S,other,0,0,normal,55.30000305175781,82.49000549316406,135.57000732421875,0.005805515239477504,0.011265961717746657,4,0
372,373,LEU,L,other,0,0,normal,56.18000030517578,79.63999938964844,133.0500030517578,0.002902757619738752,0.0017940068743600992,2,0
373,374,LEU,L,other,0,0,normal,53.43000411987305,81.12999725341797,130.6199951171875,0.0043541364296081275,0.003274197675363871,3,0
374,375,VAL,V,other,0,0,normal,54.82000350952149,84.7300033569336,131.15000915527344,0.002902757619738752,0.005579374063045204,2,0
375,376,LEU,L,other,0,0,normal,58.45000457763672,83.57000732421875,130.61001586914062,0.0043541364296081275,0.012846897146954498,3,0
376,377,CYS,C,other,0,0,normal,57.7300033569336,81.71000671386719,127.25,0.002902757619738752,0.0017856905703583096,2,0
377,378,GLY,G,other,0,0,normal,54.96000289916992,84.19999694824219,126.29000854492188,0.0043541364296081275,0.00462689408604789,3,0
378,379,CYS,C,other,0,0,normal,57.24000549316406,87.3800048828125,126.5500030517578,0.0043541364296081275,0.009270872743538695,3,0
379,380,LEU,L,other,0,0,normal,59.600006103515625,85.34000396728516,124.44000244140624,0.005805515239477504,0.002340955632679674,4,0
380,381,ILE,I,other,0,0,normal,57.09000015258789,84.66999816894531,121.74000549316406,0.005805515239477504,0.004678211080125888,4,0
381,382,MET,M,other,0,0,normal,56.06000518798828,88.3499984741211,122.02000427246094,0.005805515239477504,0.005967068049701669,4,0
382,383,ILE,I,other,0,0,normal,59.70000457763672,89.40000915527344,121.29000854492188,0.005805515239477504,0.0027405528310608654,4,0
383,384,VAL,V,other,0,0,normal,59.95000457763672,86.80000305175781,118.4800033569336,0.0043541364296081275,0.0029241996625502045,3,0
384,385,LYS,K,other,0,0,normal,56.70000076293945,88.45000457763672,117.04000854492188,0.0043541364296081275,0.003706093677915221,3,0
385,386,ILE,I,other,0,0,normal,58.12000274658203,92.06000518798828,117.24000549316406,0.002902757619738752,0.0013797144227235528,2,0
386,387,LEU,L,other,0,0,normal,61.400001525878906,91.0600128173828,115.35000610351562,0.0043541364296081275,0.001841994241819117,3,0
387,388,GLY,G,other,0,0,normal,60.1300048828125,88.47000122070312,112.75000762939452,0.0043541364296081275,0.0026091213216186005,3,0
388,389,SER,S,other,0,0,normal,58.32000350952149,91.04000091552734,110.58000183105467,0.0043541364296081275,0.0011855739696898099,3,0
389,390,VAL,V,other,0,0,normal,61.55000305175781,93.18000793457033,110.58000183105467,0.002902757619738752,4.641036892024167e-05,2,0
390,391,LEU,L,other,0,0,normal,63.69000244140625,90.01000213623047,109.75,0.002902757619738752,0.0011729165963479259,2,0
391,392,LYS,K,other,0,0,normal,62.00000381469727,89.47000122070312,106.4000015258789,0.001451378809869376,0.0,1,0
392,393,GLY,G,other,0,0,normal,63.209999084472656,92.99000549316406,105.07000732421876,0.001451378809869376,0.0,1,0
393,394,GLN,Q,other,0,0,normal,66.51000213623047,93.91999816894533,103.19000244140624,0.0,0.0,0,0
394,395,VAL,V,other,0,0,normal,68.35000610351562,92.3000030517578,106.08000946044922,0.001451378809869376,0.0,1,0
395,396,ALA,A,other,0,0,normal,70.04000091552734,89.38999938964844,104.29000854492188,0.001451378809869376,0.0,1,0
396,397,THR,T,other,0,0,normal,72.0,91.77000427246094,101.83999633789062,0.002902757619738752,0.0034934350423600096,2,0
397,398,VAL,V,other,0,0,normal,73.4000015258789,93.74000549316406,104.94000244140624,0.002902757619738752,4.219124447294697e-06,2,0
398,399,ILE,I,other,0,0,normal,74.6300048828125,90.54000854492188,106.55999755859376,0.0043541364296081275,0.002341614068248557,3,0
399,400,LYS,K,other,0,0,normal,76.18000793457031,89.21000671386719,103.36000061035156,0.002902757619738752,0.0046410368920241675,2,0
400,401,LYS,K,other,0,0,normal,78.17000579833984,92.49000549316406,102.90000915527344,0.001451378809869376,0.0,1,0
401,402,THR,T,other,0,0,normal,79.14000701904297,92.70000457763672,106.65000915527344,0.001451378809869376,0.0,1,0
402,403,ILE,I,other,0,0,normal,80.1100082397461,89.25,107.77000427246094,0.0,0.0,0,0
403,404,ASN,N,other,0,0,normal,82.2800064086914,88.15000915527344,104.8000030517578,0.0,0.0,0,0
404,405,THR,T,other,0,0,normal,84.94000244140625,90.93000793457033,105.04000854492188,0.0,0.0,0,0
405,406,ASP,D,other,0,0,normal,87.72000122070312,91.2300033569336,107.66000366210938,0.0,0.0,0,0
406,407,PHE,F,other,0,0,normal,90.22000122070312,93.69000244140624,108.98001098632812,0.001451378809869376,0.0,1,0
407,408,PRO,P,other,0,0,normal,93.68000030517578,93.61000061035156,107.04000854492188,0.0,0.0,0,0
408,409,PHE,F,other,0,0,normal,96.79000854492188,91.64000701904295,108.27999877929688,0.001451378809869376,0.0,1,0
409,410,PRO,P,other,0,0,normal,97.82000732421876,91.2300033569336,111.17000579833984,0.0,0.0,0,0
410,411,PHE,F,other,0,0,normal,94.31999969482422,91.91000366210938,112.47000885009766,0.001451378809869376,0.0,1,0
411,412,ALA,A,other,0,0,normal,92.43000030517578,89.51000213623047,110.30999755859376,0.001451378809869376,0.0,1,0
412,413,TRP,W,other,0,0,normal,91.64000701904295,87.32000732421875,113.26000213623048,0.0,0.0,0,0
413,414,LEU,L,other,0,0,normal,89.80000305175781,90.04000854492188,115.16999816894533,0.001451378809869376,0.0,1,0
414,415,THR,T,other,0,0,normal,86.64000701904297,90.20000457763672,113.04000854492188,0.001451378809869376,0.0,1,0
415,416,GLY,G,other,0,0,normal,86.13999938964844,86.57000732421875,114.11000061035156,0.002902757619738752,1.1250998526119193e-05,2,0
416,417,TYR,Y,other,0,0,normal,86.11000061035156,87.44000244140625,117.92000579833984,0.0043541364296081275,0.001230718601275863,3,0
417,418,LEU,L,other,0,0,normal,84.19999694824219,90.65000915527344,117.14000701904295,0.005805515239477504,0.0018711247676802757,4,0
418,419,ALA,A,other,0,0,normal,81.50000762939453,88.58000946044922,115.260009765625,0.005805515239477504,0.0006113779205047288,4,0
419,420,ILE,I,other,0,0,normal,81.2300033569336,86.41000366210938,118.4600067138672,0.008708272859216255,0.0034617295093380984,6,0
420,421,LEU,L,other,0,0,normal,80.65000915527344,89.66000366210938,120.44000244140624,0.005805515239477504,0.0035766555978271734,4,0
421,422,VAL,V,other,0,0,normal,78.16000366210938,90.91999816894533,117.82000732421876,0.002902757619738752,6.434164782124413e-05,2,0
422,423,GLY,G,other,0,0,normal,76.32000732421875,87.62000274658203,118.06000518798828,0.008708272859216255,0.008149026297121945,6,0
423,424,ALA,A,other,0,0,normal,76.29000091552734,87.93000030517578,121.81999969482422,0.00725689404934688,0.003391775966155072,5,0
424,425,GLY,G,other,0,0,normal,75.18000030517578,91.6300048828125,121.52000427246094,0.0043541364296081275,0.0011444375063286863,3,0
425,426,MET,M,other,0,0,normal,72.26000213623047,90.82000732421876,119.29000854492188,0.0043541364296081275,0.00016700700937208175,3,0
426,427,THR,T,other,0,0,normal,71.21000671386719,87.66999816894531,121.07000732421876,0.008708272859216255,0.004148466898028108,6,0
427,428,PHE,F,other,0,0,normal,70.46000671386719,89.87000274658203,124.0500030517578,0.005805515239477504,0.0018096199178910897,4,0
428,429,ILE,I,other,0,0,normal,67.82000732421875,91.55999755859376,121.8600082397461,0.002902757619738752,9.282073784048334e-06,2,0
429,430,VAL,V,other,0,0,normal,65.84000396728516,88.30001068115234,121.34001159667967,0.001451378809869376,0.0,1,0
430,431,GLN,Q,other,0,0,normal,66.95999908447266,86.44000244140625,124.53001403808594,0.001451378809869376,0.0,1,0
431,432,SER,S,other,0,0,normal,67.6500015258789,82.96000671386719,123.15000915527344,0.0043541364296081275,0.06134752988950601,3,0
432,433,SER,S,other,0,0,normal,70.30999755859375,81.0,121.17000579833984,0.0043541364296081275,0.03678253209900875,3,0
433,434,SER,S,other,0,0,normal,67.72000122070312,78.4800033569336,120.06000518798828,0.0043541364296081275,0.004354758165436817,3,0
434,435,VAL,V,other,0,0,normal,65.7300033569336,81.30000305175781,118.42001342773438,0.0043541364296081275,0.06442782136793077,3,0
435,436,PHE,F,other,0,0,normal,69.02000427246094,82.89000701904297,117.10000610351562,0.0043541364296081275,0.00806076771692516,3,0
436,437,THR,T,other,0,0,normal,70.2800064086914,79.62000274658203,115.37001037597656,0.0043541364296081275,0.0032125630694952354,3,0
437,438,SER,S,other,0,0,normal,66.69000244140625,78.97000122070312,114.0300064086914,0.00725689404934688,0.05090865540424006,5,0
438,439,ALA,A,other,0,0,normal,66.55999755859375,82.45001220703125,112.47000885009766,0.002902757619738752,0.0002924072417271189,2,0
439,440,LEU,L,other,0,0,normal,70.09000396728516,82.19001007080078,111.07000732421876,0.0043541364296081275,0.006191606228649514,3,0
440,441,THR,T,other,0,0,normal,69.59000396728516,78.69000244140625,109.68000793457033,0.005805515239477504,0.03433543346827273,4,0
441,442,PRO,P,other,0,0,normal,67.52999877929688,79.70999908447266,106.510009765625,0.002902757619738752,6.750599115671516e-05,2,0
442,443,LEU,L,other,0,0,normal,70.24000549316406,82.45001220703125,105.83000183105467,0.00725689404934688,0.010704203404265986,5,0
443,444,ILE,I,other,0,0,normal,72.7300033569336,79.49000549316406,105.87001037597656,0.005805515239477504,0.004334306544705843,4,0
444,445,GLY,G,other,0,0,normal,70.3800048828125,77.7300033569336,103.42001342773438,0.00725689404934688,0.004508682070410352,5,0
445,446,ILE,I,other,0,0,normal,69.8499984741211,80.66000366210938,101.13999938964844,0.001451378809869376,0.0,1,0
446,447,GLY,G,other,0,0,normal,73.55000305175781,81.41999816894531,101.0300064086914,0.002902757619738752,0.0011729165963479259,2,0
447,448,VAL,V,other,0,0,normal,73.62000274658203,84.83000946044922,102.87001037597656,0.002902757619738752,0.005780200492793736,2,0
448,449,ILE,I,other,0,0,normal,76.86000061035156,83.54000091552734,104.37000274658205,0.001451378809869376,0.0,1,0
449,450,THR,T,other,0,0,normal,78.67000579833984,80.25000762939453,104.07000732421876,0.001451378809869376,0.0,1,0
450,451,ILE,I,other,0,0,normal,78.81000518798828,77.68000793457031,106.83000183105467,0.001451378809869376,0.0,1,0
451,452,GLU,E,other,0,0,normal,82.29000091552734,78.80000305175781,108.17000579833984,0.001451378809869376,0.0,1,0
452,453,ARG,R,other,0,0,normal,81.15000915527344,82.40000915527344,108.19000244140624,0.002902757619738752,0.0011729165963479259,2,0
453,454,ALA,A,other,0,0,normal,77.8800048828125,81.66000366210938,110.08000183105467,0.002902757619738752,0.0011729165963479259,2,0
454,455,TYR,Y,other,0,0,normal,79.92000579833984,79.77000427246094,112.97000885009766,0.005805515239477504,0.003515374489485942,4,0
455,456,PRO,P,other,0,0,normal,81.04000091552734,82.87001037597656,115.0500030517578,0.0043541364296081275,0.0012004815427369181,3,0
456,457,LEU,L,other,0,0,normal,77.4800033569336,84.2800064086914,115.0500030517578,0.00725689404934688,0.0027494055357153205,5,0
457,458,THR,T,other,0,0,normal,76.44000244140625,80.80000305175781,116.1100082397461,0.0043541364296081275,0.006249171700027339,3,0
458,459,LEU,L,other,0,0,normal,79.07000732421875,80.60000610351562,118.8800048828125,0.001451378809869376,0.0,1,0
459,460,GLY,G,other,0,0,normal,78.37000274658203,84.17000579833984,120.27000427246094,0.00725689404934688,0.002274691022497076,5,0
460,461,SER,S,other,0,0,normal,74.67000579833984,83.57000732421875,120.67000579833984,0.010159651669085631,0.03812569275479654,7,0
461,462,ASN,N,other,0,0,normal,75.26000213623047,80.77999877929688,123.4600067138672,0.002902757619738752,0.0003025386197830252,2,0
462,463,ILE,I,other,0,0,normal,77.18000793457031,83.6300048828125,125.3000030517578,0.0043541364296081275,0.0056878641945676735,3,0
463,464,GLY,G,other,0,0,normal,74.07000732421875,85.87001037597656,124.77000427246094,0.010159651669085631,0.017875655390637017,7,0
464,465,THR,T,other,0,0,normal,71.8800048828125,83.02000427246094,126.09000396728516,0.0043541364296081275,0.0002391361496755888,3,0
465,466,THR,T,other,0,0,normal,74.1300048828125,82.63999938964844,129.1300048828125,0.005805515239477504,0.009908935702809516,4,0
466,467,THR,T,other,0,0,normal,73.86000061035156,86.3800048828125,129.7200164794922,0.005805515239477504,0.011175796754954363,4,0
467,468,THR,T,other,0,0,normal,70.06000518798828,85.58000183105469,130.29000854492188,0.005805515239477504,0.0009176804157995631,4,0
468,469,ALA,A,other,0,0,normal,71.04000854492188,83.22999572753906,132.99000549316406,0.00725689404934688,0.015818740509105787,5,0
469,470,ILE,I,other,0,0,normal,72.8800048828125,86.09000396728516,134.77000427246094,0.005805515239477504,0.006969230959792574,4,0
470,471,LEU,L,other,0,0,normal,69.47000122070312,87.91000366210938,134.87001037597656,0.005805515239477504,0.001449017022362573,4,0
471,472,ALA,A,other,0,0,normal,68.06000518798828,84.92000579833984,136.63999938964844,0.0043541364296081275,0.0072720465759438194,3,0
472,473,ALA,A,other,0,0,normal,71.09000396728516,84.69001007080078,138.8400115966797,0.008708272859216255,0.01808451877583883,6,0
473,474,LEU,L,other,0,0,normal,71.16999816894531,88.26000213623047,140.19000244140625,0.002902757619738752,1.9237198372784154e-05,2,0
474,475,ALA,A,other,0,0,normal,67.41999816894531,88.66000366210938,140.5600128173828,0.0043541364296081275,0.02038559276286341,3,0
475,476,SER,S,other,0,0,normal,67.80999755859375,85.9800033569336,143.3000030517578,0.002902757619738752,0.0002314029030790768,2,0
476,477,PRO,P,other,0,0,normal,66.80000305175781,86.54000091552734,146.95001220703125,0.0,0.0,0,0
477,478,GLY,G,other,0,0,normal,70.04000091552734,87.80000305175781,148.69000244140625,0.002902757619738752,0.0023373949438012624,2,0
478,479,ASN,N,other,0,0,normal,70.74000549316406,84.75,150.83001708984375,0.0,0.0,0,0
479,480,ALA,A,other,0,0,normal,71.13999938964844,82.62000274658203,147.78001403808594,0.001451378809869376,0.0,1,0
480,481,LEU,L,other,0,0,normal,72.62000274658203,85.32000732421875,145.45001220703125,0.002902757619738752,0.0034934350423600096,2,0
481,482,ARG,R,other,0,0,normal,76.12000274658203,83.77999877929688,145.5800018310547,0.001451378809869376,0.0,1,0
482,483,SER,S,other,0,0,normal,74.92000579833984,80.20999908447266,144.66000366210938,0.001451378809869376,0.0,1,0
483,484,SER,S,other,0,0,normal,72.68000030517578,81.66000366210938,141.97000122070312,0.0043541364296081275,0.011933925734934943,3,0
484,485,LEU,L,other,0,0,normal,75.61000061035156,83.57000732421875,140.5600128173828,0.0043541364296081275,0.0034968778861486157,3,0
485,486,GLN,Q,other,0,0,normal,77.97000122070312,80.5,140.6699981689453,0.0043541364296081275,0.007923668038850133,3,0
486,487,ILE,I,other,0,0,normal,75.5,78.4000015258789,138.6300048828125,0.002902757619738752,0.0008540810040435781,2,0
487,488,ALA,A,other,0,0,normal,75.10000610351562,81.08000946044922,135.98001098632812,0.0043541364296081275,0.013277857413019553,3,0
488,489,LEU,L,other,0,0,normal,78.82000732421875,81.66000366210938,135.79000854492188,0.005805515239477504,0.009344581656532003,4,0
489,490,CYS,C,other,0,0,normal,79.2300033569336,77.84000396728516,135.48001098632812,0.0043541364296081275,0.001117160896024175,3,0
490,491,HSD,H,other,0,0,normal,76.70000457763672,77.71000671386719,132.55001831054688,0.0043541364296081275,0.01205455902992733,3,0
491,492,PHE,F,other,0,0,normal,78.69000244140625,80.55000305175781,131.0500030517578,0.0043541364296081275,0.007060024498675172,3,0
492,493,PHE,F,other,0,0,normal,82.11000061035156,78.85000610351562,131.98001098632812,0.002902757619738752,0.00048327949819832264,2,0
493,494,PHE,F,other,0,0,normal,81.20001220703125,75.56000518798828,130.23001098632812,0.002902757619738752,0.008591563030327492,2,0
494,495,ASN,N,other,0,0,normal,80.10000610351562,77.3800048828125,126.88999938964844,0.0043541364296081275,0.006821367080382534,3,0
495,496,ILE,I,other,0,0,normal,83.26000213623047,79.56999969482422,127.08000183105467,0.0043541364296081275,0.002225027971614451,3,0
496,497,SER,S,other,0,0,normal,85.2800064086914,76.36000061035156,127.3000030517578,0.005805515239477504,0.008374405973547794,4,0
497,498,GLY,G,other,0,0,normal,83.60000610351562,74.8499984741211,124.14000701904295,0.00725689404934688,0.010720812344322704,5,0
498,499,ILE,I,other,0,0,normal,84.18000030517578,78.06000518798828,122.2800064086914,0.005805515239477504,0.006734540872320599,4,0
499,500,LEU,L,other,0,0,normal,87.74000549316406,78.0300064086914,123.34000396728516,0.002902757619738752,0.000851405597957045,2,0
500,501,LEU,L,other,0,0,normal,88.26000213623047,74.33000183105469,122.52999877929688,0.001451378809869376,0.0,1,0
501,502,TRP,W,other,0,0,normal,86.47000122070312,74.35000610351562,119.16000366210938,0.0043541364296081275,0.004215723577285666,3,0
502,503,TYR,Y,other,0,0,normal,87.06000518798828,77.76000213623047,117.69001007080078,0.001451378809869376,0.0,1,0
503,504,PRO,P,other,0,0,normal,90.54000854492188,79.43000030517578,117.24000549316406,0.0,0.0,0,0
504,505,ILE,I,other,0,0,normal,92.47000885009766,77.22000885009766,114.8100128173828,0.001451378809869376,0.0,1,0
505,506,PRO,P,other,0,0,normal,90.86000061035156,75.95999908447266,111.52000427246094,0.0,0.0,0,0
506,507,PHE,F,other,0,0,normal,92.2100067138672,72.58000183105469,112.87001037597656,0.001451378809869376,0.0,1,0
507,508,THR,T,other,0,0,normal,89.73999786376953,72.4800033569336,115.87001037597656,0.002902757619738752,0.0020387512516735857,2,0
508,509,ARG,R,other,0,0,normal,86.69999694824219,73.49000549316406,113.8000030517578,0.001451378809869376,0.0,1,0
509,510,LEU,L,other,0,0,normal,85.66000366210938,69.77999877929688,113.58000946044922,0.002902757619738752,0.0014028141304358946,2,0
510,511,PRO,P,other,0,0,normal,81.75,70.56000518798828,113.8800048828125,0.0043541364296081275,0.008222255293339103,3,0
511,512,ILE,I,other,0,0,normal,81.87000274658203,72.05000305175781,110.39000701904295,0.001451378809869376,0.0,1,0
512,513,ARG,R,other,0,0,normal,83.57000732421875,68.87000274658203,108.95000457763672,0.002902757619738752,0.0012633720674528046,2,0
513,514,MET,M,other,0,0,normal,81.15000915527344,66.58000183105469,110.81000518798828,0.002902757619738752,0.0071337211859370695,2,0
514,515,ALA,A,other,0,0,normal,78.09000396728516,68.47000122070312,109.3600082397461,0.0043541364296081275,0.003501873291254599,3,0
515,516,LYS,K,other,0,0,normal,79.67000579833984,68.44000244140625,105.8499984741211,0.002902757619738752,0.001503018336059143,2,0
516,517,GLY,G,other,0,0,normal,80.35000610351562,64.69000244140625,106.18000030517578,0.0043541364296081275,0.006170073162174963,3,0
517,518,LEU,L,other,0,0,normal,76.81000518798828,64.11000061035156,107.56000518798828,0.002902757619738752,0.0011729165963479259,2,0
518,519,GLY,G,other,0,0,normal,75.46000671386719,65.95999908447266,104.4100112915039,0.0043541364296081275,0.003162962531106453,3,0
519,520,ASN,N,other,0,0,normal,77.42000579833984,63.93000030517578,101.92000579833984,0.002902757619738752,0.0011729165963479259,2,0
520,521,ILE,I,other,0,0,normal,76.27000427246094,60.74000549316406,103.70001220703124,0.001451378809869376,0.0,1,0
521,522,SER,S,other,0,0,normal,72.56000518798828,61.80000305175781,103.58000946044922,0.001451378809869376,0.0,1,0
522,523,ALA,A,other,0,0,normal,72.76000213623047,63.7400016784668,100.29000091552734,0.001451378809869376,0.0,1,0
523,524,LYS,K,other,0,0,normal,70.3800048828125,61.5,98.4600067138672,0.0,0.0,0,0
524,525,TYR,Y,other,0,0,normal,67.76000213623047,61.660003662109375,101.13999938964844,0.0,0.0,0,0
525,526,ARG,R,other,0,0,normal,65.09000396728516,64.24000549316406,102.14000701904295,0.0,0.0,0,0
526,527,TRP,W,other,0,0,normal,63.660003662109375,62.15999984741211,104.95001220703124,0.0,0.0,0,0
527,528,PHE,F,other,0,0,normal,66.94000244140625,62.25000381469727,106.7800064086914,0.001451378809869376,0.0,1,0
528,529,ALA,A,other,0,0,normal,66.3800048828125,65.5300064086914,108.69000244140624,0.002902757619738752,0.0007594424005130455,2,0
529,530,VAL,V,other,0,0,normal,63.01000213623047,64.25,110.36000061035156,0.001451378809869376,0.0,1,0
530,531,PHE,F,other,0,0,normal,64.84000396728516,60.7300033569336,110.85000610351562,0.0043541364296081275,0.0005906774226212576,3,0
531,532,TYR,Y,other,0,0,normal,67.80000305175781,62.57000350952149,112.58000183105467,0.002902757619738752,0.0009282073784048334,2,0
532,533,LEU,L,other,0,0,normal,65.58000183105469,64.31000518798828,115.19001007080078,0.001451378809869376,0.0,1,0
533,534,ILE,I,other,0,0,normal,63.970001220703125,61.01000213623047,116.4000015258789,0.002902757619738752,0.00020251797347014546,2,0
534,535,ILE,I,other,0,0,normal,67.41000366210938,59.34000396728516,116.64000701904295,0.002902757619738752,0.0010885341074020319,2,0
535,536,PHE,F,other,0,0,normal,69.33000183105469,62.100006103515625,118.4000015258789,0.001451378809869376,0.0,1,0
536,537,PHE,F,other,0,0,normal,66.80000305175781,64.19000244140625,120.32000732421876,0.0,0.0,0,0
537,538,PHE,F,other,0,0,normal,64.56000518798828,61.2300033569336,121.4600067138672,0.001451378809869376,0.0,1,0
538,539,LEU,L,other,0,0,normal,65.67000579833984,57.53000259399414,120.89000701904295,0.002902757619738752,0.001240422587504641,2,0
539,540,ILE,I,other,0,0,normal,69.2300033569336,58.12000274658203,122.3000030517578,0.0043541364296081275,0.0002531474668376818,3,0
540,541,PRO,P,other,0,0,normal,68.12000274658203,60.02000427246094,125.44000244140624,0.002902757619738752,6.328686670942046e-06,2,0
541,542,LEU,L,other,0,0,normal,65.09000396728516,57.85000228881836,126.17000579833984,0.0043541364296081275,0.0015229632879918094,3,0
542,543,THR,T,other,0,0,normal,67.68000030517578,54.910003662109375,125.79000854492188,0.005805515239477504,0.00025961679099020037,4,0
543,544,VAL,V,other,0,0,normal,70.07000732421875,56.42000198364258,128.35000610351562,0.0043541364296081275,0.00020251797347014546,3,0
544,545,PHE,F,other,0,0,normal,66.99000549316406,57.20000457763672,130.5900115966797,0.005805515239477504,0.0018603526062938088,4,0
545,546,GLY,G,other,0,0,normal,65.8800048828125,53.57000350952149,130.42001342773438,0.005805515239477504,5.372351796221915e-05,4,0
546,547,LEU,L,other,0,0,normal,69.5300064086914,52.290000915527344,130.92001342773438,0.00725689404934688,0.0025756348375918364,5,0
547,548,SER,S,other,0,0,normal,69.70999908447266,54.59999847412109,133.97000122070312,0.005805515239477504,0.00010913468570335617,4,0
548,549,LEU,L,other,0,0,normal,66.80000305175781,52.61000061035156,135.41000366210938,0.0043541364296081275,0.00020040841124649813,3,0
549,550,ALA,A,other,0,0,normal,68.52000427246094,49.280006408691406,134.55999755859375,0.002902757619738752,6.328686670942046e-05,2,0
550,551,GLY,G,other,0,0,normal,71.35000610351562,50.79000473022461,136.63999938964844,0.002902757619738752,2.1095622236473487e-06,2,0
551,552,TRP,W,other,0,0,normal,74.41000366210938,53.06999969482422,136.35000610351562,0.001451378809869376,0.0,1,0
552,553,ARG,R,other,0,0,normal,76.7300033569336,49.900001525878906,136.02000427246094,0.002902757619738752,0.002523036419482229,2,0
553,554,VAL,V,other,0,0,normal,74.54000854492188,48.75,133.1199951171875,0.001451378809869376,0.0,1,0
554,555,LEU,L,other,0,0,normal,74.82000732421875,52.150001525878906,131.4300079345703,0.00725689404934688,0.0029069767441860465,5,0
555,556,VAL,V,other,0,0,normal,78.6500015258789,52.410003662109375,131.97000122070312,0.002902757619738752,0.0025061599216930504,2,0
556,557,GLY,G,other,0,0,normal,78.72000122070312,48.910003662109375,130.25,0.002902757619738752,0.00020251797347014546,2,0
557,558,VAL,V,other,0,0,normal,77.29000854492188,50.40000534057617,127.04000854492188,0.001451378809869376,0.0,1,0
558,559,GLY,G,other,0,0,normal,78.97000122070312,53.790000915527344,127.50000762939452,0.002902757619738752,0.002480845175009282,2,0
559,560,VAL,V,other,0,0,normal,82.55000305175781,52.55000305175781,127.42000579833984,0.001451378809869376,0.0,1,0
560,561,PRO,P,other,0,0,normal,82.6100082397461,50.900001525878906,123.8800048828125,0.001451378809869376,0.0,1,0
561,562,VAL,V,other,0,0,normal,80.6300048828125,53.93000030517578,122.51000213623048,0.002902757619738752,0.0024470921794309246,2,0
562,563,VAL,V,other,0,0,normal,82.97000122070312,56.52000427246094,123.82000732421876,0.002902757619738752,0.00020251797347014546,2,0
563,564,PHE,F,other,0,0,normal,85.98999786376953,54.38999938964844,122.9600067138672,0.002902757619738752,0.00020251797347014546,2,0
564,565,ILE,I,other,0,0,normal,84.86000061035156,54.0,119.31999969482422,0.002902757619738752,0.0024049009349579775,2,0
565,566,ILE,I,other,0,0,normal,83.63999938964844,57.61000061035156,118.99000549316406,0.0043541364296081275,0.0018374286967968408,3,0
566,567,ILE,I,other,0,0,normal,86.80000305175781,59.29000473022461,120.3800048828125,0.002902757619738752,0.00039659769804570153,2,0
567,568,LEU,L,other,0,0,normal,88.8600082397461,57.02000045776367,118.25000762939452,0.0043541364296081275,0.002409120059405272,3,0
568,569,VAL,V,other,0,0,normal,86.62001037597656,57.61000061035156,115.20000457763672,0.002902757619738752,0.001445050123198434,2,0
569,570,LEU,L,other,0,0,normal,86.93000793457031,61.43000030517578,115.60000610351562,0.0043541364296081275,0.0011265062274276843,3,0
570,571,CYS,C,other,0,0,normal,90.68000793457033,61.150001525878906,116.07000732421876,0.002902757619738752,0.0004936375603334796,2,0
571,572,LEU,L,other,0,0,normal,90.91999816894533,59.11000061035156,112.80999755859376,0.0043541364296081275,0.001506227427684207,3,0
572,573,ARG,R,other,0,0,normal,88.68000030517578,61.65000534057617,111.12000274658205,0.002902757619738752,0.00039659769804570153,2,0
573,574,LEU,L,other,0,0,normal,91.10000610351562,64.34000396728516,112.41000366210938,0.002902757619738752,0.0003776116380328754,2,0
574,575,LEU,L,other,0,0,normal,94.0500030517578,62.21000289916992,111.22000885009766,0.005805515239477504,0.0004978566847807743,4,0
575,576,GLN,Q,other,0,0,normal,92.41000366210938,61.76000213623047,107.74000549316406,0.002902757619738752,0.00020251797347014546,2,0
576,577,SER,S,other,0,0,normal,91.88999938964844,65.58000183105469,107.80999755859376,0.002902757619738752,0.00028057177574509736,2,0
577,578,ARG,R,other,0,0,normal,95.66000366210938,66.1300048828125,108.20999908447266,0.001451378809869376,0.0,1,0
578,579,CYS,C,other,0,0,normal,97.51000213623048,63.13999938964844,106.61000061035156,0.001451378809869376,0.0,1,0
579,580,PRO,P,other,0,0,normal,95.5300064086914,60.68000411987305,104.3800048828125,0.001451378809869376,0.0,1,0
580,581,ARG,R,other,0,0,normal,98.99000549316406,58.9900016784668,103.5,0.0,0.0,0,0
581,582,VAL,V,other,0,0,normal,100.16000366210938,58.2300033569336,107.05001068115234,0.0,0.0,0,0
582,583,LEU,L,other,0,0,normal,97.33000946044922,55.86000442504883,108.0300064086914,0.0,0.0,0,0
583,584,PRO,P,other,0,0,normal,97.5,51.99000549316406,107.1500015258789,0.001451378809869376,0.0,1,0
584,585,LYS,K,other,0,0,normal,96.12000274658205,51.630001068115234,103.510009765625,0.0,0.0,0,0
585,586,LYS,K,other,0,0,normal,93.0,49.910003662109375,104.74000549316406,0.0,0.0,0,0
586,587,LEU,L,other,0,0,normal,92.51000213623048,52.78000259399414,107.14000701904295,0.002902757619738752,4.219124447294697e-06,2,0
587,588,GLN,Q,other,0,0,normal,93.13999938964844,55.1400032043457,104.31000518798828,0.0,0.0,0,0
588,589,ASN,N,other,0,0,normal,89.94000244140625,53.47999954223633,103.13999938964844,0.001451378809869376,0.0,1,0
589,590,TRP,W,other,0,0,normal,86.8600082397461,53.790000915527344,105.37001037597656,0.0,0.0,0,0
590,591,ASN,N,other,0,0,normal,85.66000366210938,50.12000274658203,105.2800064086914,0.001451378809869376,0.0,1,0
591,592,PHE,F,other,0,0,normal,86.93000793457031,48.86000061035156,108.5300064086914,0.0,0.0,0,0
592,593,LEU,L,other,0,0,normal,83.75,49.9900016784668,110.3800048828125,0.001451378809869376,0.0,1,0
593,594,PRO,P,other,0,0,normal,80.56999969482422,47.75,110.36000061035156,0.0,0.0,0,0
594,595,LEU,L,other,0,0,normal,77.99000549316406,48.87000274658203,107.52999877929688,0.0,0.0,0,0
595,596,TRP,W,other,0,0,normal,75.26000213623047,50.44000244140625,109.72000122070312,0.0,0.0,0,0
596,597,MET,M,other,0,0,normal,77.97000122070312,52.59000396728516,111.37000274658205,0.0,0.0,0,0
597,598,ARG,R,other,0,0,normal,78.9000015258789,54.37000274658203,108.10000610351562,0.0,0.0,0,0
598,599,SER,S,other,0,0,normal,75.91000366210938,53.95000457763672,105.82000732421876,0.0,0.0,0,0
599,600,LEU,L,other,0,0,normal,72.22000122070312,54.44000244140625,105.6300048828125,0.0,0.0,0,0
600,601,LYS,K,other,0,0,normal,71.27000427246094,51.43000030517578,103.510009765625,0.002902757619738752,2.5314746683768183e-05,2,0
601,602,PRO,P,other,0,0,normal,69.2800064086914,49.4800033569336,106.1300048828125,0.0,0.0,0,0
602,603,TRP,W,other,0,0,normal,66.93000030517578,52.470001220703125,106.760009765625,0.0043541364296081275,0.00039026901137475953,3,0
603,604,ASP,D,other,0,0,normal,66.88999938964844,53.47999954223633,103.02000427246094,0.0043541364296081275,0.0002847909001923921,3,0
604,605,ALA,A,other,0,0,normal,64.9800033569336,50.290000915527344,102.41000366210938,0.002902757619738752,0.00023627096904850305,2,0
605,606,VAL,V,other,0,0,normal,62.25000381469727,51.06000518798828,105.02999877929688,0.0043541364296081275,0.000767880649407635,3,0
606,607,VAL,V,other,0,0,normal,61.52000427246094,54.59000015258789,104.01000213623048,0.002902757619738752,0.00012235460897154623,2,0
607,608,SER,S,other,0,0,normal,61.53000259399414,53.62000274658203,100.29000091552734,0.002902757619738752,0.00012235460897154623,2,0
608,609,LYS,K,other,0,0,normal,59.06999969482422,50.86000442504883,101.02000427246094,0.002902757619738752,0.0007974145205386978,2,0
609,610,PHE,F,other,0,0,normal,57.01000213623047,52.95000076293945,103.37001037597656,0.001451378809869376,0.0,1,0
610,611,THR,T,other,0,0,normal,56.7400016784668,55.77999877929688,100.69000244140624,0.001451378809869376,0.0,1,0
611,612,GLY,G,other,0,0,normal,56.43000030517578,52.78000259399414,98.15000915527344,0.0043541364296081275,0.0008459344516825868,3,0
612,613,CYS,C,other,0,0,normal,53.27999877929688,51.84000015258789,100.1300048828125,0.001451378809869376,0.0,1,0
613,614,PHE,F,other,0,0,normal,51.7400016784668,55.40000534057617,99.82000732421876,0.0043541364296081275,0.0002757197826307085,3,0
614,615,GLN,Q,other,0,0,normal,52.4900016784668,55.2400016784668,96.04000091552734,0.0043541364296081275,0.0005659955446045837,3,0
615,616,MET,M,other,0,0,normal,50.7300033569336,51.83000183105469,95.91999816894533,0.005805515239477504,0.0001778160043846749,4,0
616,617,ARG,R,other,0,0,normal,47.83000183105469,53.400001525878906,97.92000579833984,0.005805515239477504,0.0003098444629818039,4,0
617,618,CYS,C,other,0,0,normal,47.62000274658203,55.96000289916992,95.06000518798828,0.005805515239477504,0.0004697693706030696,4,0
618,619,CYS,C,other,0,0,normal,47.3800048828125,52.93000030517578,92.70000457763672,0.005805515239477504,0.00017416445263088525,4,0
619,620,CYS,C,other,0,0,normal,44.92000198364258,51.08000183105469,95.02000427246094,0.005805515239477504,0.00032519906230963713,4,0
620,621,CYS,C,other,0,0,normal,42.55000305175781,54.160003662109375,95.37001037597656,0.005805515239477504,0.0003808613684107322,4,0
621,622,CYS,C,other,0,0,normal,42.4800033569336,54.55000305175781,91.61000061035156,0.0043541364296081275,0.00016079886911391956,3,0
622,623,ARG,R,other,0,0,normal,41.62000274658203,50.82000350952149,91.27999877929688,0.005805515239477504,0.0003028678393421702,4,0
623,624,VAL,V,other,0,0,normal,38.53000259399414,50.77999877929688,93.6300048828125,0.0043541364296081275,0.0002254569512687108,3,0
624,625,CYS,C,other,0,0,normal,37.25,53.910003662109375,91.95999908447266,0.005805515239477504,0.00020113168972317718,4,0
625,626,CYS,C,other,0,0,normal,37.77000045776367,52.28000259399414,88.47000122070312,0.005805515239477504,0.00023574357849259116,4,0
626,627,ARG,R,other,0,0,normal,36.17000198364258,48.880001068115234,89.52000427246094,0.005805515239477504,0.0001528026237328563,4,0
627,628,ALA,A,other,0,0,normal,33.11000061035156,50.62000274658203,91.010009765625,0.005805515239477504,0.00014703648698822017,4,0
628,629,CYS,C,other,0,0,normal,32.44000244140625,52.540000915527344,87.76000213623047,0.0043541364296081275,0.00012446417119519357,3,0
629,630,CYS,C,other,0,0,normal,32.55000305175781,49.30000305175781,85.76000213623047,0.002902757619738752,4.219124447294697e-06,2,0
630,631,LEU,L,other,0,0,normal,29.18000221252441,48.2300033569336,87.1500015258789,0.001451378809869376,0.0,1,0
631,632,LEU,L,other,0,0,normal,27.530000686645508,51.63999938964844,86.46000671386719,0.001451378809869376,0.0,1,0
632,633,CYS,C,other,0,0,normal,28.93000030517578,52.35000228881836,83.05000305175781,0.0,0.0,0,0
633,634,ASP,D,other,0,0,normal,30.940000534057617,51.1300048828125,80.13999938964844,0.0,0.0,0,0
634,635,CYS,C,other,0,0,normal,34.58000183105469,52.09999847412109,80.37001037597656,0.0,0.0,0,0
635,636,PRO,P,other,0,0,normal,35.86000061035156,55.69000244140625,79.45000457763672,0.0,0.0,0,0
636,637,LYS,K,other,0,0,normal,37.69000244140625,56.07000350952149,76.1100082397461,0.0,0.0,0,0
637,638,CYS,C,other,0,0,normal,40.77000045776367,57.46000289916992,77.86000061035156,0.0,0.0,0,0
638,639,CYS,C,other,0,0,normal,42.15999984741211,55.8900032043457,80.98999786376953,0.001451378809869376,0.0,1,0
639,640,ARG,R,other,0,0,normal,44.37000274658203,58.68000411987305,82.20000457763672,0.002902757619738752,4.219124447294697e-06,2,0
640,641,CYS,C,other,0,0,normal,44.790000915527344,57.95000076293945,86.04000091552734,0.002902757619738752,1.687649778917879e-05,2,0
641,642,SER,S,other,0,0,normal,44.93000030517578,54.25,85.41000366210938,0.005805515239477504,9.985261191930783e-05,4,0
642,643,LYS,K,other,0,0,normal,47.630001068115234,54.83000183105469,82.84000396728516,0.0043541364296081275,2.4611559275885734e-05,3,0
643,644,CYS,C,other,0,0,normal,49.650001525878906,57.09000015258789,85.21000671386719,0.005805515239477504,0.00012587054601095846,4,0
644,645,CYS,C,other,0,0,normal,48.9900016784668,54.31999969482422,87.83000183105469,0.0043541364296081275,7.031874078824494e-05,3,0
645,646,GLU,E,other,0,0,normal,50.42000198364258,51.7300033569336,85.55000305175781,0.002902757619738752,4.641036892024167e-05,2,0
646,647,ASP,D,other,0,0,normal,53.50000381469727,54.03000259399414,85.0,0.002902757619738752,3.515937039412247e-05,2,0
647,648,LEU,L,other,0,0,normal,54.03000259399414,54.11000061035156,88.77000427246094,0.0043541364296081275,6.399005411730291e-05,3,0
648,649,GLU,E,other,0,0,normal,53.6300048828125,50.33000564575195,89.01000213623047,0.001451378809869376,0.0,1,0
649,650,GLU,E,other,0,0,normal,56.61000061035156,50.02000427246094,86.41999816894531,0.002902757619738752,2.3205184460120835e-05,2,0
650,651,ALA,A,other,0,0,normal,58.61000061035156,52.61000061035156,88.31000518798828,0.001451378809869376,0.0,1,0
651,652,GLN,Q,other,0,0,normal,58.27999877929688,50.94000244140625,91.760009765625,0.0,0.0,0,0
652,653,GLU,E,other,0,0,normal,59.34000396728516,47.57000350952149,90.4499969482422,0.0,0.0,0,0
653,654,GLY,G,other,0,0,normal,61.97000503540039,49.34000015258789,88.4000015258789,0.0,0.0,0,0
654,655,GLN,Q,other,0,0,normal,65.75,49.42000579833984,88.89000701904297,0.0,0.0,0,0
655,656,ASP,D,other,0,0,normal,68.36000061035156,51.88999938964844,87.32000732421875,0.0,0.0,0,0
656,657,VAL,V,other,0,0,normal,71.71000671386719,50.43000030517578,85.98999786376953,0.0,0.0,0,0
657,658,PRO,P,other,0,0,normal,74.5,50.12000274658203,88.69000244140625,0.0,0.0,0,0
658,659,VAL,V,other,0,0,normal,77.47000122070312,52.29999923706055,87.75000762939453,0.0,0.0,0,0
659,660,LYS,K,other,0,0,normal,80.74000549316406,50.33000564575195,87.7800064086914,0.0,0.0,0,0
660,661,ALA,A,other,0,0,normal,84.29000854492188,50.18000030517578,86.24000549316406,0.0,0.0,0,0
661,662,PRO,P,other,0,0,normal,84.24000549316406,48.209999084472656,82.87001037597656,0.0,0.0,0,0
662,663,GLU,E,other,0,0,normal,84.33999633789062,44.30000305175781,82.75000762939453,0.0,0.0,0,0
663,664,THR,T,other,0,0,normal,87.96000671386719,42.9900016784668,82.63999938964844,0.0,0.0,0,0
664,665,PHE,F,other,0,0,normal,87.2300033569336,40.150001525878906,80.09001159667969,0.0,0.0,0,0
665,666,ASP,D,other,0,0,normal,89.68000793457031,38.02000427246094,77.93000030517578,0.0,0.0,0,0
666,667,ASN,N,other,0,0,normal,90.05000305175781,38.19000244140625,74.08000183105469,0.0,0.0,0,0
667,668,ILE,I,other,0,0,normal,89.40000915527344,41.959999084472656,73.85000610351562,0.0,0.0,0,0
668,669,THR,T,other,0,0,normal,91.5500030517578,44.34000015258789,71.80000305175781,0.0,0.0,0,0
669,670,ILE,I,other,0,0,normal,91.3800048828125,47.9900016784668,73.22000122070312,0.0,0.0,0,0
670,671,SER,S,other,0,0,normal,93.81000518798828,50.80000305175781,72.11000061035156,0.0,0.0,0,0
671,672,ARG,R,other,0,0,normal,94.68000793457033,53.100006103515625,74.97000122070312,0.0,0.0,0,0
672,673,GLU,E,other,0,0,normal,96.49000549316406,55.4800033569336,72.55000305175781,0.0,0.0,0,0
673,674,ALA,A,other,0,0,normal,97.27000427246094,58.34000015258789,72.58000183105469,0.0,0.0,0,0
674,675,GLN,Q,other,0,0,normal,98.26000213623048,59.0,76.25000762939453,0.0,0.0,0,0
675,676,GLY,G,other,0,0,normal,98.32000732421876,62.86000061035156,76.49000549316406,0.0,0.0,0,0
676,677,GLU,E,other,0,0,normal,100.3800048828125,62.84000396728516,79.67000579833984,0.0,0.0,0,0
677,678,VAL,V,other,0,0,normal,103.25000762939452,60.380001068115234,79.05000305175781,0.0,0.0,0,0
678,679,PRO,P,other,0,0,normal,102.9800033569336,57.400001525878906,81.55999755859375,0.0,0.0,0,0
679,680,ALA,A,other,0,0,normal,105.8800048828125,56.35000228881836,83.67000579833984,0.0,0.0,0,0
680,681,SER,S,other,0,0,normal,106.67000579833984,53.51000213623047,85.98999786376953,0.0,0.0,0,0
681,682,ASP,D,other,0,0,normal,106.67000579833984,53.05000305175781,89.72000122070312,0.0,0.0,0,0
682,683,SER,S,other,0,0,normal,109.14000701904295,54.9800033569336,91.91000366210938,0.0,0.0,0,0
683,684,LYS,K,other,0,0,normal,112.42000579833984,53.720001220703125,93.12000274658205,0.0,0.0,0,0
684,685,THR,T,other,0,0,normal,112.91000366210938,55.94000244140625,96.17000579833984,0.0,0.0,0,0
685,686,GLU,E,other,0,0,normal,111.22000885009766,56.37000274658203,99.48001098632812,0.0,0.0,0,0
686,687,CYS,C,other,0,0,normal,109.51000213623048,59.78000259399414,100.14000701904295,0.0,0.0,0,0
687,688,THR,T,other,0,0,normal,107.41000366210938,61.540000915527344,102.83000946044922,0.0,0.0,0,0
688,689,ALA,A,other,0,0,normal,104.02000427246094,60.47000503540039,103.91999816894533,0.0,0.0,0,0
689,690,LEU,L,other,0,0,normal,102.91000366210938,63.4800033569336,105.89000701904295,0.0,0.0,0,0
0,1,MET,M,other,0,0,normal,121.22000885009766,83.81000518798828,98.52000427246094,0.0,0.0,0,1
1,2,ALA,A,other,0,0,normal,117.90000915527344,83.24000549316406,100.40000915527344,0.0,0.0,0,1
2,3,PRO,P,other,0,0,normal,114.48001098632812,82.23999786376953,98.68000030517578,0.0,0.0,0,1
3,4,TRP,W,other,0,0,normal,113.06999969482422,84.07000732421875,95.66000366210938,0.0,0.0,0,1
4,5,PRO,P,other,0,0,normal,111.52000427246094,87.44000244140625,96.83000183105467,0.0,0.0,0,1
5,6,GLU,E,other,0,0,normal,107.66999816894533,87.08000183105469,96.1300048828125,0.0,0.0,0,1
6,7,LEU,L,other,0,0,normal,106.68000030517578,90.77000427246094,96.7300033569336,0.0,0.0,0,1
7,8,GLY,G,other,0,0,normal,109.19000244140624,92.11000061035156,94.27000427246094,0.0,0.0,0,1
8,9,ASP,D,other,0,0,normal,108.34000396728516,93.23001098632812,90.72999572753906,0.0,0.0,0,1
9,10,ALA,A,other,0,0,normal,110.35000610351562,90.14000701904295,89.42000579833984,0.0,0.0,0,1
10,11,GLN,Q,other,0,0,normal,113.72000885009766,91.010009765625,87.86000061035156,0.0,0.0,0,1
11,12,PRO,P,other,0,0,normal,114.67001342773438,89.94000244140625,84.33000183105469,0.0,0.0,0,1
12,13,ASN,N,other,0,0,normal,116.24000549316406,86.5300064086914,84.2300033569336,0.0,0.0,0,1
13,14,PRO,P,other,0,0,normal,119.20001220703124,84.92000579833984,82.260009765625,0.0,0.0,0,1
14,15,ASP,D,other,0,0,normal,118.63999938964844,84.17000579833984,78.54000854492188,0.0,0.0,0,1
15,16,LYS,K,other,0,0,normal,116.87000274658205,80.86000061035156,77.42000579833984,0.0,0.0,0,1
16,17,TYR,Y,other,0,0,normal,118.91999816894533,78.86000061035156,74.69000244140625,0.0,0.0,0,1
17,18,LEU,L,other,0,0,normal,116.4600067138672,78.27000427246094,71.87000274658203,0.0,0.0,0,1
18,19,GLU,E,other,0,0,normal,113.37001037597656,80.06999969482422,73.41000366210938,0.0,0.0,0,1
19,20,GLY,G,other,0,0,normal,110.93000793457033,81.81999969482422,73.21000671386719,0.0,0.0,0,1
20,21,ALA,A,other,0,0,normal,109.3000030517578,78.6500015258789,71.93000030517578,0.0,0.0,0,1
21,22,ALA,A,other,0,0,normal,108.5,78.30000305175781,68.16000366210938,0.0,0.0,0,1
22,23,GLY,G,other,0,0,normal,105.67000579833984,75.77000427246094,68.96000671386719,0.0,0.0,0,1
23,24,GLN,Q,other,0,0,normal,103.97000122070312,73.16000366210938,66.71000671386719,0.0,0.0,0,1
24,25,GLN,Q,other,0,0,normal,100.68000793457033,72.31000518798828,65.21000671386719,0.0,0.0,0,1
25,26,PRO,P,other,0,0,normal,99.31999969482422,68.66000366210938,65.70999908447266,0.0,0.0,0,1
26,27,THR,T,other,0,0,normal,100.2100067138672,65.97000122070312,63.160003662109375,0.0,0.0,0,1
27,28,ALA,A,other,0,0,normal,98.83000183105467,66.71000671386719,59.72999954223633,0.0,0.0,0,1
28,29,PRO,P,other,0,0,normal,97.260009765625,63.900001525878906,57.42000198364258,0.0,0.0,0,1
29,30,ASP,D,other,0,0,normal,99.31999969482422,62.56000518798828,54.49000549316406,0.0,0.0,0,1
30,31,LYS,K,other,0,0,normal,98.8000030517578,64.66000366210938,51.380001068115234,0.0,0.0,0,1
31,32,SER,S,other,0,0,normal,100.99000549316406,62.52000427246094,49.17000198364258,0.0,0.0,0,1
32,33,LYS,K,other,0,0,normal,97.9600067138672,60.07000350952149,48.82000350952149,0.001451378809869376,0.0,1,1
33,34,GLU,E,other,0,0,normal,96.55999755859376,59.14000701904297,46.4900016784668,0.0,0.0,0,1
34,35,THR,T,other,0,0,normal,99.55001068115234,57.910003662109375,44.400001525878906,0.001451378809869376,0.0,1,1
35,36,ASN,N,other,0,0,normal,100.56999969482422,54.30000305175781,43.17000579833984,0.0,0.0,0,1
36,37,LYS,K,other,0,0,normal,104.0500030517578,54.75000381469727,44.78000259399414,0.0,0.0,0,1
37,38,THR,T,other,0,0,normal,104.52000427246094,52.57000350952149,47.959999084472656,0.0,0.0,0,1
38,39,ASP,D,other,0,0,normal,107.11000061035156,52.11000442504883,50.630001068115234,0.0,0.0,0,1
39,40,ASN,N,other,0,0,normal,108.91000366210938,48.880001068115234,50.12000274658203,0.0,0.0,0,1
40,41,THR,T,other,0,0,normal,107.49000549316406,45.94000244140625,48.25000381469727,0.0,0.0,0,1
41,42,GLU,E,other,0,0,normal,105.56999969482422,43.19000244140625,50.060001373291016,0.0,0.0,0,1
42,43,ALA,A,other,0,0,normal,106.1300048828125,42.34000396728516,53.87000274658203,0.001451378809869376,0.0,1,1
43,44,PRO,P,other,0,0,normal,106.35000610351562,43.67000198364258,56.68000030517578,0.0,0.0,0,1
44,45,VAL,V,other,0,0,normal,102.73001098632812,45.040000915527344,56.86000442504883,0.001451378809869376,0.0,1,1
45,46,THR,T,other,0,0,normal,102.4600067138672,48.810001373291016,57.25000381469727,0.0,0.0,0,1
46,47,LYS,K,other,0,0,normal,100.80001068115234,50.68000411987305,60.09000396728516,0.0,0.0,0,1
47,48,ILE,I,other,0,0,normal,97.38999938964844,52.1300048828125,59.55000305175781,0.0,0.0,0,1
48,49,GLU,E,other,0,0,normal,97.3100128173828,55.63999938964844,57.9800033569336,0.0,0.0,0,1
49,50,LEU,L,other,0,0,normal,96.64000701904295,58.9800033569336,59.74000549316406,0.0,0.0,0,1
50,51,LEU,L,other,0,0,normal,93.010009765625,59.8900032043457,59.57000350952149,0.0,0.0,0,1
51,52,PRO,P,other,0,0,normal,91.6300048828125,63.350006103515625,59.9800033569336,0.0,0.0,0,1
52,53,SER,S,other,0,0,normal,91.2300033569336,63.15000534057617,63.69000244140625,0.0,0.0,0,1
53,54,TYR,Y,other,0,0,normal,92.91000366210938,66.07000732421875,65.56000518798828,0.0,0.0,0,1
54,55,SER,S,other,0,0,normal,90.95000457763672,69.14000701904297,66.67000579833984,0.0,0.0,0,1
55,56,THR,T,other,0,0,normal,90.94001007080078,72.7800064086914,65.58000183105469,0.0,0.0,0,1
56,57,ALA,A,other,0,0,normal,89.84000396728516,74.05000305175781,69.0300064086914,0.0,0.0,0,1
57,58,THR,T,other,0,0,normal,91.760009765625,76.41999816894531,71.41999816894531,0.0,0.0,0,1
58,59,LEU,L,other,0,0,normal,90.06999969482422,74.93000793457031,74.46000671386719,0.0,0.0,0,1
59,60,ILE,I,other,0,0,normal,89.33000183105469,71.22000122070312,74.10000610351562,0.0,0.0,0,1
60,61,ASP,D,other,0,0,normal,86.77000427246094,70.29000091552734,76.81000518798828,0.0,0.0,0,1
61,62,GLU,E,other,0,0,normal,83.16000366210938,68.96000671386719,77.3600082397461,0.0,0.0,0,1
62,63,PRO,P,other,0,0,normal,80.05000305175781,70.69000244140625,78.79000091552734,0.0,0.0,0,1
63,64,THR,T,other,0,0,normal,79.91000366210938,70.61000061035156,82.6100082397461,0.0,0.0,0,1
64,65,GLU,E,other,0,0,normal,77.58000183105469,70.86000061035156,85.70999908447266,0.0,0.0,0,1
65,66,VAL,V,other,0,0,normal,77.20000457763672,73.77999877929688,88.17000579833984,0.0,0.0,0,1
66,67,ASP,D,other,0,0,normal,78.87000274658203,74.56999969482422,91.4600067138672,0.0,0.0,0,1
67,68,ASP,D,other,0,0,normal,78.87000274658203,71.88999938964844,94.33000183105467,0.0,0.0,0,1
68,69,PRO,P,other,0,0,normal,76.22000122070312,72.42000579833984,97.05001068115234,0.001451378809869376,0.0,1,1
69,70,TRP,W,other,0,0,normal,78.47000885009766,74.27000427246094,99.64000701904295,0.0,0.0,0,1
70,71,ASN,N,other,0,0,normal,79.05999755859375,77.1300048828125,97.2100067138672,0.0,0.0,0,1
71,72,LEU,L,other,0,0,normal,76.6300048828125,80.05000305175781,97.27000427246094,0.001451378809869376,0.0,1,1
72,73,PRO,P,other,0,0,normal,74.19000244140625,81.57000732421875,94.70000457763672,0.0,0.0,0,1
73,74,THR,T,other,0,0,normal,74.4800033569336,85.34000396728516,94.45999908447266,0.0,0.0,0,1
74,75,LEU,L,other,0,0,normal,71.90000915527344,87.08000183105469,96.69000244140624,0.0,0.0,0,1
75,76,GLN,Q,other,0,0,normal,68.74000549316406,88.62000274658203,95.2100067138672,0.0,0.0,0,1
76,77,ASP,D,other,0,0,normal,68.16000366210938,92.34000396728516,95.58999633789062,0.0,0.0,0,1
77,78,SER,S,other,0,0,normal,65.01000213623047,94.09000396728516,96.75,0.0,0.0,0,1
78,79,GLY,G,other,0,0,normal,66.30000305175781,97.06000518798828,99.05999755859376,0.0,0.0,0,1
79,80,ILE,I,other,0,0,normal,64.38999938964844,100.3000030517578,100.02000427246094,0.0,0.0,0,1
80,81,LYS,K,other,0,0,normal,65.61000061035156,103.74000549316406,101.19000244140624,0.0,0.0,0,1
81,82,TRP,W,other,0,0,normal,64.29000091552734,106.79000854492188,103.19000244140624,0.001451378809869376,0.0,1,1
82,83,SER,S,other,0,0,normal,64.18000030517578,108.8800048828125,99.97000885009766,0.0,0.0,0,1
83,84,GLU,E,other,0,0,normal,62.06000518798828,106.24000549316406,98.1100082397461,0.0,0.0,0,1
84,85,ARG,R,other,0,0,normal,59.410003662109375,106.43000793457033,100.87001037597656,0.001451378809869376,0.0,1,1
85,86,ASP,D,other,0,0,normal,56.69000244140625,109.08000946044922,100.73001098632812,0.001451378809869376,0.0,1,1
86,87,THR,T,other,0,0,normal,56.32000350952149,111.74000549316406,103.45000457763672,0.002902757619738752,2.7424308907415534e-05,2,1
87,88,LYS,K,other,0,0,normal,53.51000213623047,109.85000610351562,105.5500030517578,0.002902757619738752,1.2305779637942865e-05,2,1
88,89,GLY,G,other,0,0,normal,55.54000473022461,106.67000579833984,104.9800033569336,0.005805515239477504,0.0016502133347395672,4,1
89,90,LYS,K,other,0,0,normal,58.55000305175781,108.29000854492188,106.72000885009766,0.0043541364296081275,0.000988708412705652,3,1
90,91,ILE,I,other,0,0,normal,56.560001373291016,109.08000946044922,109.85000610351562,0.0043541364296081275,0.0009880374488593783,3,1
91,92,LEU,L,other,0,0,normal,54.9900016784668,105.67000579833984,109.79000091552734,0.0043541364296081275,0.002680112747136501,3,1
92,93,CYS,C,other,0,0,normal,58.37000274658203,103.9600067138672,109.51000213623048,0.002902757619738752,0.0021007992982717562,2,1
93,94,PHE,F,other,0,0,normal,59.75000381469727,106.04000091552734,112.3800048828125,0.005805515239477504,0.002265727452733256,4,1
94,95,PHE,F,other,0,0,normal,56.77000045776367,104.84000396728516,114.56000518798828,0.0043541364296081275,0.0036670377903480194,3,1
95,96,GLN,Q,other,0,0,normal,57.17000579833984,101.15000915527344,113.35000610351562,0.0043541364296081275,0.004256316188125386,3,1
96,97,GLY,G,other,0,0,normal,60.79000473022461,101.11000061035156,114.49000549316406,0.005805515239477504,0.0025135223514674942,4,1
97,98,ILE,I,other,0,0,normal,60.52000427246094,103.36000061035156,117.6100082397461,0.002902757619738752,0.004578903036221958,2,1
98,99,GLY,G,other,0,0,normal,57.24000549316406,101.6999969482422,118.6100082397461,0.005805515239477504,0.007087984067417385,4,1
99,100,ARG,R,other,0,0,normal,59.05000305175781,98.30001068115234,118.08000183105467,0.002902757619738752,0.0018988386179112737,2,1
100,101,LEU,L,other,0,0,normal,61.97000503540039,99.7100067138672,120.27000427246094,0.0043541364296081275,0.011189849216733043,3,1
101,102,ILE,I,other,0,0,normal,59.80000305175781,101.15000915527344,123.02001190185548,0.002902757619738752,0.0025665592694289877,2,1
102,103,LEU,L,other,0,0,normal,57.75,97.91000366210938,123.35000610351562,0.0043541364296081275,0.002973098020933287,3,1
103,104,LEU,L,other,0,0,normal,60.90999984741211,95.56000518798828,123.35000610351562,0.0043541364296081275,0.012471484411378077,3,1
104,105,LEU,L,other,0,0,normal,62.400001525878906,97.16999816894533,126.45000457763672,0.0043541364296081275,0.004345284891516925,3,1
105,106,GLY,G,other,0,0,normal,58.83000183105469,96.54000091552734,127.93000030517578,0.005805515239477504,0.003509502744810657,4,1
106,107,PHE,F,other,0,0,normal,58.61000061035156,92.90000915527344,127.08000183105467,0.005805515239477504,0.020694984064250806,4,1
107,108,LEU,L,other,0,0,normal,62.220001220703125,92.5,128.27000427246094,0.0043541364296081275,0.00648091710845046,3,1
108,109,TYR,Y,other,0,0,normal,61.12000274658203,94.01000213623048,131.61000061035156,0.005805515239477504,0.0035201500827107247,4,1
109,110,PHE,F,other,0,0,normal,58.0,91.64000701904295,132.12001037597656,0.002902757619738752,0.019347225398816663,2,1
110,111,PHE,F,other,0,0,normal,60.380001068115234,88.77000427246094,130.99000549316406,0.005805515239477504,0.017369913992184842,4,1
111,112,VAL,V,other,0,0,normal,62.87000274658203,89.57000732421875,133.9199981689453,0.0043541364296081275,0.0024451356157089614,3,1
112,113,CYS,C,other,0,0,normal,59.69000244140625,90.02000427246094,136.12001037597656,0.005805515239477504,0.02468459933332291,4,1
113,114,SER,S,other,0,0,normal,58.6300048828125,86.43000793457031,135.47000122070312,0.00725689404934688,0.029410931392652197,5,1
114,115,LEU,L,other,0,0,normal,61.850006103515625,85.1300048828125,137.0900115966797,0.005805515239477504,0.002234122842375523,4,1
115,116,ASP,D,other,0,0,normal,61.1400032043457,86.7300033569336,140.47000122070312,0.0043541364296081275,0.03944055460971386,3,1
116,117,ILE,I,other,0,0,normal,57.53000259399414,85.19000244140625,140.40000915527344,0.0043541364296081275,0.000826037584855524,3,1
117,118,LEU,L,other,0,0,normal,58.8800048828125,81.83999633789062,139.08999633789062,0.0043541364296081275,0.0012742181909196056,3,1
118,119,SER,S,other,0,0,normal,61.3900032043457,81.31000518798828,141.9600067138672,0.0043541364296081275,0.04531438742117947,3,1
119,120,SER,S,other,0,0,normal,58.94000244140625,82.96000671386719,144.61000061035156,0.0043541364296081275,0.0010926868513711457,3,1
120,121,ALA,A,other,0,0,normal,56.43000030517578,80.26000213623047,143.37001037597656,0.00725689404934688,0.004139474257132236,5,1
121,122,PHE,F,other,0,0,normal,59.040000915527344,77.46000671386719,143.97000122070312,0.0043541364296081275,0.006345589846699218,3,1
122,123,GLN,Q,other,0,0,normal,59.62000274658203,78.67000579833984,147.6300048828125,0.005805515239477504,0.005762520315878988,4,1
123,124,LEU,L,other,0,0,normal,55.8800048828125,78.0,148.37001037597656,0.005805515239477504,0.0020881689043017997,4,1
124,125,VAL,V,other,0,0,normal,55.77000045776367,74.70000457763672,146.4600067138672,0.0043541364296081275,0.0025467884650387145,3,1
125,126,GLY,G,other,0,0,normal,58.92000198364258,73.38999938964844,148.25,0.002902757619738752,2.0040841124649814e-05,2,1
126,127,GLY,G,other,0,0,normal,58.55000305175781,71.60000610351562,151.63999938964844,0.001451378809869376,0.0,1,1
127,128,LYS,K,other,0,0,normal,59.42000579833984,73.57000732421875,154.9300079345703,0.001451378809869376,0.0,1,1
128,129,MET,M,other,0,0,normal,60.92000579833984,70.58000183105469,156.70001220703125,0.001451378809869376,0.0,1,1
129,130,ALA,A,other,0,0,normal,62.83000564575195,69.61000061035156,153.5900115966797,0.001451378809869376,0.0,1,1
130,131,GLY,G,other,0,0,normal,65.91000366210938,71.99000549316406,154.0500030517578,0.001451378809869376,0.0,1,1
131,132,GLN,Q,other,0,0,normal,68.45000457763672,69.22000122070312,154.36001586914062,0.0,0.0,0,1
132,133,PHE,F,other,0,0,normal,66.76000213623047,66.90000915527344,151.8000030517578,0.002902757619738752,4.219124447294697e-06,2,1
133,134,PHE,F,other,0,0,normal,67.04000854492188,69.69000244140625,149.260009765625,0.001451378809869376,0.0,1,1
134,135,SER,S,other,0,0,normal,70.72000122070312,70.36000061035156,150.010009765625,0.0,0.0,0,1
135,136,ASN,N,other,0,0,normal,71.16000366210938,66.69000244140625,149.04000854492188,0.001451378809869376,0.0,1,1
136,137,SER,S,other,0,0,normal,71.1500015258789,65.60000610351562,145.33999633789062,0.001451378809869376,0.0,1,1
137,138,SER,S,other,0,0,normal,68.8800048828125,62.52000427246094,145.8000030517578,0.0,0.0,0,1
138,139,ILE,I,other,0,0,normal,67.86000061035156,61.20000457763672,142.16000366210938,0.0,0.0,0,1
139,140,MET,M,other,0,0,normal,70.02999877929688,63.8800048828125,140.54000854492188,0.0,0.0,0,1
140,141,SER,S,other,0,0,normal,72.99000549316406,62.05000305175781,141.86001586914062,0.001451378809869376,0.0,1,1
141,142,ASN,N,other,0,0,normal,73.24000549316406,60.2300033569336,138.48001098632812,0.0,0.0,0,1
142,143,PRO,P,other,0,0,normal,74.82000732421875,62.80000305175781,135.94000244140625,0.001451378809869376,0.0,1,1
143,144,LEU,L,other,0,0,normal,73.74000549316406,60.76000213623047,132.91000366210938,0.002902757619738752,7.38346778276572e-06,2,1
144,145,LEU,L,other,0,0,normal,70.02999877929688,61.00000381469727,134.19000244140625,0.002902757619738752,2.1095622236473487e-06,2,1
145,146,GLY,G,other,0,0,normal,70.67000579833984,64.67000579833984,134.8000030517578,0.008708272859216255,0.0025689545572169536,6,1
146,147,LEU,L,other,0,0,normal,71.81999969482422,65.06000518798828,131.17001342773438,0.008708272859216255,0.0007132429878151772,6,1
147,148,VAL,V,other,0,0,normal,68.7300033569336,63.29000473022461,129.95001220703125,0.005805515239477504,0.003136215839155689,4,1
148,149,ILE,I,other,0,0,normal,66.16999816894531,65.1300048828125,132.16000366210938,0.002902757619738752,0.0017881352595042696,2,1
149,150,GLY,G,other,0,0,normal,67.86000061035156,68.52999877929688,130.8800048828125,0.008708272859216255,0.00021812873392513583,6,1
150,151,VAL,V,other,0,0,normal,67.29000091552734,67.3800048828125,127.18000793457033,0.005805515239477504,0.017060029702636138,4,1
151,152,LEU,L,other,0,0,normal,63.69000244140625,66.5300064086914,127.86000061035156,0.0043541364296081275,0.005039533196071138,3,1
152,153,VAL,V,other,0,0,normal,63.24000549316406,69.66000366210938,129.91000366210938,0.002902757619738752,0.00042092798235843795,2,1
153,154,THR,T,other,0,0,normal,64.6300048828125,71.71000671386719,126.8800048828125,0.00725689404934688,0.027453702141064736,5,1
154,155,VAL,V,other,0,0,normal,62.37000274658203,69.83000183105469,124.34001159667967,0.002902757619738752,0.0011729165963479259,2,1
155,156,LEU,L,other,0,0,normal,59.29000473022461,70.88999938964844,126.4600067138672,0.002902757619738752,0.001434221037117051,2,1
156,157,VAL,V,other,0,0,normal,60.01000213623047,74.68000793457031,126.57000732421876,0.001451378809869376,0.0,1,1
157,158,GLN,Q,other,0,0,normal,61.80000305175781,74.79000854492188,123.12000274658205,0.001451378809869376,0.0,1,1
158,159,SER,S,other,0,0,normal,64.6300048828125,77.16000366210938,124.08000946044922,0.001451378809869376,0.0,1,1
159,160,SER,S,other,0,0,normal,68.06999969482422,77.24000549316406,125.77000427246094,0.002902757619738752,0.003388167887400024,2,1
160,161,SER,S,other,0,0,normal,67.4800033569336,80.4000015258789,127.760009765625,0.005805515239477504,0.06989762930575859,4,1
161,162,THR,T,other,0,0,normal,63.910003662109375,79.31000518798828,128.91000366210938,0.001451378809869376,0.0,1,1
162,163,SER,S,other,0,0,normal,65.44999694824219,75.80000305175781,129.90000915527344,0.00725689404934688,0.04702504723588783,5,1
163,164,THR,T,other,0,0,normal,68.31000518798828,77.41000366210938,131.9199981689453,0.0043541364296081275,0.031203028814310085,3,1
164,165,SER,S,other,0,0,normal,65.97000122070312,80.02999877929688,133.4600067138672,0.005805515239477504,0.0037578221836668453,4,1
165,166,ILE,I,other,0,0,normal,64.05999755859375,77.10000610351562,135.1400146484375,0.0043541364296081275,0.03420620471064403,3,1
166,167,VAL,V,other,0,0,normal,67.43000793457031,75.56000518798828,136.17001342773438,0.005805515239477504,0.020162772137603594,4,1
167,168,VAL,V,other,0,0,normal,68.80000305175781,78.75000762939453,137.75,0.0043541364296081275,0.0012928154678922483,3,1
168,169,SER,S,other,0,0,normal,65.30000305175781,79.45000457763672,139.55999755859375,0.00725689404934688,0.048729929212536154,5,1
169,170,MET,M,other,0,0,normal,65.4000015258789,76.0,141.07000732421875,0.005805515239477504,0.007657891796431957,4,1
170,171,VAL,V,other,0,0,normal,68.93000030517578,77.06000518798828,142.54000854492188,0.005805515239477504,0.00209837119391748,4,1
171,172,SER,S,other,0,0,normal,67.69000244140625,80.56999969482422,143.87001037597656,0.0043541364296081275,0.001664505172074286,3,1
172,173,SER,S,other,0,0,normal,64.56999969482422,79.00000762939453,145.57000732421875,0.002902757619738752,0.006036487320963525,2,1
173,174,SER,S,other,0,0,normal,67.09000396728516,76.35000610351562,147.05999755859375,0.002902757619738752,1.2657373341884091e-05,2,1
174,175,LEU,L,other,0,0,normal,65.36000061035156,73.11000061035156,145.70001220703125,0.001451378809869376,0.0,1,1
175,176,LEU,L,other,0,0,normal,68.42000579833984,72.0,143.77000427246094,0.001451378809869376,0.0,1,1
176,177,THR,T,other,0,0,normal,72.20999908447266,72.13999938964844,144.3900146484375,0.001451378809869376,0.0,1,1
177,178,VAL,V,other,0,0,normal,74.77000427246094,74.05999755859375,142.2100067138672,0.001451378809869376,0.0,1,1
178,179,ARG,R,other,0,0,normal,76.52000427246094,70.56999969482422,141.77999877929688,0.001451378809869376,0.0,1,1
179,180,ALA,A,other,0,0,normal,73.24000549316406,68.62000274658203,140.82000732421875,0.001451378809869376,0.0,1,1
180,181,ALA,A,other,0,0,normal,72.33000183105469,71.49000549316406,138.510009765625,0.0043541364296081275,0.002341614068248557,3,1
181,182,ILE,I,other,0,0,normal,75.5,71.16000366210938,136.41000366210938,0.002902757619738752,8.438248894589395e-06,2,1
182,183,PRO,P,other,0,0,normal,74.4800033569336,67.75,134.67001342773438,0.005805515239477504,7.144384064085688e-05,4,1
183,184,ILE,I,other,0,0,normal,71.18000793457031,69.45000457763672,133.67001342773438,0.010159651669085631,0.004203724643062072,7,1
184,185,ILE,I,other,0,0,normal,73.20000457763672,72.43000793457031,132.29000854492188,0.005805515239477504,0.0007794129228969026,4,1
185,186,MET,M,other,0,0,normal,75.00000762939453,69.93000793457031,129.94000244140625,0.005805515239477504,0.00031875485199311205,4,1
186,187,GLY,G,other,0,0,normal,71.58000183105469,68.62000274658203,129.08999633789062,0.010159651669085631,0.009941382297678898,7,1
187,188,ALA,A,other,0,0,normal,70.24000549316406,72.01000213623047,128.3400115966797,0.00725689404934688,8.578886376165884e-05,5,1
188,189,ASN,N,other,0,0,normal,73.05000305175781,72.6500015258789,125.69000244140624,0.0043541364296081275,0.001425009282073796,3,1
189,190,ILE,I,other,0,0,normal,72.43000793457031,69.16000366210938,124.15000915527344,0.002902757619738752,1.4063748157648991e-06,2,1
190,191,GLY,G,other,0,0,normal,68.74000549316406,70.21000671386719,123.8600082397461,0.002902757619738752,0.0010800958585074425,2,1
191,192,THR,T,other,0,0,normal,69.63999938964844,73.74000549316406,122.4600067138672,0.002902757619738752,0.0023816957504978744,2,1
192,193,SER,S,other,0,0,normal,69.38999938964844,72.97000122070312,118.65000915527344,0.0,0.0,0,1
193,194,ILE,I,other,0,0,normal,65.80000305175781,71.51000213623047,119.14000701904295,0.0,0.0,0,1
194,195,THR,T,other,0,0,normal,64.05000305175781,74.07000732421875,116.8600082397461,0.001451378809869376,0.0,1,1
195,196,ASN,N,other,0,0,normal,66.92000579833984,74.0300064086914,114.2800064086914,0.0043541364296081275,0.014715819261836151,3,1
196,197,THR,T,other,0,0,normal,66.22000122070312,71.1500015258789,112.04000854492188,0.001451378809869376,0.0,1,1
197,198,ILE,I,other,0,0,normal,62.470001220703125,71.45000457763672,112.3100128173828,0.0043541364296081275,0.004653694265366051,3,1
198,199,VAL,V,other,0,0,normal,62.53000259399414,75.21000671386719,111.08000946044922,0.0043541364296081275,0.009176595672865967,3,1
199,200,ALA,A,other,0,0,normal,64.77999877929688,74.22000122070312,108.23001098632812,0.0043541364296081275,0.002341614068248557,3,1
200,201,LEU,L,other,0,0,normal,62.37000274658203,71.44000244140625,107.1500015258789,0.0043541364296081275,0.006932021466905188,3,1
201,202,MET,M,other,0,0,normal,59.25,73.76000213623047,107.760009765625,0.001451378809869376,0.0,1,1
202,203,GLN,Q,other,0,0,normal,60.560001373291016,76.39000701904297,105.33000946044922,0.001451378809869376,0.0,1,1
203,204,VAL,V,other,0,0,normal,61.12000274658203,73.89000701904297,102.56000518798828,0.001451378809869376,0.0,1,1
204,205,GLY,G,other,0,0,normal,63.34000015258789,76.09000396728516,99.9800033569336,0.0,0.0,0,1
205,206,ASP,D,other,0,0,normal,64.8600082397461,74.55000305175781,96.87000274658205,0.001451378809869376,0.0,1,1
206,207,ARG,R,other,0,0,normal,66.51000213623047,71.21000671386719,97.66000366210938,0.001451378809869376,0.0,1,1
207,208,SER,S,other,0,0,normal,70.1500015258789,72.58000183105469,97.69000244140624,0.0043541364296081275,0.0012277652141627574,3,1
208,209,GLU,E,other,0,0,normal,69.18000030517578,75.35000610351562,100.1100082397461,0.002902757619738752,0.0011729165963479259,2,1
209,210,PHE,F,other,0,0,normal,67.60000610351562,72.77000427246094,102.2800064086914,0.005805515239477504,0.0034116146510031423,4,1
210,211,ARG,R,other,0,0,normal,70.95000457763672,70.74000549316406,102.52999877929688,0.002902757619738752,0.00028295931351884034,2,1
211,212,ARG,R,other,0,0,normal,72.83000183105469,74.04000091552734,103.52000427246094,0.0043541364296081275,0.0005963130975119959,3,1
212,213,ALA,A,other,0,0,normal,70.22000122070312,75.04000091552734,106.13999938964844,0.00725689404934688,0.02175503438147659,5,1
213,214,PHE,F,other,0,0,normal,70.32000732421875,71.5300064086914,107.49000549316406,0.0043541364296081275,0.0024979996483485557,3,1
214,215,ALA,A,other,0,0,normal,74.18000030517578,71.88999938964844,107.58000183105467,0.005805515239477504,0.005823235140835651,4,1
215,216,GLY,G,other,0,0,normal,73.4800033569336,75.07000732421875,109.44000244140624,0.0043541364296081275,0.015353176878147525,3,1
216,217,ALA,A,other,0,0,normal,71.33000183105469,73.11000061035156,112.01000213623048,0.0043541364296081275,0.005958016058141073,3,1
217,218,THR,T,other,0,0,normal,73.91999816894531,70.36000061035156,112.16000366210938,0.0043541364296081275,0.005008261569016115,3,1
218,219,VAL,V,other,0,0,normal,77.26000213623047,72.45000457763672,112.74000549316406,0.00725689404934688,0.016826633515030703,5,1
219,220,HSD,H,other,0,0,normal,75.5,73.94000244140625,115.86000061035156,0.002902757619738752,0.002094895825701108,2,1
220,221,ASP,D,other,0,0,normal,74.41000366210938,70.46000671386719,117.1300048828125,0.0043541364296081275,0.0032701437620535835,3,1
221,222,PHE,F,other,0,0,normal,77.89000701904297,68.91000366210938,116.87000274658205,0.0043541364296081275,0.004256098811482145,3,1
222,223,PHE,F,other,0,0,normal,79.41000366210938,71.88999938964844,118.5,0.002902757619738752,0.001260560617737116,2,1
223,224,ASN,N,other,0,0,normal,77.12000274658203,71.41000366210938,121.57000732421876,0.002902757619738752,0.0030661522326642953,2,1
224,225,TRP,W,other,0,0,normal,77.79000091552734,67.62000274658203,121.34001159667967,0.0043541364296081275,0.013570716385452009,3,1
225,226,LEU,L,other,0,0,normal,81.66000366210938,67.83000183105469,121.39000701904295,0.0043541364296081275,0.0018173845071607258,3,1
226,227,SER,S,other,0,0,normal,81.7300033569336,70.5300064086914,124.10000610351562,0.0043541364296081275,0.015834180192018474,3,1
227,228,VAL,V,other,0,0,normal,79.84000396728516,67.97000122070312,126.30001068115234,0.0043541364296081275,0.010758666802982179,3,1
228,229,LEU,L,other,0,0,normal,81.74000549316406,64.8600082397461,124.94000244140624,0.001451378809869376,0.0,1,1
229,230,VAL,V,other,0,0,normal,85.16000366210938,66.16000366210938,126.2100067138672,0.0,0.0,0,1
230,231,LEU,L,other,0,0,normal,84.07000732421875,67.96000671386719,129.4300079345703,0.002902757619738752,0.008033212947649105,2,1
231,232,LEU,L,other,0,0,normal,81.51000213623047,65.49000549316406,130.72000122070312,0.002902757619738752,0.0046410368920241675,2,1
232,233,PRO,P,other,0,0,normal,84.1500015258789,62.720001220703125,131.37001037597656,0.002902757619738752,0.0011729165963479259,2,1
233,234,VAL,V,ECD,0,0,normal,86.21000671386719,65.4000015258789,133.3300018310547,0.0043541364296081275,0.006932021466905188,3,1
234,235,GLU,E,ECD,0,0,normal,83.1300048828125,66.35000610351562,135.48001098632812,0.0043541364296081275,0.003501873291254599,3,1
235,236,VAL,V,ECD,0,0,normal,82.47000885009766,62.6300048828125,136.12001037597656,0.001451378809869376,0.0,1,1
236,237,ALA,A,ECD,0,0,normal,86.20001220703125,61.75,136.82000732421875,0.001451378809869376,0.0,1,1
237,238,THR,T,ECD,0,0,normal,87.76000213623047,64.74000549316406,138.58999633789062,0.0,0.0,0,1
238,239,HSD,H,ECD,0,0,normal,85.37001037597656,67.80000305175781,138.29000854492188,0.001451378809869376,0.0,1,1
239,240,TYR,Y,ECD,0,0,normal,85.96000671386719,71.16000366210938,136.6800079345703,0.001451378809869376,0.0,1,1
240,241,LEU,L,ECD,0,0,normal,83.4000015258789,74.0300064086914,136.62001037597656,0.0,0.0,0,1
241,242,GLU,E,ECD,0,0,normal,82.92000579833984,74.56000518798828,140.40000915527344,0.001451378809869376,0.0,1,1
242,243,ILE,I,ECD,0,0,normal,86.75,75.16000366210938,141.0800018310547,0.001451378809869376,0.0,1,1
243,244,ILE,I,ECD,0,0,normal,87.4800033569336,78.18000030517578,138.760009765625,0.0,0.0,0,1
244,245,THR,T,ECD,0,0,normal,84.01000213623047,79.80000305175781,139.35000610351562,0.002902757619738752,2.1095622236473488e-05,2,1
245,246,GLN,Q,ECD,0,0,normal,84.38999938964844,79.72000885009766,143.27000427246094,0.002902757619738752,2.1095622236473488e-05,2,1
246,247,LEU,L,ECD,0,0,normal,87.20000457763672,82.260009765625,143.1300048828125,0.001451378809869376,0.0,1,1
247,248,ILE,I,ECD,0,0,normal,85.09001159667969,84.30000305175781,140.69000244140625,0.0043541364296081275,5.0629493367536366e-05,3,1
248,249,VAL,V,ECD,0,0,normal,82.07000732421875,84.6300048828125,143.0900115966797,0.001451378809869376,0.0,1,1
249,250,GLU,E,ECD,0,0,normal,84.21000671386719,84.96000671386719,146.260009765625,0.001451378809869376,0.0,1,1
250,251,SER,S,ECD,0,0,normal,86.18000030517578,87.94999694824219,144.6800079345703,0.002902757619738752,2.1095622236473488e-05,2,1
251,252,PHE,F,ECD,0,0,normal,82.9800033569336,90.0,143.8800048828125,0.0,0.0,0,1
252,253,HSD,H,ECD,0,0,normal,82.54000854492188,90.4000015258789,147.83001708984375,0.001451378809869376,0.0,1,1
253,254,PHE,F,ECD,0,0,normal,78.6300048828125,90.35000610351562,148.10000610351562,0.0,0.0,0,1
254,255,LYS,K,ECD,0,0,normal,77.29000854492188,91.4000015258789,151.510009765625,0.001451378809869376,0.0,1,1
255,256,ASN,N,ECD,0,0,normal,75.81000518798828,88.74000549316406,153.80001831054688,0.0,0.0,0,1
256,257,GLY,G,ECD,0,0,normal,72.02000427246094,87.7800064086914,153.35000610351562,0.0,0.0,0,1
257,258,GLU,E,ECD,0,0,normal,69.56999969482422,90.54000854492188,152.83999633789062,0.0,0.0,0,1
258,259,ASP,D,ECD,0,0,normal,72.2300033569336,93.20999908447266,153.02999877929688,0.0,0.0,0,1
259,260,ALA,A,ECD,0,0,normal,73.4000015258789,92.02999877929688,149.510009765625,0.002902757619738752,0.0011729165963479259,2,1
260,261,PRO,P,ECD,0,0,normal,73.55000305175781,94.57000732421876,146.5600128173828,0.0,0.0,0,1
261,262,ASP,D,ECD,0,0,normal,70.07000732421875,95.33000183105467,145.16000366210938,0.0,0.0,0,1
262,263,LEU,L,ECD,0,0,normal,71.06000518798828,94.760009765625,141.4199981689453,0.0,0.0,0,1
263,264,LEU,L,ECD,0,0,normal,68.19000244140625,92.84000396728516,139.7200164794922,0.002902757619738752,0.014231561919869795,2,1
264,265,LYS,K,ECD,0,0,normal,65.77000427246094,92.29000091552734,142.54000854492188,0.002902757619738752,0.013600582761636447,2,1
265,266,VAL,V,ECD,0,0,normal,64.81000518798828,96.10000610351562,142.85000610351562,0.001451378809869376,0.0,1,1
266,267,ILE,I,ECD,0,0,normal,63.92000198364258,96.18000030517578,139.13999938964844,0.002902757619738752,0.013820069785245042,2,1
267,268,THR,T,ECD,0,0,normal,61.07000350952149,93.5600128173828,139.6400146484375,0.002902757619738752,0.013714800312163457,2,1
268,269,LYS,K,ECD,0,0,normal,59.76000213623047,95.30999755859376,142.760009765625,0.002902757619738752,8.438248894589395e-06,2,1
269,270,PRO,P,ECD,0,0,normal,56.7300033569336,97.41000366210938,141.7100067138672,0.0,0.0,0,1
270,271,PHE,F,ECD,0,0,normal,55.08000183105469,94.62001037597656,139.7200164794922,0.0,0.0,0,1
271,272,THR,T,ECD,0,0,normal,55.8800048828125,91.67000579833984,142.0,0.002902757619738752,8.438248894589395e-06,2,1
272,273,LYS,K,ECD,0,0,normal,54.52999877929688,93.3800048828125,145.1400146484375,0.001451378809869376,0.0,1,1
273,274,LEU,L,ECD,0,0,normal,51.02000427246094,93.1300048828125,143.80999755859375,0.001451378809869376,0.0,1,1
274,275,ILE,I,ECD,0,0,normal,51.400001525878906,89.35000610351562,143.30999755859375,0.001451378809869376,0.0,1,1
275,276,VAL,V,ECD,0,0,normal,52.880001068115234,87.7800064086914,146.40000915527344,0.001451378809869376,0.0,1,1
276,277,GLN,Q,ECD,0,0,normal,55.12000274658203,88.46000671386719,149.44000244140625,0.0,0.0,0,1
277,278,LEU,L,ECD,0,0,normal,56.900001525878906,85.70000457763672,151.40000915527344,0.002902757619738752,4.219124447294697e-06,2,1
278,279,ASP,D,ECD,0,0,normal,57.50000381469727,85.69000244140625,155.23001098632812,0.001451378809869376,0.0,1,1
279,280,LYS,K,ECD,0,0,normal,61.25000381469727,85.47000122070312,156.010009765625,0.001451378809869376,0.0,1,1
280,281,LYS,K,ECD,0,0,normal,60.54000473022461,84.49000549316406,159.5900115966797,0.001451378809869376,0.0,1,1
281,282,VAL,V,ECD,0,0,normal,59.31999969482422,81.08000946044922,158.23001098632812,0.002902757619738752,5.484861781483107e-05,2,1
282,283,ILE,I,ECD,0,0,normal,62.4900016784668,80.83000183105469,155.90000915527344,0.0043541364296081275,6.750599115671516e-05,3,1
283,284,SER,S,ECD,0,0,normal,64.59000396728516,80.98999786376953,159.19000244140625,0.0043541364296081275,5.906774226212576e-05,3,1
284,285,GLN,Q,ECD,0,0,normal,62.6300048828125,77.97000122070312,160.58999633789062,0.005805515239477504,0.00010125898673507273,4,1
285,286,ILE,I,ECD,0,0,normal,63.17000579833984,75.88999938964844,157.3000030517578,0.002902757619738752,2.953387113106288e-05,2,1
286,287,ALA,A,ECD,0,0,normal,67.01000213623047,76.60000610351562,157.36001586914062,0.002902757619738752,2.1095622236473488e-05,2,1
287,288,MET,M,ECD,0,0,normal,67.87000274658203,75.39000701904297,160.89999389648438,0.001451378809869376,0.0,1,1
288,289,ASN,N,ECD,0,0,normal,65.41000366210938,72.58000183105469,160.48001098632812,0.002902757619738752,2.1095622236473488e-05,2,1
289,290,ASP,D,ECD,0,0,normal,62.75,73.62000274658203,163.07000732421875,0.001451378809869376,0.0,1,1
290,291,GLU,E,ECD,0,0,normal,59.600006103515625,71.44000244140625,163.25,0.001451378809869376,0.0,1,1
291,292,LYS,K,ECD,0,0,normal,57.28000259399414,74.25,164.1400146484375,0.001451378809869376,0.0,1,1
292,293,ALA,A,ECD,0,0,normal,56.910003662109375,76.12000274658203,160.8800048828125,0.002902757619738752,4.219124447294697e-06,2,1
293,294,LYS,K,ECD,0,0,normal,54.280006408691406,73.35000610351562,160.10000610351562,0.002902757619738752,4.219124447294697e-06,2,1
294,295,ASN,N,ECD,1,0,normal,51.21000289916992,75.55000305175781,160.8300018310547,0.0,0.0,0,1
295,296,LYS,K,ECD,0,0,normal,52.87000274658203,78.91000366210938,159.45001220703125,0.001451378809869376,0.0,1,1
296,297,SER,S,ECD,0,0,normal,51.62000274658203,80.1100082397461,156.0500030517578,0.0,0.0,0,1
297,298,LEU,L,ECD,0,0,normal,54.59000015258789,81.37000274658203,154.02000427246094,0.001451378809869376,0.0,1,1
298,299,VAL,V,ECD,0,0,normal,52.55000305175781,84.10000610351562,152.29000854492188,0.001451378809869376,0.0,1,1
299,300,LYS,K,ECD,0,0,normal,52.7400016784668,87.21000671386719,154.3900146484375,0.001451378809869376,0.0,1,1
300,301,ILE,I,ECD,0,0,normal,49.280006408691406,88.8600082397461,154.6999969482422,0.001451378809869376,0.0,1,1
301,302,TRP,W,ECD,0,0,normal,50.51000213623047,92.00000762939452,156.6300048828125,0.001451378809869376,0.0,1,1
302,303,CYS,C,ECD,0,0,normal,52.83000564575195,94.82000732421876,155.3100128173828,0.001451378809869376,0.0,1,1
303,304,LYS,K,ECD,0,0,normal,54.060001373291016,95.58999633789062,158.73001098632812,0.0,0.0,0,1
304,305,THR,T,ECD,0,0,normal,52.97000503540039,94.44000244140624,162.22000122070312,0.001451378809869376,0.0,1,1
305,306,PHE,F,ECD,0,0,normal,53.85000228881836,96.29000854492188,165.510009765625,0.001451378809869376,0.0,1,1
306,307,THR,T,ECD,0,0,normal,54.2300033569336,95.0500030517578,169.21002197265625,0.001451378809869376,0.0,1,1
307,308,ASN,N,ECD,1,0,normal,52.37000274658203,96.75,172.1400146484375,0.0,0.0,0,1
308,309,LYS,K,ECD,0,0,normal,53.20000076293945,96.15000915527344,175.8000030517578,0.001451378809869376,0.0,1,1
309,310,THR,T,ECD,0,0,normal,51.61000061035156,96.760009765625,179.260009765625,0.001451378809869376,0.0,1,1
310,311,GLN,Q,epitope,0,0,normal,51.660003662109375,95.6300048828125,182.83001708984372,0.001451378809869376,0.0,1,1
311,312,ILE,I,epitope,0,0,normal,48.62000274658203,94.260009765625,184.5600128173828,0.001451378809869376,0.0,1,1
312,313,ASN,N,epitope,0,0,normal,47.75,93.04000854492188,188.0600128173828,0.001451378809869376,0.0,1,1
313,314,VAL,V,epitope,0,0,normal,46.79000473022461,89.260009765625,188.62001037597656,0.0,0.0,0,1
314,315,THR,T,epitope,0,0,normal,45.59000015258789,87.6300048828125,191.8800201416016,0.001451378809869376,0.0,1,1
315,316,VAL,V,epitope,0,0,normal,47.86000061035156,84.82000732421875,193.3700256347656,0.0,0.0,0,1
316,317,PRO,P,epitope,0,0,normal,46.46000289916992,81.3800048828125,194.72000122070312,0.0,0.0,0,1
317,318,SER,S,epitope,0,0,normal,49.19000244140625,80.36000061035156,197.2400054931641,0.001451378809869376,0.0,1,1
318,319,THR,T,epitope,0,0,normal,52.12000274658203,82.7800064086914,198.0600128173828,0.001451378809869376,0.0,1,1
319,320,ALA,A,epitope,0,0,normal,54.44000244140625,79.66000366210938,198.45001220703125,0.001451378809869376,0.0,1,1
320,321,ASN,N,epitope,0,0,normal,53.87000274658203,78.60000610351562,194.79000854492188,0.001451378809869376,0.0,1,1
321,322,CYS,C,epitope,0,0,normal,54.380001068115234,82.14000701904297,193.48001098632807,0.0,0.0,0,1
322,323,THR,T,epitope,0,0,normal,57.70000457763672,82.58000183105469,191.510009765625,0.0,0.0,0,1
323,324,SER,S,epitope,0,0,normal,58.68000411987305,85.69000244140625,193.3700256347656,0.001451378809869376,0.0,1,1
324,325,PRO,P,epitope,0,0,normal,56.93000411987305,86.11000061035156,196.8500061035156,0.001451378809869376,0.0,1,1
325,326,SER,S,epitope,0,0,normal,58.6300048828125,89.52999877929688,197.20001220703125,0.001451378809869376,0.0,1,1
326,327,LEU,L,epitope,0,0,normal,56.62000274658203,90.77999877929688,194.1700134277344,0.0,0.0,0,1
327,328,CYS,C,epitope,0,0,normal,53.51000213623047,89.14000701904297,195.9200134277344,0.002902757619738752,4.219124447294697e-06,2,1
328,329,TRP,W,epitope,0,0,normal,51.53000259399414,91.57000732421876,198.0500030517578,0.001451378809869376,0.0,1,1
329,330,THR,T,epitope,0,0,normal,48.209999084472656,91.27999877929688,199.83001708984372,0.001451378809869376,0.0,1,1
330,331,ASP,D,epitope,0,0,normal,45.36000061035156,93.81000518798828,199.6200256347656,0.0,0.0,0,1
331,332,GLY,G,epitope,0,0,normal,41.79000473022461,93.5300064086914,200.8700256347656,0.0,0.0,0,1
332,333,ILE,I,epitope,0,0,normal,41.2400016784668,89.79000091552734,201.29000854492188,0.0,0.0,0,1
333,334,GLN,Q,epitope,0,0,normal,43.130001068115234,88.81999969482422,198.1199951171875,0.0,0.0,0,1
334,335,ASN,N,epitope,0,0,normal,46.95000076293945,88.41999816894531,197.05001831054688,0.001451378809869376,0.0,1,1
335,336,TRP,W,epitope,0,0,normal,48.2300033569336,90.32000732421876,194.07000732421875,0.002902757619738752,4.219124447294697e-06,2,1
336,337,THR,T,epitope,0,0,normal,51.32000350952149,90.35000610351562,191.8699951171875,0.001451378809869376,0.0,1,1
337,338,MET,M,epitope,0,0,normal,52.09999847412109,92.19001007080078,188.77999877929688,0.001451378809869376,0.0,1,1
338,339,LYS,K,epitope,0,0,normal,52.9900016784668,90.65000915527344,185.46002197265625,0.001451378809869376,0.0,1,1
339,340,ASN,N,epitope,0,0,normal,54.59000015258789,91.68000030517578,182.0600128173828,0.001451378809869376,0.0,1,1
340,341,VAL,V,epitope,0,0,normal,52.6300048828125,91.52000427246094,178.77999877929688,0.001451378809869376,0.0,1,1
341,342,THR,T,ECD,0,0,normal,53.51000213623047,92.20000457763672,175.08001708984375,0.001451378809869376,0.0,1,1
342,343,TYR,Y,ECD,0,0,normal,51.2300033569336,91.5500030517578,172.07000732421875,0.0,0.0,0,1
343,344,LYS,K,ECD,0,0,normal,51.32000350952149,92.06000518798828,168.2100067138672,0.001451378809869376,0.0,1,1
344,345,GLU,E,ECD,0,0,normal,49.06999969482422,94.88999938964844,166.92001342773438,0.001451378809869376,0.0,1,1
345,346,ASN,N,ECD,0,0,normal,48.209999084472656,94.7800064086914,163.19000244140625,0.001451378809869376,0.0,1,1
346,347,ILE,I,ECD,0,0,normal,48.68000030517578,97.84000396728516,161.0,0.0,0.0,0,1
347,348,ALA,A,ECD,0,0,normal,48.06999969482422,97.22000122070312,157.32000732421875,0.001451378809869376,0.0,1,1
348,349,LYS,K,ECD,0,0,normal,47.68000030517578,94.3000030517578,154.91000366210938,0.001451378809869376,0.0,1,1
349,350,CYS,C,ECD,0,0,normal,49.650001525878906,93.43000793457033,151.77000427246094,0.0,0.0,0,1
350,351,GLN,Q,ECD,0,0,normal,48.04000473022461,94.93000030517578,148.69000244140625,0.0,0.0,0,1
351,352,HSD,H,ECD,0,0,normal,48.04000473022461,91.8600082397461,146.510009765625,0.001451378809869376,0.0,1,1
352,353,ILE,I,ECD,0,0,normal,45.67000579833984,89.42000579833984,144.77000427246094,0.0,0.0,0,1
353,354,PHE,F,ECD,0,0,normal,45.8800048828125,86.5300064086914,147.27000427246094,0.001451378809869376,0.0,1,1
354,355,VAL,V,ECD,0,0,normal,44.9900016784668,88.59000396728516,150.37001037597656,0.001451378809869376,0.0,1,1
355,356,ASN,N,ECD,0,0,normal,41.290000915527344,88.13999938964844,150.6300048828125,0.0,0.0,0,1
356,357,PHE,F,ECD,0,0,normal,41.2400016784668,84.3800048828125,149.40000915527344,0.001451378809869376,0.0,1,1
357,358,HSD,H,ECD,0,0,normal,41.77999877929688,81.25,151.40000915527344,0.0,0.0,0,1
358,359,LEU,L,ECD,0,0,normal,44.31999969482422,78.77999877929688,149.79000854492188,0.0,0.0,0,1
359,360,PRO,P,ECD,0,0,normal,47.16999816894531,76.39000701904297,150.94000244140625,0.001451378809869376,0.0,1,1
360,361,ASP,D,ECD,0,0,normal,50.81000518798828,77.56000518798828,150.32000732421875,0.001451378809869376,0.0,1,1
361,362,LEU,L,other,0,0,normal,51.470001220703125,75.02000427246094,147.5800018310547,0.002902757619738752,0.0,2,1
362,363,ALA,A,other,0,0,normal,48.33000183105469,76.04000854492188,145.65000915527344,0.0043541364296081275,0.0012590336142332629,3,1
363,364,VAL,V,other,0,0,normal,49.380001068115234,79.74000549316406,145.79000854492188,0.002902757619738752,0.0011729165963479259,2,1
364,365,GLY,G,other,0,0,normal,52.81999969482422,78.74000549316406,144.5500030517578,0.008708272859216255,0.00397354718609257,6,1
365,366,THR,T,other,0,0,normal,51.46000289916992,76.26000213623047,141.97000122070312,0.002902757619738752,0.000391132927333015,2,1
366,367,ILE,I,other,0,0,normal,49.20000076293945,78.94000244140625,140.33001708984375,0.002902757619738752,0.0023373949438012624,2,1
367,368,LEU,L,other,0,0,normal,52.22999954223633,81.35000610351562,140.07000732421875,0.002902757619738752,0.0008362564105636284,2,1
368,369,LEU,L,other,0,0,normal,54.20000076293945,78.41000366210938,138.69000244140625,0.0043541364296081275,0.002290862951324693,3,1
369,370,ILE,I,other,0,0,normal,51.7400016784668,77.92000579833984,135.6699981689453,0.002902757619738752,0.0034934350423600096,2,1
370,371,LEU,L,other,0,0,normal,51.4900016784668,81.79000854492188,135.28001403808594,0.002902757619738752,0.00044298540617500033,2,1
371,372,SER,S,other,0,0,normal,55.30000305175781,82.49000549316406,135.57000732421875,0.005805515239477504,0.010225661118435647,4,1
372,373,LEU,L,other,0,0,normal,56.18000030517578,79.63999938964844,133.0500030517578,0.002902757619738752,0.0046410368920241675,2,1
373,374,LEU,L,other,0,0,normal,53.43000411987305,81.12999725341797,130.6199951171875,0.0043541364296081275,0.002961626598728265,3,1
374,375,VAL,V,other,0,0,normal,54.82000350952149,84.7300033569336,131.15000915527344,0.002902757619738752,0.004668869434096061,2,1
375,376,LEU,L,other,0,0,normal,58.45000457763672,83.57000732421875,130.61001586914062,0.0043541364296081275,0.00876747720568088,3,1
376,377,CYS,C,other,0,0,normal,57.7300033569336,81.71000671386719,127.25,0.002902757619738752,0.0014067357280261106,2,1
377,378,GLY,G,other,0,0,normal,54.96000289916992,84.19999694824219,126.29000854492188,0.0043541364296081275,0.0037553025123498187,3,1
378,379,CYS,C,other,0,0,normal,57.24000549316406,87.3800048828125,126.5500030517578,0.0043541364296081275,0.011275495507503041,3,1
379,380,LEU,L,other,0,0,normal,59.600006103515625,85.34000396728516,124.44000244140624,0.005805515239477504,0.0020688308424106627,4,1
380,381,ILE,I,other,0,0,normal,57.09000015258789,84.66999816894531,121.74000549316406,0.0043541364296081275,0.001808272314626348,3,1
381,382,MET,M,other,0,0,normal,56.06000518798828,88.3499984741211,122.02000427246094,0.005805515239477504,0.00998615271294538,4,1
382,383,ILE,I,other,0,0,normal,59.70000457763672,89.40000915527344,121.29000854492188,0.005805515239477504,0.001195179169628835,4,1
383,384,VAL,V,other,0,0,normal,59.95000457763672,86.80000305175781,118.4800033569336,0.005805515239477504,0.004982273140046608,4,1
384,385,LYS,K,other,0,0,normal,56.70000076293945,88.45000457763672,117.04000854492188,0.0043541364296081275,0.003638532091805749,3,1
385,386,ILE,I,other,0,0,normal,58.12000274658203,92.06000518798828,117.24000549316406,0.0043541364296081275,0.001459497299367927,3,1
386,387,LEU,L,other,0,0,normal,61.400001525878906,91.0600128173828,115.35000610351562,0.0043541364296081275,0.0020416728044787887,3,1
387,388,GLY,G,other,0,0,normal,60.1300048828125,88.47000122070312,112.75000762939452,0.002902757619738752,0.0023373949438012624,2,1
388,389,SER,S,other,0,0,normal,58.32000350952149,91.04000091552734,110.58000183105467,0.0043541364296081275,0.0011799484704267504,3,1
389,390,VAL,V,other,0,0,normal,61.55000305175781,93.18000793457033,110.58000183105467,0.001451378809869376,0.0,1,1
390,391,LEU,L,other,0,0,normal,63.69000244140625,90.01000213623047,109.75,0.002902757619738752,0.0011729165963479259,2,1
391,392,LYS,K,other,0,0,normal,62.00000381469727,89.47000122070312,106.4000015258789,0.001451378809869376,0.0,1,1
392,393,GLY,G,other,0,0,normal,63.209999084472656,92.99000549316406,105.07000732421876,0.001451378809869376,0.0,1,1
393,394,GLN,Q,other,0,0,normal,66.51000213623047,93.91999816894533,103.19000244140624,0.0,0.0,0,1
394,395,VAL,V,other,0,0,normal,68.35000610351562,92.3000030517578,106.08000946044922,0.001451378809869376,0.0,1,1
395,396,ALA,A,other,0,0,normal,70.04000091552734,89.38999938964844,104.29000854492188,0.001451378809869376,0.0,1,1
396,397,THR,T,other,0,0,normal,72.0,91.77000427246094,101.83999633789062,0.001451378809869376,0.0,1,1
397,398,VAL,V,other,0,0,normal,73.4000015258789,93.74000549316406,104.94000244140624,0.002902757619738752,4.219124447294697e-06,2,1
398,399,ILE,I,other,0,0,normal,74.6300048828125,90.54000854492188,106.55999755859376,0.002902757619738752,4.219124447294697e-06,2,1
399,400,LYS,K,other,0,0,normal,76.18000793457031,89.21000671386719,103.36000061035156,0.002902757619738752,0.0011729165963479259,2,1
400,401,LYS,K,other,0,0,normal,78.17000579833984,92.49000549316406,102.90000915527344,0.001451378809869376,0.0,1,1
401,402,THR,T,other,0,0,normal,79.14000701904297,92.70000457763672,106.65000915527344,0.001451378809869376,0.0,1,1
402,403,ILE,I,other,0,0,normal,80.1100082397461,89.25,107.77000427246094,0.0,0.0,0,1
403,404,ASN,N,other,0,0,normal,82.2800064086914,88.15000915527344,104.8000030517578,0.0,0.0,0,1
404,405,THR,T,other,0,0,normal,84.94000244140625,90.93000793457033,105.04000854492188,0.0,0.0,0,1
405,406,ASP,D,other,0,0,normal,87.72000122070312,91.2300033569336,107.66000366210938,0.001451378809869376,0.0,1,1
406,407,PHE,F,other,0,0,normal,90.22000122070312,93.69000244140624,108.98001098632812,0.001451378809869376,0.0,1,1
407,408,PRO,P,other,0,0,normal,93.68000030517578,93.61000061035156,107.04000854492188,0.0,0.0,0,1
408,409,PHE,F,other,0,0,normal,96.79000854492188,91.64000701904295,108.27999877929688,0.001451378809869376,0.0,1,1
409,410,PRO,P,other,0,0,normal,97.82000732421876,91.2300033569336,111.17000579833984,0.0,0.0,0,1
410,411,PHE,F,other,0,0,normal,94.31999969482422,91.91000366210938,112.47000885009766,0.001451378809869376,0.0,1,1
411,412,ALA,A,other,0,0,normal,92.43000030517578,89.51000213623047,110.30999755859376,0.002902757619738752,4.219124447294697e-06,2,1
412,413,TRP,W,other,0,0,normal,91.64000701904295,87.32000732421875,113.26000213623048,0.0,0.0,0,1
413,414,LEU,L,other,0,0,normal,89.80000305175781,90.04000854492188,115.16999816894533,0.001451378809869376,0.0,1,1
414,415,THR,T,other,0,0,normal,86.64000701904297,90.20000457763672,113.04000854492188,0.001451378809869376,0.0,1,1
415,416,GLY,G,other,0,0,normal,86.13999938964844,86.57000732421875,114.11000061035156,0.002902757619738752,9.141436302471846e-06,2,1
416,417,TYR,Y,other,0,0,normal,86.11000061035156,87.44000244140625,117.92000579833984,0.0043541364296081275,0.001203897024432347,3,1
417,418,LEU,L,other,0,0,normal,84.19999694824219,90.65000915527344,117.14000701904295,0.005805515239477504,0.0016740427408097386,4,1
418,419,ALA,A,other,0,0,normal,81.50000762939453,88.58000946044922,115.260009765625,0.005805515239477504,0.0010812272064126996,4,1
419,420,ILE,I,other,0,0,normal,81.2300033569336,86.41000366210938,118.4600067138672,0.008708272859216255,0.002690216704574797,6,1
420,421,LEU,L,other,0,0,normal,80.65000915527344,89.66000366210938,120.44000244140624,0.005805515239477504,0.003265962851253917,4,1
421,422,VAL,V,other,0,0,normal,78.16000366210938,90.91999816894533,117.82000732421876,0.0043541364296081275,0.001039439682056561,3,1
422,423,GLY,G,other,0,0,normal,76.32000732421875,87.62000274658203,118.06000518798828,0.008708272859216255,0.003966388077893925,6,1
423,424,ALA,A,other,0,0,normal,76.29000091552734,87.93000030517578,121.81999969482422,0.008708272859216255,0.007023978520162103,6,1
424,425,GLY,G,other,0,0,normal,75.18000030517578,91.6300048828125,121.52000427246094,0.0043541364296081275,6.269418017991953e-05,3,1
425,426,MET,M,other,0,0,normal,72.26000213623047,90.82000732421876,119.29000854492188,0.0043541364296081275,0.00015665006340741312,3,1
426,427,THR,T,other,0,0,normal,71.21000671386719,87.66999816894531,121.07000732421876,0.008708272859216255,0.002984699043825854,6,1
427,428,PHE,F,other,0,0,normal,70.46000671386719,89.87000274658203,124.0500030517578,0.005805515239477504,0.0023845788188701744,4,1
428,429,ILE,I,other,0,0,normal,67.82000732421875,91.55999755859376,121.8600082397461,0.002902757619738752,9.282073784048334e-06,2,1
429,430,VAL,V,other,0,0,normal,65.84000396728516,88.30001068115234,121.34001159667967,0.001451378809869376,0.0,1,1
430,431,GLN,Q,other,0,0,normal,66.95999908447266,86.44000244140625,124.53001403808594,0.001451378809869376,0.0,1,1
431,432,SER,S,other,0,0,normal,67.6500015258789,82.96000671386719,123.15000915527344,0.0043541364296081275,0.0383835394664999,3,1
432,433,SER,S,other,0,0,normal,70.30999755859375,81.0,121.17000579833984,0.0043541364296081275,0.013248840403644808,3,1
433,434,SER,S,other,0,0,normal,67.72000122070312,78.4800033569336,120.06000518798828,0.0043541364296081275,0.004841210571971619,3,1
434,435,VAL,V,other,0,0,normal,65.7300033569336,81.30000305175781,118.42001342773438,0.0043541364296081275,0.038102284327946656,3,1
435,436,PHE,F,other,0,0,normal,69.02000427246094,82.89000701904297,117.10000610351562,0.0043541364296081275,0.0057756235410894785,3,1
436,437,THR,T,other,0,0,normal,70.2800064086914,79.62000274658203,115.37001037597656,0.0043541364296081275,0.0034699951266008297,3,1
437,438,SER,S,other,0,0,normal,66.69000244140625,78.97000122070312,114.0300064086914,0.00725689404934688,0.04125638291389755,5,1
438,439,ALA,A,other,0,0,normal,66.55999755859375,82.45001220703125,112.47000885009766,0.002902757619738752,0.00020673709791744035,2,1
439,440,LEU,L,other,0,0,normal,70.09000396728516,82.19001007080078,111.07000732421876,0.0043541364296081275,0.00681845580622223,3,1
440,441,THR,T,other,0,0,normal,69.59000396728516,78.69000244140625,109.68000793457033,0.0043541364296081275,0.02392639987830336,3,1
441,442,PRO,P,other,0,0,normal,67.52999877929688,79.70999908447266,106.510009765625,0.002902757619738752,0.0001518884801026091,2,1
442,443,LEU,L,other,0,0,normal,70.24000549316406,82.45001220703125,105.83000183105467,0.005805515239477504,0.006811564569624976,4,1
443,444,ILE,I,other,0,0,normal,72.7300033569336,79.49000549316406,105.87001037597656,0.005805515239477504,0.00436046511627907,4,1
444,445,GLY,G,other,0,0,normal,70.3800048828125,77.7300033569336,103.42001342773438,0.00725689404934688,0.004627373833605814,5,1
445,446,ILE,I,other,0,0,normal,69.8499984741211,80.66000366210938,101.13999938964844,0.001451378809869376,0.0,1,1
446,447,GLY,G,other,0,0,normal,73.55000305175781,81.41999816894531,101.0300064086914,0.002902757619738752,0.0011729165963479259,2,1
447,448,VAL,V,other,0,0,normal,73.62000274658203,84.83000946044922,102.87001037597656,0.002902757619738752,0.0023373949438012624,2,1
448,449,ILE,I,other,0,0,normal,76.86000061035156,83.54000091552734,104.37000274658205,0.001451378809869376,0.0,1,1
449,450,THR,T,other,0,0,normal,78.67000579833984,80.25000762939453,104.07000732421876,0.001451378809869376,0.0,1,1
450,451,ILE,I,other,0,0,normal,78.81000518798828,77.68000793457031,106.83000183105467,0.001451378809869376,0.0,1,1
451,452,GLU,E,other,0,0,normal,82.29000091552734,78.80000305175781,108.17000579833984,0.001451378809869376,0.0,1,1
452,453,ARG,R,other,0,0,normal,81.15000915527344,82.40000915527344,108.19000244140624,0.002902757619738752,0.0011729165963479259,2,1
453,454,ALA,A,other,0,0,normal,77.8800048828125,81.66000366210938,110.08000183105467,0.002902757619738752,0.0011729165963479259,2,1
454,455,TYR,Y,other,0,0,normal,79.92000579833984,79.77000427246094,112.97000885009766,0.005805515239477504,0.003515374489485942,4,1
455,456,PRO,P,other,0,0,normal,81.04000091552734,82.87001037597656,115.0500030517578,0.0043541364296081275,7.151415938164514e-05,3,1
456,457,LEU,L,other,0,0,normal,77.4800033569336,84.2800064086914,115.0500030517578,0.00725689404934688,0.0028559903582632377,5,1
457,458,THR,T,other,0,0,normal,76.44000244140625,80.80000305175781,116.1100082397461,0.0043541364296081275,0.004593843501152827,3,1
458,459,LEU,L,other,0,0,normal,79.07000732421875,80.60000610351562,118.8800048828125,0.002902757619738752,0.0005211876920687175,2,1
459,460,GLY,G,other,0,0,normal,78.37000274658203,84.17000579833984,120.27000427246094,0.00725689404934688,0.004162658748288073,5,1
460,461,SER,S,other,0,0,normal,74.67000579833984,83.57000732421875,120.67000579833984,0.011611030478955007,0.018602540254871475,8,1
461,462,ASN,N,other,0,0,normal,75.26000213623047,80.77999877929688,123.4600067138672,0.002902757619738752,0.006083823312306683,2,1
462,463,ILE,I,other,0,0,normal,77.18000793457031,83.6300048828125,125.3000030517578,0.0043541364296081275,0.005710534539456971,3,1
463,464,GLY,G,other,0,0,normal,74.07000732421875,85.87001037597656,124.77000427246094,0.010159651669085631,0.020759429949071383,7,1
464,465,THR,T,other,0,0,normal,71.8800048828125,83.02000427246094,126.09000396728516,0.005805515239477504,0.034101188606653926,4,1
465,466,THR,T,other,0,0,normal,74.1300048828125,82.63999938964844,129.1300048828125,0.00725689404934688,0.029804896089505376,5,1
466,467,THR,T,other,0,0,normal,73.86000061035156,86.3800048828125,129.7200164794922,0.005805515239477504,0.011951143734806583,4,1
467,468,THR,T,other,0,0,normal,70.06000518798828,85.58000183105469,130.29000854492188,0.005805515239477504,0.018872548161093013,4,1
468,469,ALA,A,other,0,0,normal,71.04000854492188,83.22999572753906,132.99000549316406,0.005805515239477504,0.008431954268102188,4,1
469,470,ILE,I,other,0,0,normal,72.8800048828125,86.09000396728516,134.77000427246094,0.005805515239477504,0.006229430356417485,4,1
470,471,LEU,L,other,0,0,normal,69.47000122070312,87.91000366210938,134.87001037597656,0.005805515239477504,0.0029519517289064313,4,1
471,472,ALA,A,other,0,0,normal,68.06000518798828,84.92000579833984,136.63999938964844,0.0043541364296081275,0.00827976067565406,3,1
472,473,ALA,A,other,0,0,normal,71.09000396728516,84.69001007080078,138.8400115966797,0.008708272859216255,0.012481071617335896,6,1
473,474,LEU,L,other,0,0,normal,71.16999816894531,88.26000213623047,140.19000244140625,0.002902757619738752,0.00015888051674354986,2,1
474,475,ALA,A,other,0,0,normal,67.41999816894531,88.66000366210938,140.5600128173828,0.0043541364296081275,0.014740606171745977,3,1
475,476,SER,S,other,0,0,normal,67.80999755859375,85.9800033569336,143.3000030517578,0.002902757619738752,0.00014606207015158308,2,1
476,477,PRO,P,other,0,0,normal,66.80000305175781,86.54000091552734,146.95001220703125,0.0,0.0,0,1
477,478,GLY,G,other,0,0,normal,70.04000091552734,87.80000305175781,148.69000244140625,0.002902757619738752,0.0023373949438012624,2,1
478,479,ASN,N,other,0,0,normal,70.74000549316406,84.75,150.83001708984375,0.0,0.0,0,1
479,480,ALA,A,other,0,0,normal,71.13999938964844,82.62000274658203,147.78001403808594,0.001451378809869376,0.0,1,1
480,481,LEU,L,other,0,0,normal,72.62000274658203,85.32000732421875,145.45001220703125,0.002902757619738752,0.0034934350423600096,2,1
481,482,ARG,R,other,0,0,normal,76.12000274658203,83.77999877929688,145.5800018310547,0.001451378809869376,0.0,1,1
482,483,SER,S,other,0,0,normal,74.92000579833984,80.20999908447266,144.66000366210938,0.002902757619738752,8.730902357282007e-05,2,1
483,484,SER,S,other,0,0,normal,72.68000030517578,81.66000366210938,141.97000122070312,0.0043541364296081275,0.005691592205793772,3,1
484,485,LEU,L,other,0,0,normal,75.61000061035156,83.57000732421875,140.5600128173828,0.005805515239477504,0.00413014347786721,4,1
485,486,GLN,Q,other,0,0,normal,77.97000122070312,80.5,140.6699981689453,0.005805515239477504,0.002522960074370529,4,1
486,487,ILE,I,other,0,0,normal,75.5,78.4000015258789,138.6300048828125,0.002902757619738752,5.360271397163422e-05,2,1
487,488,ALA,A,other,0,0,normal,75.10000610351562,81.08000946044922,135.98001098632812,0.0043541364296081275,0.0020641512749283194,3,1
488,489,LEU,L,other,0,0,normal,78.82000732421875,81.66000366210938,135.79000854492188,0.005805515239477504,0.004235960969737174,4,1
489,490,CYS,C,other,0,0,normal,79.2300033569336,77.84000396728516,135.48001098632812,0.0043541364296081275,0.0012404777091549308,3,1
490,491,HSD,H,other,0,0,normal,76.70000457763672,77.71000671386719,132.55001831054688,0.0043541364296081275,0.0023536132607371485,3,1
491,492,PHE,F,other,0,0,normal,78.69000244140625,80.55000305175781,131.0500030517578,0.005805515239477504,0.0276584595300121,4,1
492,493,PHE,F,other,0,0,normal,82.11000061035156,78.85000610351562,131.98001098632812,0.0043541364296081275,0.0008576679168537947,3,1
493,494,PHE,F,other,0,0,normal,81.20001220703125,75.56000518798828,130.23001098632812,0.002902757619738752,0.0016290687144354216,2,1
494,495,ASN,N,other,0,0,normal,80.10000610351562,77.3800048828125,126.88999938964844,0.005805515239477504,0.023662766026220108,4,1
495,496,ILE,I,other,0,0,normal,83.26000213623047,79.56999969482422,127.08000183105467,0.0043541364296081275,0.0015849443757264335,3,1
496,497,SER,S,other,0,0,normal,85.2800064086914,76.36000061035156,127.3000030517578,0.005805515239477504,0.00815686729120552,4,1
497,498,GLY,G,other,0,0,normal,83.60000610351562,74.8499984741211,124.14000701904295,0.005805515239477504,0.017493712520155438,4,1
498,499,ILE,I,other,0,0,normal,84.18000030517578,78.06000518798828,122.2800064086914,0.005805515239477504,0.006733467582241777,4,1
499,500,LEU,L,other,0,0,normal,87.74000549316406,78.0300064086914,123.34000396728516,0.001451378809869376,0.0,1,1
500,501,LEU,L,other,0,0,normal,88.26000213623047,74.33000183105469,122.52999877929688,0.001451378809869376,0.0,1,1
501,502,TRP,W,other,0,0,normal,86.47000122070312,74.35000610351562,119.16000366210938,0.0043541364296081275,0.004585420916314461,3,1
502,503,TYR,Y,other,0,0,normal,87.06000518798828,77.76000213623047,117.69001007080078,0.001451378809869376,0.0,1,1
503,504,PRO,P,other,0,0,normal,90.54000854492188,79.43000030517578,117.24000549316406,0.0,0.0,0,1
504,505,ILE,I,other,0,0,normal,92.47000885009766,77.22000885009766,114.8100128173828,0.001451378809869376,0.0,1,1
505,506,PRO,P,other,0,0,normal,90.86000061035156,75.95999908447266,111.52000427246094,0.0,0.0,0,1
506,507,PHE,F,other,0,0,normal,92.2100067138672,72.58000183105469,112.87001037597656,0.001451378809869376,0.0,1,1
507,508,THR,T,other,0,0,normal,89.73999786376953,72.4800033569336,115.87001037597656,0.002902757619738752,0.0025477244457526994,2,1
508,509,ARG,R,other,0,0,normal,86.69999694824219,73.49000549316406,113.8000030517578,0.001451378809869376,0.0,1,1
509,510,LEU,L,other,0,0,normal,85.66000366210938,69.77999877929688,113.58000946044922,0.002902757619738752,0.0018031896182867616,2,1
510,511,PRO,P,other,0,0,normal,81.75,70.56000518798828,113.8800048828125,0.0043541364296081275,0.0015183197607218622,3,1
511,512,ILE,I,other,0,0,normal,81.87000274658203,72.05000305175781,110.39000701904295,0.001451378809869376,0.0,1,1
512,513,ARG,R,other,0,0,normal,83.57000732421875,68.87000274658203,108.95000457763672,0.002902757619738752,0.0011956356978763249,2,1
513,514,MET,M,other,0,0,normal,81.15000915527344,66.58000183105469,110.81000518798828,0.002902757619738752,0.00045510040000359844,2,1
514,515,ALA,A,other,0,0,normal,78.09000396728516,68.47000122070312,109.3600082397461,0.005805515239477504,0.010667279000960105,4,1
515,516,LYS,K,other,0,0,normal,79.67000579833984,68.44000244140625,105.8499984741211,0.002902757619738752,0.0011651772145789428,2,1
516,517,GLY,G,other,0,0,normal,80.35000610351562,64.69000244140625,106.18000030517578,0.005805515239477504,0.005868667984464068,4,1
517,518,LEU,L,other,0,0,normal,76.81000518798828,64.11000061035156,107.56000518798828,0.0043541364296081275,0.002222878045204015,3,1
518,519,GLY,G,other,0,0,normal,75.46000671386719,65.95999908447266,104.4100112915039,0.0043541364296081275,0.00394470492762142,3,1
519,520,ASN,N,other,0,0,normal,77.42000579833984,63.93000030517578,101.92000579833984,0.0043541364296081275,0.0012193269652681677,3,1
520,521,ILE,I,other,0,0,normal,76.27000427246094,60.74000549316406,103.70001220703124,0.001451378809869376,0.0,1,1
521,522,SER,S,other,0,0,normal,72.56000518798828,61.80000305175781,103.58000946044922,0.002902757619738752,0.0011729165963479259,2,1
522,523,ALA,A,other,0,0,normal,72.76000213623047,63.7400016784668,100.29000091552734,0.001451378809869376,0.0,1,1
523,524,LYS,K,other,0,0,normal,70.3800048828125,61.5,98.4600067138672,0.0,0.0,0,1
524,525,TYR,Y,other,0,0,normal,67.76000213623047,61.660003662109375,101.13999938964844,0.001451378809869376,0.0,1,1
525,526,ARG,R,other,0,0,normal,65.09000396728516,64.24000549316406,102.14000701904295,0.0,0.0,0,1
526,527,TRP,W,other,0,0,normal,63.660003662109375,62.15999984741211,104.95001220703124,0.0,0.0,0,1
527,528,PHE,F,other,0,0,normal,66.94000244140625,62.25000381469727,106.7800064086914,0.001451378809869376,0.0,1,1
528,529,ALA,A,other,0,0,normal,66.3800048828125,65.5300064086914,108.69000244140624,0.002902757619738752,0.0003544064535727546,2,1
529,530,VAL,V,other,0,0,normal,63.01000213623047,64.25,110.36000061035156,0.001451378809869376,0.0,1,1
530,531,PHE,F,other,0,0,normal,64.84000396728516,60.7300033569336,110.85000610351562,0.0043541364296081275,0.0002869004624160394,3,1
531,532,TYR,Y,other,0,0,normal,67.80000305175781,62.57000350952149,112.58000183105467,0.002902757619738752,0.00042191244472946976,2,1
532,533,LEU,L,other,0,0,normal,65.58000183105469,64.31000518798828,115.19001007080078,0.001451378809869376,0.0,1,1
533,534,ILE,I,other,0,0,normal,63.970001220703125,61.01000213623047,116.4000015258789,0.002902757619738752,0.00010125898673507273,2,1
534,535,ILE,I,other,0,0,normal,67.41000366210938,59.34000396728516,116.64000701904295,0.002902757619738752,0.0004809801869915955,2,1
535,536,PHE,F,other,0,0,normal,69.33000183105469,62.100006103515625,118.4000015258789,0.001451378809869376,0.0,1,1
536,537,PHE,F,other,0,0,normal,66.80000305175781,64.19000244140625,120.32000732421876,0.0,0.0,0,1
537,538,PHE,F,other,0,0,normal,64.56000518798828,61.2300033569336,121.4600067138672,0.001451378809869376,0.0,1,1
538,539,LEU,L,other,0,0,normal,65.67000579833984,57.53000259399414,120.89000701904295,0.002902757619738752,0.0005316096803591318,2,1
539,540,ILE,I,other,0,0,normal,69.2300033569336,58.12000274658203,122.3000030517578,0.0043541364296081275,0.0001765703581192831,3,1
540,541,PRO,P,other,0,0,normal,68.12000274658203,60.02000427246094,125.44000244140624,0.002902757619738752,4.4160169215017836e-05,2,1
541,542,LEU,L,other,0,0,normal,65.09000396728516,57.85000228881836,126.17000579833984,0.0043541364296081275,0.00059138061002914,3,1
542,543,THR,T,other,0,0,normal,67.68000030517578,54.910003662109375,125.79000854492188,0.005805515239477504,0.00023753670638269143,4,1
543,544,VAL,V,other,0,0,normal,70.07000732421875,56.42000198364258,128.35000610351562,0.0043541364296081275,9.760241221408398e-05,3,1
544,545,PHE,F,other,0,0,normal,66.99000549316406,57.20000457763672,130.5900115966797,0.0043541364296081275,0.0004959580787794917,3,1
545,546,GLY,G,other,0,0,normal,65.8800048828125,53.57000350952149,130.42001342773438,0.005805515239477504,0.0001795237452323894,4,1
546,547,LEU,L,other,0,0,normal,69.5300064086914,52.290000915527344,130.92001342773438,0.0043541364296081275,0.00018732912545988456,3,1
547,548,SER,S,other,0,0,normal,69.70999908447266,54.59999847412109,133.97000122070312,0.005805515239477504,0.00047380767543119456,4,1
548,549,LEU,L,other,0,0,normal,66.80000305175781,52.61000061035156,135.41000366210938,0.002902757619738752,2.995578357579235e-05,2,1
549,550,ALA,A,other,0,0,normal,68.52000427246094,49.280006408691406,134.55999755859375,0.002902757619738752,0.0001434502312080197,2,1
550,551,GLY,G,other,0,0,normal,71.35000610351562,50.79000473022461,136.63999938964844,0.0043541364296081275,0.00023704447519717377,3,1
551,552,TRP,W,other,0,0,normal,74.41000366210938,53.06999969482422,136.35000610351562,0.002902757619738752,4.2191244472946976e-05,2,1
552,553,ARG,R,other,0,0,normal,76.7300033569336,49.900001525878906,136.02000427246094,0.001451378809869376,0.0,1,1
553,554,VAL,V,other,0,0,normal,74.54000854492188,48.75,133.1199951171875,0.0043541364296081275,0.00017973470145475412,3,1
554,555,LEU,L,other,0,0,normal,74.82000732421875,52.150001525878906,131.4300079345703,0.0043541364296081275,0.0001366996320923482,3,1
555,556,VAL,V,other,0,0,normal,78.6500015258789,52.410003662109375,131.97000122070312,0.002902757619738752,1.2657373341884091e-05,2,1
556,557,GLY,G,other,0,0,normal,78.72000122070312,48.910003662109375,130.25,0.001451378809869376,0.0,1,1
557,558,VAL,V,other,0,0,normal,77.29000854492188,50.40000534057617,127.04000854492188,0.001451378809869376,0.0,1,1
558,559,GLY,G,other,0,0,normal,78.97000122070312,53.790000915527344,127.50000762939452,0.002902757619738752,1.687649778917879e-05,2,1
559,560,VAL,V,other,0,0,normal,82.55000305175781,52.55000305175781,127.42000579833984,0.001451378809869376,0.0,1,1
560,561,PRO,P,other,0,0,normal,82.6100082397461,50.900001525878906,123.8800048828125,0.001451378809869376,0.0,1,1
561,562,VAL,V,other,0,0,normal,80.6300048828125,53.93000030517578,122.51000213623048,0.002902757619738752,1.2657373341884091e-05,2,1
562,563,VAL,V,other,0,0,normal,82.97000122070312,56.52000427246094,123.82000732421876,0.001451378809869376,0.0,1,1
563,564,PHE,F,other,0,0,normal,85.98999786376953,54.38999938964844,122.9600067138672,0.002902757619738752,7.172511560400985e-05,2,1
564,565,ILE,I,other,0,0,normal,84.86000061035156,54.0,119.31999969482422,0.001451378809869376,0.0,1,1
565,566,ILE,I,other,0,0,normal,83.63999938964844,57.61000061035156,118.99000549316406,0.0043541364296081275,0.00035018732912545986,3,1
566,567,ILE,I,other,0,0,normal,86.80000305175781,59.29000473022461,120.3800048828125,0.002902757619738752,0.00013501198231343032,2,1
567,568,LEU,L,other,0,0,normal,88.8600082397461,57.02000045776367,118.25000762939452,0.005805515239477504,0.0004345698180713538,4,1
568,569,VAL,V,other,0,0,normal,86.62001037597656,57.61000061035156,115.20000457763672,0.002902757619738752,0.00027424308907415536,2,1
569,570,LEU,L,other,0,0,normal,86.93000793457031,61.43000030517578,115.60000610351562,0.0043541364296081275,0.0003417490802308705,3,1
570,571,CYS,C,other,0,0,normal,90.68000793457033,61.150001525878906,116.07000732421876,0.002902757619738752,7.172511560400985e-05,2,1
571,572,LEU,L,other,0,0,normal,90.91999816894533,59.11000061035156,112.80999755859376,0.002902757619738752,0.00023627096904850305,2,1
572,573,ARG,R,other,0,0,normal,88.68000030517578,61.65000534057617,111.12000274658205,0.002902757619738752,0.00013501198231343032,2,1
573,574,LEU,L,other,0,0,normal,91.10000610351562,64.34000396728516,112.41000366210938,0.001451378809869376,0.0,1,1
574,575,LEU,L,other,0,0,normal,94.0500030517578,62.21000289916992,111.22000885009766,0.005805515239477504,0.00020251797347014546,4,1
575,576,GLN,Q,other,0,0,normal,92.41000366210938,61.76000213623047,107.74000549316406,0.002902757619738752,7.172511560400985e-05,2,1
576,577,SER,S,other,0,0,normal,91.88999938964844,65.58000183105469,107.80999755859376,0.001451378809869376,0.0,1,1
577,578,ARG,R,other,0,0,normal,95.66000366210938,66.1300048828125,108.20999908447266,0.001451378809869376,0.0,1,1
578,579,CYS,C,other,0,0,normal,97.51000213623048,63.13999938964844,106.61000061035156,0.001451378809869376,0.0,1,1
579,580,PRO,P,other,0,0,normal,95.5300064086914,60.68000411987305,104.3800048828125,0.001451378809869376,0.0,1,1
580,581,ARG,R,other,0,0,normal,98.99000549316406,58.9900016784668,103.5,0.001451378809869376,0.0,1,1
581,582,VAL,V,other,0,0,normal,100.16000366210938,58.2300033569336,107.05001068115234,0.0,0.0,0,1
582,583,LEU,L,other,0,0,normal,97.33000946044922,55.86000442504883,108.0300064086914,0.001451378809869376,0.0,1,1
583,584,PRO,P,other,0,0,normal,97.5,51.99000549316406,107.1500015258789,0.001451378809869376,0.0,1,1
584,585,LYS,K,other,0,0,normal,96.12000274658205,51.630001068115234,103.510009765625,0.0,0.0,0,1
585,586,LYS,K,other,0,0,normal,93.0,49.910003662109375,104.74000549316406,0.0,0.0,0,1
586,587,LEU,L,other,0,0,normal,92.51000213623048,52.78000259399414,107.14000701904295,0.002902757619738752,1.2657373341884091e-05,2,1
587,588,GLN,Q,other,0,0,normal,93.13999938964844,55.1400032043457,104.31000518798828,0.0,0.0,0,1
588,589,ASN,N,other,0,0,normal,89.94000244140625,53.47999954223633,103.13999938964844,0.002902757619738752,1.687649778917879e-05,2,1
589,590,TRP,W,other,0,0,normal,86.8600082397461,53.790000915527344,105.37001037597656,0.0,0.0,0,1
590,591,ASN,N,other,0,0,normal,85.66000366210938,50.12000274658203,105.2800064086914,0.002902757619738752,1.2657373341884091e-05,2,1
591,592,PHE,F,other,0,0,normal,86.93000793457031,48.86000061035156,108.5300064086914,0.0,0.0,0,1
592,593,LEU,L,other,0,0,normal,83.75,49.9900016784668,110.3800048828125,0.001451378809869376,0.0,1,1
593,594,PRO,P,other,0,0,normal,80.56999969482422,47.75,110.36000061035156,0.0,0.0,0,1
594,595,LEU,L,other,0,0,normal,77.99000549316406,48.87000274658203,107.52999877929688,0.0,0.0,0,1
595,596,TRP,W,other,0,0,normal,75.26000213623047,50.44000244140625,109.72000122070312,0.0,0.0,0,1
596,597,MET,M,other,0,0,normal,77.97000122070312,52.59000396728516,111.37000274658205,0.0,0.0,0,1
597,598,ARG,R,other,0,0,normal,78.9000015258789,54.37000274658203,108.10000610351562,0.0,0.0,0,1
598,599,SER,S,other,0,0,normal,75.91000366210938,53.95000457763672,105.82000732421876,0.0,0.0,0,1
599,600,LEU,L,other,0,0,normal,72.22000122070312,54.44000244140625,105.6300048828125,0.0,0.0,0,1
600,601,LYS,K,other,0,0,normal,71.27000427246094,51.43000030517578,103.510009765625,0.001451378809869376,0.0,1,1
601,602,PRO,P,other,0,0,normal,69.2800064086914,49.4800033569336,106.1300048828125,0.0,0.0,0,1
602,603,TRP,W,other,0,0,normal,66.93000030517578,52.470001220703125,106.760009765625,0.002902757619738752,0.0003417490802308705,2,1
603,604,ASP,D,other,0,0,normal,66.88999938964844,53.47999954223633,103.02000427246094,0.002902757619738752,0.00012235460897154623,2,1
604,605,ALA,A,other,0,0,normal,64.9800033569336,50.290000915527344,102.41000366210938,0.002902757619738752,0.00023627096904850305,2,1
605,606,VAL,V,other,0,0,normal,62.25000381469727,51.06000518798828,105.02999877929688,0.002902757619738752,0.00043878894251864854,2,1
606,607,VAL,V,other,0,0,normal,61.52000427246094,54.59000015258789,104.01000213623048,0.002902757619738752,0.00023627096904850305,2,1
607,608,SER,S,other,0,0,normal,61.53000259399414,53.62000274658203,100.29000091552734,0.002902757619738752,0.00012235460897154623,2,1
608,609,LYS,K,other,0,0,normal,59.06999969482422,50.86000442504883,101.02000427246094,0.002902757619738752,0.0005273905559118372,2,1
609,610,PHE,F,other,0,0,normal,57.01000213623047,52.95000076293945,103.37001037597656,0.002902757619738752,0.0003417490802308705,2,1
610,611,THR,T,other,0,0,normal,56.7400016784668,55.77999877929688,100.69000244140624,0.001451378809869376,0.0,1,1
611,612,GLY,G,other,0,0,normal,56.43000030517578,52.78000259399414,98.15000915527344,0.002902757619738752,0.0006075539204104364,2,1
612,613,CYS,C,other,0,0,normal,53.27999877929688,51.84000015258789,100.1300048828125,0.0043541364296081275,0.0004556654403078273,3,1
613,614,PHE,F,other,0,0,normal,51.7400016784668,55.40000534057617,99.82000732421876,0.002902757619738752,1.0899404822177969e-05,2,1
614,615,GLN,Q,other,0,0,normal,52.4900016784668,55.2400016784668,96.04000091552734,0.005805515239477504,0.0009661794984304857,4,1
615,616,MET,M,other,0,0,normal,50.7300033569336,51.83000183105469,95.91999816894533,0.005805515239477504,0.00020497912939773403,4,1
616,617,ARG,R,other,0,0,normal,47.83000183105469,53.400001525878906,97.92000579833984,0.005805515239477504,0.0007865151157165196,4,1
617,618,CYS,C,other,0,0,normal,47.62000274658203,55.96000289916992,95.06000518798828,0.0043541364296081275,0.000139231106760725,3,1
618,619,CYS,C,other,0,0,normal,47.3800048828125,52.93000030517578,92.70000457763672,0.0043541364296081275,0.00022818431385785486,3,1
619,620,CYS,C,other,0,0,normal,44.92000198364258,51.08000183105469,95.02000427246094,0.0043541364296081275,0.0006613477571134438,3,1
620,621,CYS,C,other,0,0,normal,42.55000305175781,54.160003662109375,95.37001037597656,0.001451378809869376,0.0,1,1
621,622,CYS,C,other,0,0,normal,42.4800033569336,54.55000305175781,91.61000061035156,0.0043541364296081275,0.0002436544368312688,3,1
622,623,ARG,R,other,0,0,normal,41.62000274658203,50.82000350952149,91.27999877929688,0.0043541364296081275,0.0006550190704425017,3,1
623,624,VAL,V,other,0,0,normal,38.53000259399414,50.77999877929688,93.6300048828125,0.002902757619738752,0.00010969723562966213,2,1
624,625,CYS,C,other,0,0,normal,37.25,53.910003662109375,91.95999908447266,0.0043541364296081275,0.0002682659961071545,3,1
625,626,CYS,C,other,0,0,normal,37.77000045776367,52.28000259399414,88.47000122070312,0.0043541364296081275,0.0005316096803591318,3,1
626,627,ARG,R,other,0,0,normal,36.17000198364258,48.880001068115234,89.52000427246094,0.0043541364296081275,0.00012657373341884093,3,1
627,628,ALA,A,other,0,0,normal,33.11000061035156,50.62000274658203,91.010009765625,0.002902757619738752,0.00012235460897154623,2,1
628,629,CYS,C,other,0,0,normal,32.44000244140625,52.540000915527344,87.76000213623047,0.0043541364296081275,0.00023205184460120835,3,1
629,630,CYS,C,other,0,0,normal,32.55000305175781,49.30000305175781,85.76000213623047,0.001451378809869376,0.0,1,1
630,631,LEU,L,other,0,0,normal,29.18000221252441,48.2300033569336,87.1500015258789,0.001451378809869376,0.0,1,1
631,632,LEU,L,other,0,0,normal,27.530000686645508,51.63999938964844,86.46000671386719,0.001451378809869376,0.0,1,1
632,633,CYS,C,other,0,0,normal,28.93000030517578,52.35000228881836,83.05000305175781,0.001451378809869376,0.0,1,1
633,634,ASP,D,other,0,0,normal,30.940000534057617,51.1300048828125,80.13999938964844,0.0,0.0,0,1
634,635,CYS,C,other,0,0,normal,34.58000183105469,52.09999847412109,80.37001037597656,0.001451378809869376,0.0,1,1
635,636,PRO,P,other,0,0,normal,35.86000061035156,55.69000244140625,79.45000457763672,0.0,0.0,0,1
636,637,LYS,K,other,0,0,normal,37.69000244140625,56.07000350952149,76.1100082397461,0.0,0.0,0,1
637,638,CYS,C,other,0,0,normal,40.77000045776367,57.46000289916992,77.86000061035156,0.0,0.0,0,1
638,639,CYS,C,other,0,0,normal,42.15999984741211,55.8900032043457,80.98999786376953,0.001451378809869376,0.0,1,1
639,640,ARG,R,other,0,0,normal,44.37000274658203,58.68000411987305,82.20000457763672,0.002902757619738752,1.2657373341884091e-05,2,1
640,641,CYS,C,other,0,0,normal,44.790000915527344,57.95000076293945,86.04000091552734,0.002902757619738752,3.178407083628672e-05,2,1
641,642,SER,S,other,0,0,normal,44.93000030517578,54.25,85.41000366210938,0.0043541364296081275,5.864582981739629e-05,3,1
642,643,LYS,K,other,0,0,normal,47.630001068115234,54.83000183105469,82.84000396728516,0.0043541364296081275,5.948965470685524e-05,3,1
643,644,CYS,C,other,0,0,normal,49.650001525878906,57.09000015258789,85.21000671386719,0.002902757619738752,2.7564946388992024e-05,2,1
644,645,CYS,C,other,0,0,normal,48.9900016784668,54.31999969482422,87.83000183105469,0.0043541364296081275,0.000111666160371733,3,1
645,646,GLU,E,other,0,0,normal,50.42000198364258,51.7300033569336,85.55000305175781,0.002902757619738752,1.1532273489272172e-05,2,1
646,647,ASP,D,other,0,0,normal,53.50000381469727,54.03000259399414,85.0,0.0043541364296081275,4.0222319730876115e-05,3,1
647,648,LEU,L,other,0,0,normal,54.03000259399414,54.11000061035156,88.77000427246094,0.005805515239477504,0.00010955659814808565,4,1
648,649,GLU,E,other,0,0,normal,53.6300048828125,50.33000564575195,89.01000213623047,0.0043541364296081275,2.3205184460120835e-05,3,1
649,650,GLU,E,other,0,0,normal,56.61000061035156,50.02000427246094,86.41999816894531,0.002902757619738752,2.1095622236473488e-05,2,1
650,651,ALA,A,other,0,0,normal,58.61000061035156,52.61000061035156,88.31000518798828,0.002902757619738752,1.1532273489272172e-05,2,1
651,652,GLN,Q,other,0,0,normal,58.27999877929688,50.94000244140625,91.760009765625,0.0,0.0,0,1
652,653,GLU,E,other,0,0,normal,59.34000396728516,47.57000350952149,90.4499969482422,0.0,0.0,0,1
653,654,GLY,G,other,0,0,normal,61.97000503540039,49.34000015258789,88.4000015258789,0.0,0.0,0,1
654,655,GLN,Q,other,0,0,normal,65.75,49.42000579833984,88.89000701904297,0.0,0.0,0,1
655,656,ASP,D,other,0,0,normal,68.36000061035156,51.88999938964844,87.32000732421875,0.0,0.0,0,1
656,657,VAL,V,other,0,0,normal,71.71000671386719,50.43000030517578,85.98999786376953,0.0,0.0,0,1
657,658,PRO,P,other,0,0,normal,74.5,50.12000274658203,88.69000244140625,0.0,0.0,0,1
658,659,VAL,V,other,0,0,normal,77.47000122070312,52.29999923706055,87.75000762939453,0.0,0.0,0,1
659,660,LYS,K,other,0,0,normal,80.74000549316406,50.33000564575195,87.7800064086914,0.0,0.0,0,1
660,661,ALA,A,other,0,0,normal,84.29000854492188,50.18000030517578,86.24000549316406,0.0,0.0,0,1
661,662,PRO,P,other,0,0,normal,84.24000549316406,48.209999084472656,82.87001037597656,0.0,0.0,0,1
662,663,GLU,E,other,0,0,normal,84.33999633789062,44.30000305175781,82.75000762939453,0.0,0.0,0,1
663,664,THR,T,other,0,0,normal,87.96000671386719,42.9900016784668,82.63999938964844,0.0,0.0,0,1
664,665,PHE,F,other,0,0,normal,87.2300033569336,40.150001525878906,80.09001159667969,0.0,0.0,0,1
665,666,ASP,D,other,0,0,normal,89.68000793457031,38.02000427246094,77.93000030517578,0.0,0.0,0,1
666,667,ASN,N,other,0,0,normal,90.05000305175781,38.19000244140625,74.08000183105469,0.0,0.0,0,1
667,668,ILE,I,other,0,0,normal,89.40000915527344,41.959999084472656,73.85000610351562,0.0,0.0,0,1
668,669,THR,T,other,0,0,normal,91.5500030517578,44.34000015258789,71.80000305175781,0.0,0.0,0,1
669,670,ILE,I,other,0,0,normal,91.3800048828125,47.9900016784668,73.22000122070312,0.0,0.0,0,1
670,671,SER,S,other,0,0,normal,93.81000518798828,50.80000305175781,72.11000061035156,0.0,0.0,0,1
671,672,ARG,R,other,0,0,normal,94.68000793457033,53.100006103515625,74.97000122070312,0.0,0.0,0,1
672,673,GLU,E,other,0,0,normal,96.49000549316406,55.4800033569336,72.55000305175781,0.0,0.0,0,1
673,674,ALA,A,other,0,0,normal,97.27000427246094,58.34000015258789,72.58000183105469,0.0,0.0,0,1
674,675,GLN,Q,other,0,0,normal,98.26000213623048,59.0,76.25000762939453,0.0,0.0,0,1
675,676,GLY,G,other,0,0,normal,98.32000732421876,62.86000061035156,76.49000549316406,0.0,0.0,0,1
676,677,GLU,E,other,0,0,normal,100.3800048828125,62.84000396728516,79.67000579833984,0.0,0.0,0,1
677,678,VAL,V,other,0,0,normal,103.25000762939452,60.380001068115234,79.05000305175781,0.0,0.0,0,1
678,679,PRO,P,other,0,0,normal,102.9800033569336,57.400001525878906,81.55999755859375,0.0,0.0,0,1
679,680,ALA,A,other,0,0,normal,105.8800048828125,56.35000228881836,83.67000579833984,0.0,0.0,0,1
680,681,SER,S,other,0,0,normal,106.67000579833984,53.51000213623047,85.98999786376953,0.0,0.0,0,1
681,682,ASP,D,other,0,0,normal,106.67000579833984,53.05000305175781,89.72000122070312,0.0,0.0,0,1
682,683,SER,S,other,0,0,normal,109.14000701904295,54.9800033569336,91.91000366210938,0.0,0.0,0,1
683,684,LYS,K,other,0,0,normal,112.42000579833984,53.720001220703125,93.12000274658205,0.0,0.0,0,1
684,685,THR,T,other,0,0,normal,112.91000366210938,55.94000244140625,96.17000579833984,0.0,0.0,0,1
685,686,GLU,E,other,0,0,normal,111.22000885009766,56.37000274658203,99.48001098632812,0.0,0.0,0,1
686,687,CYS,C,other,0,0,normal,109.51000213623048,59.78000259399414,100.14000701904295,0.0,0.0,0,1
687,688,THR,T,other,0,0,normal,107.41000366210938,61.540000915527344,102.83000946044922,0.001451378809869376,0.0,1,1
688,689,ALA,A,other,0,0,normal,104.02000427246094,60.47000503540039,103.91999816894533,0.0,0.0,0,1
689,690,LEU,L,other,0,0,normal,102.91000366210938,63.4800033569336,105.89000701904295,0.001451378809869376,0.0,1,1
0,1,MET,M,other,0,0,normal,121.22000885009766,83.81000518798828,98.52000427246094,0.0,0.0,0,2
1,2,ALA,A,other,0,0,normal,117.90000915527344,83.24000549316406,100.40000915527344,0.0,0.0,0,2
2,3,PRO,P,other,0,0,normal,114.48001098632812,82.23999786376953,98.68000030517578,0.0,0.0,0,2
3,4,TRP,W,other,0,0,normal,113.06999969482422,84.07000732421875,95.66000366210938,0.0,0.0,0,2
4,5,PRO,P,other,0,0,normal,111.52000427246094,87.44000244140625,96.83000183105467,0.0,0.0,0,2
5,6,GLU,E,other,0,0,normal,107.66999816894533,87.08000183105469,96.1300048828125,0.0,0.0,0,2
6,7,LEU,L,other,0,0,normal,106.68000030517578,90.77000427246094,96.7300033569336,0.0,0.0,0,2
7,8,GLY,G,other,0,0,normal,109.19000244140624,92.11000061035156,94.27000427246094,0.0,0.0,0,2
8,9,ASP,D,other,0,0,normal,108.34000396728516,93.23001098632812,90.72999572753906,0.0,0.0,0,2
9,10,ALA,A,other,0,0,normal,110.35000610351562,90.14000701904295,89.42000579833984,0.0,0.0,0,2
10,11,GLN,Q,other,0,0,normal,113.72000885009766,91.010009765625,87.86000061035156,0.0,0.0,0,2
11,12,PRO,P,other,0,0,normal,114.67001342773438,89.94000244140625,84.33000183105469,0.0,0.0,0,2
12,13,ASN,N,other,0,0,normal,116.24000549316406,86.5300064086914,84.2300033569336,0.0,0.0,0,2
13,14,PRO,P,other,0,0,normal,119.20001220703124,84.92000579833984,82.260009765625,0.0,0.0,0,2
14,15,ASP,D,other,0,0,normal,118.63999938964844,84.17000579833984,78.54000854492188,0.0,0.0,0,2
15,16,LYS,K,other,0,0,normal,116.87000274658205,80.86000061035156,77.42000579833984,0.0,0.0,0,2
16,17,TYR,Y,other,0,0,normal,118.91999816894533,78.86000061035156,74.69000244140625,0.0,0.0,0,2
17,18,LEU,L,other,0,0,normal,116.4600067138672,78.27000427246094,71.87000274658203,0.0,0.0,0,2
18,19,GLU,E,other,0,0,normal,113.37001037597656,80.06999969482422,73.41000366210938,0.0,0.0,0,2
19,20,GLY,G,other,0,0,normal,110.93000793457033,81.81999969482422,73.21000671386719,0.0,0.0,0,2
20,21,ALA,A,other,0,0,normal,109.3000030517578,78.6500015258789,71.93000030517578,0.0,0.0,0,2
21,22,ALA,A,other,0,0,normal,108.5,78.30000305175781,68.16000366210938,0.0,0.0,0,2
22,23,GLY,G,other,0,0,normal,105.67000579833984,75.77000427246094,68.96000671386719,0.0,0.0,0,2
23,24,GLN,Q,other,0,0,normal,103.97000122070312,73.16000366210938,66.71000671386719,0.0,0.0,0,2
24,25,GLN,Q,other,0,0,normal,100.68000793457033,72.31000518798828,65.21000671386719,0.0,0.0,0,2
25,26,PRO,P,other,0,0,normal,99.31999969482422,68.66000366210938,65.70999908447266,0.0,0.0,0,2
26,27,THR,T,other,0,0,normal,100.2100067138672,65.97000122070312,63.160003662109375,0.0,0.0,0,2
27,28,ALA,A,other,0,0,normal,98.83000183105467,66.71000671386719,59.72999954223633,0.0,0.0,0,2
28,29,PRO,P,other,0,0,normal,97.260009765625,63.900001525878906,57.42000198364258,0.0,0.0,0,2
29,30,ASP,D,other,0,0,normal,99.31999969482422,62.56000518798828,54.49000549316406,0.0,0.0,0,2
30,31,LYS,K,other,0,0,normal,98.8000030517578,64.66000366210938,51.380001068115234,0.0,0.0,0,2
31,32,SER,S,other,0,0,normal,100.99000549316406,62.52000427246094,49.17000198364258,0.0,0.0,0,2
32,33,LYS,K,other,0,0,normal,97.9600067138672,60.07000350952149,48.82000350952149,0.001451378809869376,0.0,1,2
33,34,GLU,E,other,0,0,normal,96.55999755859376,59.14000701904297,46.4900016784668,0.0,0.0,0,2
34,35,THR,T,other,0,0,normal,99.55001068115234,57.910003662109375,44.400001525878906,0.001451378809869376,0.0,1,2
35,36,ASN,N,other,0,0,normal,100.56999969482422,54.30000305175781,43.17000579833984,0.0,0.0,0,2
36,37,LYS,K,other,0,0,normal,104.0500030517578,54.75000381469727,44.78000259399414,0.0,0.0,0,2
37,38,THR,T,other,0,0,normal,104.52000427246094,52.57000350952149,47.959999084472656,0.0,0.0,0,2
38,39,ASP,D,other,0,0,normal,107.11000061035156,52.11000442504883,50.630001068115234,0.0,0.0,0,2
39,40,ASN,N,other,0,0,normal,108.91000366210938,48.880001068115234,50.12000274658203,0.0,0.0,0,2
40,41,THR,T,other,0,0,normal,107.49000549316406,45.94000244140625,48.25000381469727,0.0,0.0,0,2
41,42,GLU,E,other,0,0,normal,105.56999969482422,43.19000244140625,50.060001373291016,0.0,0.0,0,2
42,43,ALA,A,other,0,0,normal,106.1300048828125,42.34000396728516,53.87000274658203,0.001451378809869376,0.0,1,2
43,44,PRO,P,other,0,0,normal,106.35000610351562,43.67000198364258,56.68000030517578,0.0,0.0,0,2
44,45,VAL,V,other,0,0,normal,102.73001098632812,45.040000915527344,56.86000442504883,0.001451378809869376,0.0,1,2
45,46,THR,T,other,0,0,normal,102.4600067138672,48.810001373291016,57.25000381469727,0.0,0.0,0,2
46,47,LYS,K,other,0,0,normal,100.80001068115234,50.68000411987305,60.09000396728516,0.0,0.0,0,2
47,48,ILE,I,other,0,0,normal,97.38999938964844,52.1300048828125,59.55000305175781,0.0,0.0,0,2
48,49,GLU,E,other,0,0,normal,97.3100128173828,55.63999938964844,57.9800033569336,0.0,0.0,0,2
49,50,LEU,L,other,0,0,normal,96.64000701904295,58.9800033569336,59.74000549316406,0.0,0.0,0,2
50,51,LEU,L,other,0,0,normal,93.010009765625,59.8900032043457,59.57000350952149,0.0,0.0,0,2
51,52,PRO,P,other,0,0,normal,91.6300048828125,63.350006103515625,59.9800033569336,0.0,0.0,0,2
52,53,SER,S,other,0,0,normal,91.2300033569336,63.15000534057617,63.69000244140625,0.0,0.0,0,2
53,54,TYR,Y,other,0,0,normal,92.91000366210938,66.07000732421875,65.56000518798828,0.0,0.0,0,2
54,55,SER,S,other,0,0,normal,90.95000457763672,69.14000701904297,66.67000579833984,0.0,0.0,0,2
55,56,THR,T,other,0,0,normal,90.94001007080078,72.7800064086914,65.58000183105469,0.0,0.0,0,2
56,57,ALA,A,other,0,0,normal,89.84000396728516,74.05000305175781,69.0300064086914,0.0,0.0,0,2
57,58,THR,T,other,0,0,normal,91.760009765625,76.41999816894531,71.41999816894531,0.0,0.0,0,2
58,59,LEU,L,other,0,0,normal,90.06999969482422,74.93000793457031,74.46000671386719,0.0,0.0,0,2
59,60,ILE,I,other,0,0,normal,89.33000183105469,71.22000122070312,74.10000610351562,0.0,0.0,0,2
60,61,ASP,D,other,0,0,normal,86.77000427246094,70.29000091552734,76.81000518798828,0.0,0.0,0,2
61,62,GLU,E,other,0,0,normal,83.16000366210938,68.96000671386719,77.3600082397461,0.0,0.0,0,2
62,63,PRO,P,other,0,0,normal,80.05000305175781,70.69000244140625,78.79000091552734,0.0,0.0,0,2
63,64,THR,T,other,0,0,normal,79.91000366210938,70.61000061035156,82.6100082397461,0.0,0.0,0,2
64,65,GLU,E,other,0,0,normal,77.58000183105469,70.86000061035156,85.70999908447266,0.0,0.0,0,2
65,66,VAL,V,other,0,0,normal,77.20000457763672,73.77999877929688,88.17000579833984,0.0,0.0,0,2
66,67,ASP,D,other,0,0,normal,78.87000274658203,74.56999969482422,91.4600067138672,0.0,0.0,0,2
67,68,ASP,D,other,0,0,normal,78.87000274658203,71.88999938964844,94.33000183105467,0.0,0.0,0,2
68,69,PRO,P,other,0,0,normal,76.22000122070312,72.42000579833984,97.05001068115234,0.0,0.0,0,2
69,70,TRP,W,other,0,0,normal,78.47000885009766,74.27000427246094,99.64000701904295,0.0,0.0,0,2
70,71,ASN,N,other,0,0,normal,79.05999755859375,77.1300048828125,97.2100067138672,0.0,0.0,0,2
71,72,LEU,L,other,0,0,normal,76.6300048828125,80.05000305175781,97.27000427246094,0.001451378809869376,0.0,1,2
72,73,PRO,P,other,0,0,normal,74.19000244140625,81.57000732421875,94.70000457763672,0.0,0.0,0,2
73,74,THR,T,other,0,0,normal,74.4800033569336,85.34000396728516,94.45999908447266,0.0,0.0,0,2
74,75,LEU,L,other,0,0,normal,71.90000915527344,87.08000183105469,96.69000244140624,0.0,0.0,0,2
75,76,GLN,Q,other,0,0,normal,68.74000549316406,88.62000274658203,95.2100067138672,0.0,0.0,0,2
76,77,ASP,D,other,0,0,normal,68.16000366210938,92.34000396728516,95.58999633789062,0.0,0.0,0,2
77,78,SER,S,other,0,0,normal,65.01000213623047,94.09000396728516,96.75,0.0,0.0,0,2
78,79,GLY,G,other,0,0,normal,66.30000305175781,97.06000518798828,99.05999755859376,0.0,0.0,0,2
79,80,ILE,I,other,0,0,normal,64.38999938964844,100.3000030517578,100.02000427246094,0.0,0.0,0,2
80,81,LYS,K,other,0,0,normal,65.61000061035156,103.74000549316406,101.19000244140624,0.0,0.0,0,2
81,82,TRP,W,other,0,0,normal,64.29000091552734,106.79000854492188,103.19000244140624,0.001451378809869376,0.0,1,2
82,83,SER,S,other,0,0,normal,64.18000030517578,108.8800048828125,99.97000885009766,0.0,0.0,0,2
83,84,GLU,E,other,0,0,normal,62.06000518798828,106.24000549316406,98.1100082397461,0.0,0.0,0,2
84,85,ARG,R,other,0,0,normal,59.410003662109375,106.43000793457033,100.87001037597656,0.001451378809869376,0.0,1,2
85,86,ASP,D,other,0,0,normal,56.69000244140625,109.08000946044922,100.73001098632812,0.001451378809869376,0.0,1,2
86,87,THR,T,other,0,0,normal,56.32000350952149,111.74000549316406,103.45000457763672,0.002902757619738752,2.3205184460120835e-05,2,2
87,88,LYS,K,other,0,0,normal,53.51000213623047,109.85000610351562,105.5500030517578,0.001451378809869376,0.0,1,2
88,89,GLY,G,other,0,0,normal,55.54000473022461,106.67000579833984,104.9800033569336,0.005805515239477504,0.001519024735876069,4,2
89,90,LYS,K,other,0,0,normal,58.55000305175781,108.29000854492188,106.72000885009766,0.002902757619738752,0.0009189260072523885,2,2
90,91,ILE,I,other,0,0,normal,56.560001373291016,109.08000946044922,109.85000610351562,0.0043541364296081275,0.0012958894432735428,3,2
91,92,LEU,L,other,0,0,normal,54.9900016784668,105.67000579833984,109.79000091552734,0.0043541364296081275,0.002580922671232389,3,2
92,93,CYS,C,other,0,0,normal,58.37000274658203,103.9600067138672,109.51000213623048,0.0043541364296081275,0.0021044999769421857,3,2
93,94,PHE,F,other,0,0,normal,59.75000381469727,106.04000091552734,112.3800048828125,0.005805515239477504,0.0025845917483782203,4,2
94,95,PHE,F,other,0,0,normal,56.77000045776367,104.84000396728516,114.56000518798828,0.005805515239477504,0.004590667464424778,4,2
95,96,GLN,Q,other,0,0,normal,57.17000579833984,101.15000915527344,113.35000610351562,0.0043541364296081275,0.0033339922785859564,3,2
96,97,GLY,G,other,0,0,normal,60.79000473022461,101.11000061035156,114.49000549316406,0.005805515239477504,0.00287963939337998,4,2
97,98,ILE,I,other,0,0,normal,60.52000427246094,103.36000061035156,117.6100082397461,0.002902757619738752,0.005483890858158593,2,2
98,99,GLY,G,other,0,0,normal,57.24000549316406,101.6999969482422,118.6100082397461,0.005805515239477504,0.006048460733602166,4,2
99,100,ARG,R,other,0,0,normal,59.05000305175781,98.30001068115234,118.08000183105467,0.002902757619738752,0.002402361676541827,2,2
100,101,LEU,L,other,0,0,normal,61.97000503540039,99.7100067138672,120.27000427246094,0.0043541364296081275,0.00974504972446036,3,2
101,102,ILE,I,other,0,0,normal,59.80000305175781,101.15000915527344,123.02001190185548,0.002902757619738752,0.003965073269512293,2,2
102,103,LEU,L,other,0,0,normal,57.75,97.91000366210938,123.35000610351562,0.0043541364296081275,0.0035056627195094083,3,2
103,104,LEU,L,other,0,0,normal,60.90999984741211,95.56000518798828,123.35000610351562,0.0043541364296081275,0.010911918909100479,3,2
104,105,LEU,L,other,0,0,normal,62.400001525878906,97.16999816894533,126.45000457763672,0.0043541364296081275,0.006625351766605125,3,2
105,106,GLY,G,other,0,0,normal,58.83000183105469,96.54000091552734,127.93000030517578,0.005805515239477504,0.003268286432878581,4,2
106,107,PHE,F,other,0,0,normal,58.61000061035156,92.90000915527344,127.08000183105467,0.005805515239477504,0.020696162153488733,4,2
107,108,LEU,L,other,0,0,normal,62.220001220703125,92.5,128.27000427246094,0.005805515239477504,0.010571741074863826,4,2
108,109,TYR,Y,other,0,0,normal,61.12000274658203,94.01000213623048,131.61000061035156,0.005805515239477504,0.0022168757444008987,4,2
109,110,PHE,F,other,0,0,normal,58.0,91.64000701904295,132.12001037597656,0.0043541364296081275,0.027221996940695378,3,2
110,111,PHE,F,other,0,0,normal,60.380001068115234,88.77000427246094,130.99000549316406,0.005805515239477504,0.009760582323836269,4,2
111,112,VAL,V,other,0,0,normal,62.87000274658203,89.57000732421875,133.9199981689453,0.0043541364296081275,0.0017931482356912767,3,2
112,113,CYS,C,other,0,0,normal,59.69000244140625,90.02000427246094,136.12001037597656,0.005805515239477504,0.03701387967549806,4,2
113,114,SER,S,other,0,0,normal,58.6300048828125,86.43000793457031,135.47000122070312,0.00725689404934688,0.01732443407699162,5,2
114,115,LEU,L,other,0,0,normal,61.850006103515625,85.1300048828125,137.0900115966797,0.0043541364296081275,0.0027765648106714224,3,2
115,116,ASP,D,other,0,0,normal,61.1400032043457,86.7300033569336,140.47000122070312,0.0043541364296081275,0.029720579920679797,3,2
116,117,ILE,I,other,0,0,normal,57.53000259399414,85.19000244140625,140.40000915527344,0.002902757619738752,0.0006637475062675346,2,2
117,118,LEU,L,other,0,0,normal,58.8800048828125,81.83999633789062,139.08999633789062,0.0043541364296081275,0.0021475705489642128,3,2
118,119,SER,S,other,0,0,normal,61.3900032043457,81.31000518798828,141.9600067138672,0.005805515239477504,0.04286018685542059,4,2
119,120,SER,S,other,0,0,normal,58.94000244140625,82.96000671386719,144.61000061035156,0.005805515239477504,0.0010893820516900668,4,2
120,121,ALA,A,other,0,0,normal,56.43000030517578,80.26000213623047,143.37001037597656,0.008708272859216255,0.015334263478351548,6,2
121,122,PHE,F,other,0,0,normal,59.040000915527344,77.46000671386719,143.97000122070312,0.005805515239477504,0.002850254314405981,4,2
122,123,GLN,Q,other,0,0,normal,59.62000274658203,78.67000579833984,147.6300048828125,0.005805515239477504,0.0019871283781241417,4,2
123,124,LEU,L,other,0,0,normal,55.8800048828125,78.0,148.37001037597656,0.005805515239477504,0.00031147179638017916,4,2
124,125,VAL,V,other,0,0,normal,55.77000045776367,74.70000457763672,146.4600067138672,0.0043541364296081275,0.0004978039671900008,3,2
125,126,GLY,G,other,0,0,normal,58.92000198364258,73.38999938964844,148.25,0.002902757619738752,9.493030006413069e-06,2,2
126,127,GLY,G,other,0,0,normal,58.55000305175781,71.60000610351562,151.63999938964844,0.0,0.0,0,2
127,128,LYS,K,other,0,0,normal,59.42000579833984,73.57000732421875,154.9300079345703,0.001451378809869376,0.0,1,2
128,129,MET,M,other,0,0,normal,60.92000579833984,70.58000183105469,156.70001220703125,0.0,0.0,0,2
129,130,ALA,A,other,0,0,normal,62.83000564575195,69.61000061035156,153.5900115966797,0.001451378809869376,0.0,1,2
130,131,GLY,G,other,0,0,normal,65.91000366210938,71.99000549316406,154.0500030517578,0.001451378809869376,0.0,1,2
131,132,GLN,Q,other,0,0,normal,68.45000457763672,69.22000122070312,154.36001586914062,0.001451378809869376,0.0,1,2
132,133,PHE,F,other,0,0,normal,66.76000213623047,66.90000915527344,151.8000030517578,0.002902757619738752,4.219124447294697e-06,2,2
133,134,PHE,F,other,0,0,normal,67.04000854492188,69.69000244140625,149.260009765625,0.001451378809869376,0.0,1,2
134,135,SER,S,other,0,0,normal,70.72000122070312,70.36000061035156,150.010009765625,0.001451378809869376,0.0,1,2
135,136,ASN,N,other,0,0,normal,71.16000366210938,66.69000244140625,149.04000854492188,0.001451378809869376,0.0,1,2
136,137,SER,S,other,0,0,normal,71.1500015258789,65.60000610351562,145.33999633789062,0.001451378809869376,0.0,1,2
137,138,SER,S,other,0,0,normal,68.8800048828125,62.52000427246094,145.8000030517578,0.0,0.0,0,2
138,139,ILE,I,other,0,0,normal,67.86000061035156,61.20000457763672,142.16000366210938,0.0,0.0,0,2
139,140,MET,M,other,0,0,normal,70.02999877929688,63.8800048828125,140.54000854492188,0.001451378809869376,0.0,1,2
140,141,SER,S,other,0,0,normal,72.99000549316406,62.05000305175781,141.86001586914062,0.001451378809869376,0.0,1,2
141,142,ASN,N,other,0,0,normal,73.24000549316406,60.2300033569336,138.48001098632812,0.001451378809869376,0.0,1,2
142,143,PRO,P,other,0,0,normal,74.82000732421875,62.80000305175781,135.94000244140625,0.002902757619738752,8.438248894589395e-06,2,2
143,144,LEU,L,other,0,0,normal,73.74000549316406,60.76000213623047,132.91000366210938,0.002902757619738752,5.977092967000822e-06,2,2
144,145,LEU,L,other,0,0,normal,70.02999877929688,61.00000381469727,134.19000244140625,0.0043541364296081275,0.00039338312703824204,3,2
145,146,GLY,G,other,0,0,normal,70.67000579833984,64.67000579833984,134.8000030517578,0.008708272859216255,0.0022732441611335932,6,2
146,147,LEU,L,other,0,0,normal,71.81999969482422,65.06000518798828,131.17001342773438,0.008708272859216255,0.0007452480604082287,6,2
147,148,VAL,V,other,0,0,normal,68.7300033569336,63.29000473022461,129.95001220703125,0.005805515239477504,0.0047142587922535265,4,2
148,149,ILE,I,other,0,0,normal,66.16999816894531,65.1300048828125,132.16000366210938,0.002902757619738752,0.0016772124686780274,2,2
149,150,GLY,G,other,0,0,normal,67.86000061035156,68.52999877929688,130.8800048828125,0.008708272859216255,0.002476294547926843,6,2
150,151,VAL,V,other,0,0,normal,67.29000091552734,67.3800048828125,127.18000793457033,0.005805515239477504,0.02038998371819772,4,2
151,152,LEU,L,other,0,0,normal,63.69000244140625,66.5300064086914,127.86000061035156,0.0043541364296081275,0.0050208685931590604,3,2
152,153,VAL,V,other,0,0,normal,63.24000549316406,69.66000366210938,129.91000366210938,0.002902757619738752,0.001210888716373578,2,2
153,154,THR,T,other,0,0,normal,64.6300048828125,71.71000671386719,126.8800048828125,0.005805515239477504,0.028370357154911482,4,2
154,155,VAL,V,other,0,0,normal,62.37000274658203,69.83000183105469,124.34001159667967,0.002902757619738752,0.001210888716373578,2,2
155,156,LEU,L,other,0,0,normal,59.29000473022461,70.88999938964844,126.4600067138672,0.001451378809869376,0.0,1,2
156,157,VAL,V,other,0,0,normal,60.01000213623047,74.68000793457031,126.57000732421876,0.001451378809869376,0.0,1,2
157,158,GLN,Q,other,0,0,normal,61.80000305175781,74.79000854492188,123.12000274658205,0.001451378809869376,0.0,1,2
158,159,SER,S,other,0,0,normal,64.6300048828125,77.16000366210938,124.08000946044922,0.001451378809869376,0.0,1,2
159,160,SER,S,other,0,0,normal,68.06999969482422,77.24000549316406,125.77000427246094,0.002902757619738752,0.0035054595470348183,2,2
160,161,SER,S,other,0,0,normal,67.4800033569336,80.4000015258789,127.760009765625,0.0043541364296081275,0.05901691770071319,3,2
161,162,THR,T,other,0,0,normal,63.910003662109375,79.31000518798828,128.91000366210938,0.001451378809869376,0.0,1,2
162,163,SER,S,other,0,0,normal,65.44999694824219,75.80000305175781,129.90000915527344,0.00725689404934688,0.0463631664722336,5,2
163,164,THR,T,other,0,0,normal,68.31000518798828,77.41000366210938,131.9199981689453,0.0043541364296081275,0.024138514362814882,3,2
164,165,SER,S,other,0,0,normal,65.97000122070312,80.02999877929688,133.4600067138672,0.005805515239477504,0.0032718109036044196,4,2
165,166,ILE,I,other,0,0,normal,64.05999755859375,77.10000610351562,135.1400146484375,0.0043541364296081275,0.0312568360423542,3,2
166,167,VAL,V,other,0,0,normal,67.43000793457031,75.56000518798828,136.17001342773438,0.005805515239477504,0.014766620704465917,4,2
167,168,VAL,V,other,0,0,normal,68.80000305175781,78.75000762939453,137.75,0.0043541364296081275,0.0009457774592076734,3,2
168,169,SER,S,other,0,0,normal,65.30000305175781,79.45000457763672,139.55999755859375,0.00725689404934688,0.0446365751904009,5,2
169,170,MET,M,other,0,0,normal,65.4000015258789,76.0,141.07000732421875,0.005805515239477504,0.003637559561127151,4,2
170,171,VAL,V,other,0,0,normal,68.93000030517578,77.06000518798828,142.54000854492188,0.005805515239477504,0.002198035383940251,4,2
171,172,SER,S,other,0,0,normal,67.69000244140625,80.56999969482422,143.87001037597656,0.0043541364296081275,0.0017301296763291487,3,2
172,173,SER,S,other,0,0,normal,64.56999969482422,79.00000762939453,145.57000732421875,0.002902757619738752,0.002013786900167132,2,2
173,174,SER,S,other,0,0,normal,67.09000396728516,76.35000610351562,147.05999755859375,0.002902757619738752,1.2657373341884091e-05,2,2
174,175,LEU,L,other,0,0,normal,65.36000061035156,73.11000061035156,145.70001220703125,0.001451378809869376,0.0,1,2
175,176,LEU,L,other,0,0,normal,68.42000579833984,72.0,143.77000427246094,0.001451378809869376,0.0,1,2
176,177,THR,T,other,0,0,normal,72.20999908447266,72.13999938964844,144.3900146484375,0.001451378809869376,0.0,1,2
177,178,VAL,V,other,0,0,normal,74.77000427246094,74.05999755859375,142.2100067138672,0.001451378809869376,0.0,1,2
178,179,ARG,R,other,0,0,normal,76.52000427246094,70.56999969482422,141.77999877929688,0.001451378809869376,0.0,1,2
179,180,ALA,A,other,0,0,normal,73.24000549316406,68.62000274658203,140.82000732421875,0.001451378809869376,0.0,1,2
180,181,ALA,A,other,0,0,normal,72.33000183105469,71.49000549316406,138.510009765625,0.0043541364296081275,0.0024175583082998615,3,2
181,182,ILE,I,other,0,0,normal,75.5,71.16000366210938,136.41000366210938,0.002902757619738752,8.438248894589395e-06,2,2
182,183,PRO,P,other,0,0,normal,74.4800033569336,67.75,134.67001342773438,0.005805515239477504,6.861099994053044e-05,4,2
183,184,ILE,I,other,0,0,normal,71.18000793457031,69.45000457763672,133.67001342773438,0.010159651669085631,0.004336295560516709,7,2
184,185,ILE,I,other,0,0,normal,73.20000457763672,72.43000793457031,132.29000854492188,0.005805515239477504,0.000805049126681417,4,2
185,186,MET,M,other,0,0,normal,75.00000762939453,69.93000793457031,129.94000244140625,0.005805515239477504,0.00031525900602249676,4,2
186,187,GLY,G,other,0,0,normal,71.58000183105469,68.62000274658203,129.08999633789062,0.010159651669085631,0.011566880355274431,7,2
187,188,ALA,A,other,0,0,normal,70.24000549316406,72.01000213623047,128.3400115966797,0.00725689404934688,7.706933990391647e-05,5,2
188,189,ASN,N,other,0,0,normal,73.05000305175781,72.6500015258789,125.69000244140624,0.005805515239477504,0.0015042785940109482,4,2
189,190,ILE,I,other,0,0,normal,72.43000793457031,69.16000366210938,124.15000915527344,0.002902757619738752,1.4063748157648991e-06,2,2
190,191,GLY,G,other,0,0,normal,68.74000549316406,70.21000671386719,123.8600082397461,0.0043541364296081275,0.0011440859126247453,3,2
191,192,THR,T,other,0,0,normal,69.63999938964844,73.74000549316406,122.4600067138672,0.002902757619738752,0.0024777712414834146,2,2
192,193,SER,S,other,0,0,normal,69.38999938964844,72.97000122070312,118.65000915527344,0.0,0.0,0,2
193,194,ILE,I,other,0,0,normal,65.80000305175781,71.51000213623047,119.14000701904295,0.0,0.0,0,2
194,195,THR,T,other,0,0,normal,64.05000305175781,74.07000732421875,116.8600082397461,0.001451378809869376,0.0,1,2
195,196,ASN,N,other,0,0,normal,66.92000579833984,74.0300064086914,114.2800064086914,0.0043541364296081275,0.0164359854059266,3,2
196,197,THR,T,other,0,0,normal,66.22000122070312,71.1500015258789,112.04000854492188,0.001451378809869376,0.0,1,2
197,198,ILE,I,other,0,0,normal,62.470001220703125,71.45000457763672,112.3100128173828,0.002902757619738752,0.001210888716373578,2,2
198,199,VAL,V,other,0,0,normal,62.53000259399414,75.21000671386719,111.08000946044922,0.0043541364296081275,0.005986937590711176,3,2
199,200,ALA,A,other,0,0,normal,64.77999877929688,74.22000122070312,108.23001098632812,0.002902757619738752,4.219124447294697e-06,2,2
200,201,LEU,L,other,0,0,normal,62.37000274658203,71.44000244140625,107.1500015258789,0.0043541364296081275,0.003615789651331556,3,2
201,202,MET,M,other,0,0,normal,59.25,73.76000213623047,107.760009765625,0.001451378809869376,0.0,1,2
202,203,GLN,Q,other,0,0,normal,60.560001373291016,76.39000701904297,105.33000946044922,0.001451378809869376,0.0,1,2
203,204,VAL,V,other,0,0,normal,61.12000274658203,73.89000701904297,102.56000518798828,0.001451378809869376,0.0,1,2
204,205,GLY,G,other,0,0,normal,63.34000015258789,76.09000396728516,99.9800033569336,0.0,0.0,0,2
205,206,ASP,D,other,0,0,normal,64.8600082397461,74.55000305175781,96.87000274658205,0.001451378809869376,0.0,1,2
206,207,ARG,R,other,0,0,normal,66.51000213623047,71.21000671386719,97.66000366210938,0.001451378809869376,0.0,1,2
207,208,SER,S,other,0,0,normal,70.1500015258789,72.58000183105469,97.69000244140624,0.002902757619738752,6.863109100932712e-05,2,2
208,209,GLU,E,other,0,0,normal,69.18000030517578,75.35000610351562,100.1100082397461,0.002902757619738752,0.001210888716373578,2,2
209,210,PHE,F,other,0,0,normal,67.60000610351562,72.77000427246094,102.2800064086914,0.005805515239477504,0.0025502334492210088,4,2
210,211,ARG,R,other,0,0,normal,70.95000457763672,70.74000549316406,102.52999877929688,0.002902757619738752,4.430080669659432e-05,2,2
211,212,ARG,R,other,0,0,normal,72.83000183105469,74.04000091552734,103.52000427246094,0.0043541364296081275,0.0017136589457947013,3,2
212,213,ALA,A,other,0,0,normal,70.22000122070312,75.04000091552734,106.13999938964844,0.00725689404934688,0.015152472846047886,5,2
213,214,PHE,F,other,0,0,normal,70.32000732421875,71.5300064086914,107.49000549316406,0.0043541364296081275,0.0012118731787446129,3,2
214,215,ALA,A,other,0,0,normal,74.18000030517578,71.88999938964844,107.58000183105467,0.005805515239477504,0.02023376881390024,4,2
215,216,GLY,G,other,0,0,normal,73.4800033569336,75.07000732421875,109.44000244140624,0.002902757619738752,0.00012966775801352367,2,2
216,217,ALA,A,other,0,0,normal,71.33000183105469,73.11000061035156,112.01000213623048,0.0043541364296081275,0.010433115685215774,3,2
217,218,THR,T,other,0,0,normal,73.91999816894531,70.36000061035156,112.16000366210938,0.0043541364296081275,0.0198424397946452,3,2
218,219,VAL,V,other,0,0,normal,77.26000213623047,72.45000457763672,112.74000549316406,0.005805515239477504,0.013602094102306866,4,2
219,220,HSD,H,other,0,0,normal,75.5,73.94000244140625,115.86000061035156,0.002902757619738752,0.001210888716373578,2,2
220,221,ASP,D,other,0,0,normal,74.41000366210938,70.46000671386719,117.1300048828125,0.0043541364296081275,0.018886097038906778,3,2
221,222,PHE,F,other,0,0,normal,77.89000701904297,68.91000366210938,116.87000274658205,0.0043541364296081275,0.006417628296310315,3,2
222,223,PHE,F,other,0,0,normal,79.41000366210938,71.88999938964844,118.5,0.001451378809869376,0.0,1,2
223,224,ASN,N,other,0,0,normal,77.12000274658203,71.41000366210938,121.57000732421876,0.002902757619738752,0.006717814043958952,2,2
224,225,TRP,W,other,0,0,normal,77.79000091552734,67.62000274658203,121.34001159667967,0.0043541364296081275,0.016778936666469495,3,2
225,226,LEU,L,other,0,0,normal,81.66000366210938,67.83000183105469,121.39000701904295,0.002902757619738752,0.001210888716373578,2,2
226,227,SER,S,other,0,0,normal,81.7300033569336,70.5300064086914,124.10000610351562,0.0043541364296081275,0.019390937708513856,3,2
227,228,VAL,V,other,0,0,normal,79.84000396728516,67.97000122070312,126.30001068115234,0.0043541364296081275,0.011796671954635974,3,2
228,229,LEU,L,other,0,0,normal,81.74000549316406,64.8600082397461,124.94000244140624,0.001451378809869376,0.0,1,2
229,230,VAL,V,other,0,0,normal,85.16000366210938,66.16000366210938,126.2100067138672,0.0,0.0,0,2
230,231,LEU,L,other,0,0,normal,84.07000732421875,67.96000671386719,129.4300079345703,0.002902757619738752,0.00829901778782867,2,2
231,232,LEU,L,other,0,0,normal,81.51000213623047,65.49000549316406,130.72000122070312,0.002902757619738752,0.004792925372126776,2,2
232,233,PRO,P,other,0,0,normal,84.1500015258789,62.720001220703125,131.37001037597656,0.002902757619738752,0.001210888716373578,2,2
233,234,VAL,V,ECD,0,0,normal,86.21000671386719,65.4000015258789,133.3300018310547,0.0043541364296081275,0.007159854187059102,3,2
234,235,GLU,E,ECD,0,0,normal,83.1300048828125,66.35000610351562,135.48001098632812,0.0043541364296081275,0.003615789651331556,3,2
235,236,VAL,V,ECD,0,0,normal,82.47000885009766,62.6300048828125,136.12001037597656,0.001451378809869376,0.0,1,2
236,237,ALA,A,ECD,0,0,normal,86.20001220703125,61.75,136.82000732421875,0.001451378809869376,0.0,1,2
237,238,THR,T,ECD,0,0,normal,87.76000213623047,64.74000549316406,138.58999633789062,0.0,0.0,0,2
238,239,HSD,H,ECD,0,0,normal,85.37001037597656,67.80000305175781,138.29000854492188,0.001451378809869376,0.0,1,2
239,240,TYR,Y,ECD,0,0,normal,85.96000671386719,71.16000366210938,136.6800079345703,0.001451378809869376,0.0,1,2
240,241,LEU,L,ECD,0,0,normal,83.4000015258789,74.0300064086914,136.62001037597656,0.0,0.0,0,2
241,242,GLU,E,ECD,0,0,normal,82.92000579833984,74.56000518798828,140.40000915527344,0.001451378809869376,0.0,1,2
242,243,ILE,I,ECD,0,0,normal,86.75,75.16000366210938,141.0800018310547,0.001451378809869376,0.0,1,2
243,244,ILE,I,ECD,0,0,normal,87.4800033569336,78.18000030517578,138.760009765625,0.0,0.0,0,2
244,245,THR,T,ECD,0,0,normal,84.01000213623047,79.80000305175781,139.35000610351562,0.002902757619738752,1.2657373341884091e-05,2,2
245,246,GLN,Q,ECD,0,0,normal,84.38999938964844,79.72000885009766,143.27000427246094,0.001451378809869376,0.0,1,2
246,247,LEU,L,ECD,0,0,normal,87.20000457763672,82.260009765625,143.1300048828125,0.001451378809869376,0.0,1,2
247,248,ILE,I,ECD,0,0,normal,85.09001159667969,84.30000305175781,140.69000244140625,0.002902757619738752,1.687649778917879e-05,2,2
248,249,VAL,V,ECD,0,0,normal,82.07000732421875,84.6300048828125,143.0900115966797,0.001451378809869376,0.0,1,2
249,250,GLU,E,ECD,0,0,normal,84.21000671386719,84.96000671386719,146.260009765625,0.001451378809869376,0.0,1,2
250,251,SER,S,ECD,0,0,normal,86.18000030517578,87.94999694824219,144.6800079345703,0.002902757619738752,1.2657373341884091e-05,2,2
251,252,PHE,F,ECD,0,0,normal,82.9800033569336,90.0,143.8800048828125,0.0,0.0,0,2
252,253,HSD,H,ECD,0,0,normal,82.54000854492188,90.4000015258789,147.83001708984375,0.001451378809869376,0.0,1,2
253,254,PHE,F,ECD,0,0,normal,78.6300048828125,90.35000610351562,148.10000610351562,0.0,0.0,0,2
254,255,LYS,K,ECD,0,0,normal,77.29000854492188,91.4000015258789,151.510009765625,0.001451378809869376,0.0,1,2
255,256,ASN,N,ECD,0,0,normal,75.81000518798828,88.74000549316406,153.80001831054688,0.0,0.0,0,2
256,257,GLY,G,ECD,0,0,normal,72.02000427246094,87.7800064086914,153.35000610351562,0.002902757619738752,0.001210888716373578,2,2
257,258,GLU,E,ECD,0,0,normal,69.56999969482422,90.54000854492188,152.83999633789062,0.0,0.0,0,2
258,259,ASP,D,ECD,0,0,normal,72.2300033569336,93.20999908447266,153.02999877929688,0.0,0.0,0,2
259,260,ALA,A,ECD,0,0,normal,73.4000015258789,92.02999877929688,149.510009765625,0.002902757619738752,0.001210888716373578,2,2
260,261,PRO,P,ECD,0,0,normal,73.55000305175781,94.57000732421876,146.5600128173828,0.0,0.0,0,2
261,262,ASP,D,ECD,0,0,normal,70.07000732421875,95.33000183105467,145.16000366210938,0.0,0.0,0,2
262,263,LEU,L,ECD,0,0,normal,71.06000518798828,94.760009765625,141.4199981689453,0.0,0.0,0,2
263,264,LEU,L,ECD,0,0,normal,68.19000244140625,92.84000396728516,139.7200164794922,0.002902757619738752,0.026487858348161173,2,2
264,265,LYS,K,ECD,0,0,normal,65.77000427246094,92.29000091552734,142.54000854492188,0.002902757619738752,0.026235559679804232,2,2
265,266,VAL,V,ECD,0,0,normal,64.81000518798828,96.10000610351562,142.85000610351562,0.001451378809869376,0.0,1,2
266,267,ILE,I,ECD,0,0,normal,63.92000198364258,96.18000030517578,139.13999938964844,0.002902757619738752,0.026333860305834917,2,2
267,268,THR,T,ECD,0,0,normal,61.07000350952149,93.5600128173828,139.6400146484375,0.002902757619738752,0.026328667579429556,2,2
268,269,LYS,K,ECD,0,0,normal,59.76000213623047,95.30999755859376,142.760009765625,0.002902757619738752,1.687649778917879e-05,2,2
269,270,PRO,P,ECD,0,0,normal,56.7300033569336,97.41000366210938,141.7100067138672,0.0,0.0,0,2
270,271,PHE,F,ECD,0,0,normal,55.08000183105469,94.62001037597656,139.7200164794922,0.0,0.0,0,2
271,272,THR,T,ECD,0,0,normal,55.8800048828125,91.67000579833984,142.0,0.0043541364296081275,3.375299557835758e-05,3,2
272,273,LYS,K,ECD,0,0,normal,54.52999877929688,93.3800048828125,145.1400146484375,0.001451378809869376,0.0,1,2
273,274,LEU,L,ECD,0,0,normal,51.02000427246094,93.1300048828125,143.80999755859375,0.002902757619738752,1.687649778917879e-05,2,2
274,275,ILE,I,ECD,0,0,normal,51.400001525878906,89.35000610351562,143.30999755859375,0.001451378809869376,0.0,1,2
275,276,VAL,V,ECD,0,0,normal,52.880001068115234,87.7800064086914,146.40000915527344,0.001451378809869376,0.0,1,2
276,277,GLN,Q,ECD,0,0,normal,55.12000274658203,88.46000671386719,149.44000244140625,0.0,0.0,0,2
277,278,LEU,L,ECD,0,0,normal,56.900001525878906,85.70000457763672,151.40000915527344,0.002902757619738752,4.219124447294697e-06,2,2
278,279,ASP,D,ECD,0,0,normal,57.50000381469727,85.69000244140625,155.23001098632812,0.001451378809869376,0.0,1,2
279,280,LYS,K,ECD,0,0,normal,61.25000381469727,85.47000122070312,156.010009765625,0.001451378809869376,0.0,1,2
280,281,LYS,K,ECD,0,0,normal,60.54000473022461,84.49000549316406,159.5900115966797,0.002902757619738752,1.687649778917879e-05,2,2
281,282,VAL,V,ECD,0,0,normal,59.31999969482422,81.08000946044922,158.23001098632812,0.002902757619738752,6.328686670942046e-06,2,2
282,283,ILE,I,ECD,0,0,normal,62.4900016784668,80.83000183105469,155.90000915527344,0.005805515239477504,0.00010969723562966213,4,2
283,284,SER,S,ECD,0,0,normal,64.59000396728516,80.98999786376953,159.19000244140625,0.0043541364296081275,1.0547811118236744e-05,3,2
284,285,GLN,Q,ECD,0,0,normal,62.6300048828125,77.97000122070312,160.58999633789062,0.00725689404934688,0.00010758767340601479,5,2
285,286,ILE,I,ECD,0,0,normal,63.17000579833984,75.88999938964844,157.3000030517578,0.002902757619738752,3.7972120025652274e-05,2,2
286,287,ALA,A,ECD,0,0,normal,67.01000213623047,76.60000610351562,157.36001586914062,0.002902757619738752,6.328686670942046e-06,2,2
287,288,MET,M,ECD,0,0,normal,67.87000274658203,75.39000701904297,160.89999389648438,0.001451378809869376,0.0,1,2
288,289,ASN,N,ECD,0,0,normal,65.41000366210938,72.58000183105469,160.48001098632812,0.001451378809869376,0.0,1,2
289,290,ASP,D,ECD,0,0,normal,62.75,73.62000274658203,163.07000732421875,0.001451378809869376,0.0,1,2
290,291,GLU,E,ECD,0,0,normal,59.600006103515625,71.44000244140625,163.25,0.001451378809869376,0.0,1,2
291,292,LYS,K,ECD,0,0,normal,57.28000259399414,74.25,164.1400146484375,0.001451378809869376,0.0,1,2
292,293,ALA,A,ECD,0,0,normal,56.910003662109375,76.12000274658203,160.8800048828125,0.002902757619738752,4.219124447294697e-06,2,2
293,294,LYS,K,ECD,0,0,normal,54.280006408691406,73.35000610351562,160.10000610351562,0.002902757619738752,4.219124447294697e-06,2,2
294,295,ASN,N,ECD,1,0,normal,51.21000289916992,75.55000305175781,160.8300018310547,0.0,0.0,0,2
295,296,LYS,K,ECD,0,0,normal,52.87000274658203,78.91000366210938,159.45001220703125,0.001451378809869376,0.0,1,2
296,297,SER,S,ECD,0,0,normal,51.62000274658203,80.1100082397461,156.0500030517578,0.0,0.0,0,2
297,298,LEU,L,ECD,0,0,normal,54.59000015258789,81.37000274658203,154.02000427246094,0.001451378809869376,0.0,1,2
298,299,VAL,V,ECD,0,0,normal,52.55000305175781,84.10000610351562,152.29000854492188,0.001451378809869376,0.0,1,2
299,300,LYS,K,ECD,0,0,normal,52.7400016784668,87.21000671386719,154.3900146484375,0.001451378809869376,0.0,1,2
300,301,ILE,I,ECD,0,0,normal,49.280006408691406,88.8600082397461,154.6999969482422,0.0,0.0,0,2
301,302,TRP,W,ECD,0,0,normal,50.51000213623047,92.00000762939452,156.6300048828125,0.001451378809869376,0.0,1,2
302,303,CYS,C,ECD,0,0,normal,52.83000564575195,94.82000732421876,155.3100128173828,0.002902757619738752,8.438248894589395e-06,2,2
303,304,LYS,K,ECD,0,0,normal,54.060001373291016,95.58999633789062,158.73001098632812,0.0,0.0,0,2
304,305,THR,T,ECD,0,0,normal,52.97000503540039,94.44000244140624,162.22000122070312,0.001451378809869376,0.0,1,2
305,306,PHE,F,ECD,0,0,normal,53.85000228881836,96.29000854492188,165.510009765625,0.001451378809869376,0.0,1,2
306,307,THR,T,ECD,0,0,normal,54.2300033569336,95.0500030517578,169.21002197265625,0.001451378809869376,0.0,1,2
307,308,ASN,N,ECD,1,0,normal,52.37000274658203,96.75,172.1400146484375,0.0,0.0,0,2
308,309,LYS,K,ECD,0,0,normal,53.20000076293945,96.15000915527344,175.8000030517578,0.001451378809869376,0.0,1,2
309,310,THR,T,ECD,0,0,normal,51.61000061035156,96.760009765625,179.260009765625,0.001451378809869376,0.0,1,2
310,311,GLN,Q,epitope,0,0,normal,51.660003662109375,95.6300048828125,182.83001708984372,0.001451378809869376,0.0,1,2
311,312,ILE,I,epitope,0,0,normal,48.62000274658203,94.260009765625,184.5600128173828,0.001451378809869376,0.0,1,2
312,313,ASN,N,epitope,0,0,normal,47.75,93.04000854492188,188.0600128173828,0.001451378809869376,0.0,1,2
313,314,VAL,V,epitope,0,0,normal,46.79000473022461,89.260009765625,188.62001037597656,0.0,0.0,0,2
314,315,THR,T,epitope,0,0,normal,45.59000015258789,87.6300048828125,191.8800201416016,0.001451378809869376,0.0,1,2
315,316,VAL,V,epitope,0,0,normal,47.86000061035156,84.82000732421875,193.3700256347656,0.001451378809869376,0.0,1,2
316,317,PRO,P,epitope,0,0,normal,46.46000289916992,81.3800048828125,194.72000122070312,0.0,0.0,0,2
317,318,SER,S,epitope,0,0,normal,49.19000244140625,80.36000061035156,197.2400054931641,0.001451378809869376,0.0,1,2
318,319,THR,T,epitope,0,0,normal,52.12000274658203,82.7800064086914,198.0600128173828,0.002902757619738752,4.219124447294697e-06,2,2
319,320,ALA,A,epitope,0,0,normal,54.44000244140625,79.66000366210938,198.45001220703125,0.001451378809869376,0.0,1,2
320,321,ASN,N,epitope,0,0,normal,53.87000274658203,78.60000610351562,194.79000854492188,0.001451378809869376,0.0,1,2
321,322,CYS,C,epitope,0,0,normal,54.380001068115234,82.14000701904297,193.48001098632807,0.001451378809869376,0.0,1,2
322,323,THR,T,epitope,0,0,normal,57.70000457763672,82.58000183105469,191.510009765625,0.0,0.0,0,2
323,324,SER,S,epitope,0,0,normal,58.68000411987305,85.69000244140625,193.3700256347656,0.001451378809869376,0.0,1,2
324,325,PRO,P,epitope,0,0,normal,56.93000411987305,86.11000061035156,196.8500061035156,0.001451378809869376,0.0,1,2
325,326,SER,S,epitope,0,0,normal,58.6300048828125,89.52999877929688,197.20001220703125,0.001451378809869376,0.0,1,2
326,327,LEU,L,epitope,0,0,normal,56.62000274658203,90.77999877929688,194.1700134277344,0.0,0.0,0,2
327,328,CYS,C,epitope,0,0,normal,53.51000213623047,89.14000701904297,195.9200134277344,0.002902757619738752,4.219124447294697e-06,2,2
328,329,TRP,W,epitope,0,0,normal,51.53000259399414,91.57000732421876,198.0500030517578,0.001451378809869376,0.0,1,2
329,330,THR,T,epitope,0,0,normal,48.209999084472656,91.27999877929688,199.83001708984372,0.001451378809869376,0.0,1,2
330,331,ASP,D,epitope,0,0,normal,45.36000061035156,93.81000518798828,199.6200256347656,0.0,0.0,0,2
331,332,GLY,G,epitope,0,0,normal,41.79000473022461,93.5300064086914,200.8700256347656,0.0,0.0,0,2
332,333,ILE,I,epitope,0,0,normal,41.2400016784668,89.79000091552734,201.29000854492188,0.0,0.0,0,2
333,334,GLN,Q,epitope,0,0,normal,43.130001068115234,88.81999969482422,198.1199951171875,0.0,0.0,0,2
334,335,ASN,N,epitope,0,0,normal,46.95000076293945,88.41999816894531,197.05001831054688,0.001451378809869376,0.0,1,2
335,336,TRP,W,epitope,0,0,normal,48.2300033569336,90.32000732421876,194.07000732421875,0.0043541364296081275,1.2657373341884091e-05,3,2
336,337,THR,T,epitope,0,0,normal,51.32000350952149,90.35000610351562,191.8699951171875,0.001451378809869376,0.0,1,2
337,338,MET,M,epitope,0,0,normal,52.09999847412109,92.19001007080078,188.77999877929688,0.001451378809869376,0.0,1,2
338,339,LYS,K,epitope,0,0,normal,52.9900016784668,90.65000915527344,185.46002197265625,0.001451378809869376,0.0,1,2
339,340,ASN,N,epitope,0,0,normal,54.59000015258789,91.68000030517578,182.0600128173828,0.001451378809869376,0.0,1,2
340,341,VAL,V,epitope,0,0,normal,52.6300048828125,91.52000427246094,178.77999877929688,0.001451378809869376,0.0,1,2
341,342,THR,T,ECD,0,0,normal,53.51000213623047,92.20000457763672,175.08001708984375,0.001451378809869376,0.0,1,2
342,343,TYR,Y,ECD,0,0,normal,51.2300033569336,91.5500030517578,172.07000732421875,0.0,0.0,0,2
343,344,LYS,K,ECD,0,0,normal,51.32000350952149,92.06000518798828,168.2100067138672,0.001451378809869376,0.0,1,2
344,345,GLU,E,ECD,0,0,normal,49.06999969482422,94.88999938964844,166.92001342773438,0.001451378809869376,0.0,1,2
345,346,ASN,N,ECD,0,0,normal,48.209999084472656,94.7800064086914,163.19000244140625,0.001451378809869376,0.0,1,2
346,347,ILE,I,ECD,0,0,normal,48.68000030517578,97.84000396728516,161.0,0.0,0.0,0,2
347,348,ALA,A,ECD,0,0,normal,48.06999969482422,97.22000122070312,157.32000732421875,0.001451378809869376,0.0,1,2
348,349,LYS,K,ECD,0,0,normal,47.68000030517578,94.3000030517578,154.91000366210938,0.002902757619738752,8.438248894589395e-06,2,2
349,350,CYS,C,ECD,0,0,normal,49.650001525878906,93.43000793457033,151.77000427246094,0.0,0.0,0,2
350,351,GLN,Q,ECD,0,0,normal,48.04000473022461,94.93000030517578,148.69000244140625,0.0,0.0,0,2
351,352,HSD,H,ECD,0,0,normal,48.04000473022461,91.8600082397461,146.510009765625,0.001451378809869376,0.0,1,2
352,353,ILE,I,ECD,0,0,normal,45.67000579833984,89.42000579833984,144.77000427246094,0.0,0.0,0,2
353,354,PHE,F,ECD,0,0,normal,45.8800048828125,86.5300064086914,147.27000427246094,0.001451378809869376,0.0,1,2
354,355,VAL,V,ECD,0,0,normal,44.9900016784668,88.59000396728516,150.37001037597656,0.0,0.0,0,2
355,356,ASN,N,ECD,0,0,normal,41.290000915527344,88.13999938964844,150.6300048828125,0.0,0.0,0,2
356,357,PHE,F,ECD,0,0,normal,41.2400016784668,84.3800048828125,149.40000915527344,0.001451378809869376,0.0,1,2
357,358,HSD,H,ECD,0,0,normal,41.77999877929688,81.25,151.40000915527344,0.0,0.0,0,2
358,359,LEU,L,ECD,0,0,normal,44.31999969482422,78.77999877929688,149.79000854492188,0.0,0.0,0,2
359,360,PRO,P,ECD,0,0,normal,47.16999816894531,76.39000701904297,150.94000244140625,0.001451378809869376,0.0,1,2
360,361,ASP,D,ECD,0,0,normal,50.81000518798828,77.56000518798828,150.32000732421875,0.002902757619738752,0.0018294927246221674,2,2
361,362,LEU,L,other,0,0,normal,51.470001220703125,75.02000427246094,147.5800018310547,0.002902757619738752,0.0,2,2
362,363,ALA,A,other,0,0,normal,48.33000183105469,76.04000854492188,145.65000915527344,0.005805515239477504,0.00408844635204881,4,2
363,364,VAL,V,other,0,0,normal,49.380001068115234,79.74000549316406,145.79000854492188,0.002902757619738752,0.000933667887375654,2,2
364,365,GLY,G,other,0,0,normal,52.81999969482422,78.74000549316406,144.5500030517578,0.008708272859216255,0.007208011846257194,6,2
365,366,THR,T,other,0,0,normal,51.46000289916992,76.26000213623047,141.97000122070312,0.0043541364296081275,0.0005596030278926706,3,2
366,367,ILE,I,other,0,0,normal,49.20000076293945,78.94000244140625,140.33001708984375,0.002902757619738752,0.00039571947481118174,2,2
367,368,LEU,L,other,0,0,normal,52.22999954223633,81.35000610351562,140.07000732421875,0.0043541364296081275,0.0010140791119712372,3,2
368,369,LEU,L,other,0,0,normal,54.20000076293945,78.41000366210938,138.69000244140625,0.0043541364296081275,0.005622409781241303,3,2
369,370,ILE,I,other,0,0,normal,51.7400016784668,77.92000579833984,135.6699981689453,0.002902757619738752,0.0008102384062234875,2,2
370,371,LEU,L,other,0,0,normal,51.4900016784668,81.79000854492188,135.28001403808594,0.002902757619738752,0.00041544057992314634,2,2
371,372,SER,S,other,0,0,normal,55.30000305175781,82.49000549316406,135.57000732421875,0.005805515239477504,0.00988705623198997,4,2
372,373,LEU,L,other,0,0,normal,56.18000030517578,79.63999938964844,133.0500030517578,0.002902757619738752,0.0019151567802291802,2,2
373,374,LEU,L,other,0,0,normal,53.43000411987305,81.12999725341797,130.6199951171875,0.0043541364296081275,0.002761031735075305,3,2
374,375,VAL,V,other,0,0,normal,54.82000350952149,84.7300033569336,131.15000915527344,0.002902757619738752,0.004659503711765468,2,2
375,376,LEU,L,other,0,0,normal,58.45000457763672,83.57000732421875,130.61001586914062,0.0043541364296081275,0.005302463130505238,3,2
376,377,CYS,C,other,0,0,normal,57.7300033569336,81.71000671386719,127.25,0.002902757619738752,0.0013143130298624176,2,2
377,378,GLY,G,other,0,0,normal,54.96000289916992,84.19999694824219,126.29000854492188,0.0043541364296081275,0.0036984716399871653,3,2
378,379,CYS,C,other,0,0,normal,57.24000549316406,87.3800048828125,126.5500030517578,0.0043541364296081275,0.012001560726470932,3,2
379,380,LEU,L,other,0,0,normal,59.600006103515625,85.34000396728516,124.44000244140624,0.005805515239477504,0.0020684831706656234,4,2
380,381,ILE,I,other,0,0,normal,57.09000015258789,84.66999816894531,121.74000549316406,0.0043541364296081275,0.0019164117790748966,3,2
381,382,MET,M,other,0,0,normal,56.06000518798828,88.3499984741211,122.02000427246094,0.005805515239477504,0.010608537971388275,4,2
382,383,ILE,I,other,0,0,normal,59.70000457763672,89.40000915527344,121.29000854492188,0.005805515239477504,0.0012206208719789636,4,2
383,384,VAL,V,other,0,0,normal,59.95000457763672,86.80000305175781,118.4800033569336,0.005805515239477504,0.00523077676682796,4,2
384,385,LYS,K,other,0,0,normal,56.70000076293945,88.45000457763672,117.04000854492188,0.0043541364296081275,0.0038401961909290006,3,2
385,386,ILE,I,other,0,0,normal,58.12000274658203,92.06000518798828,117.24000549316406,0.0043541364296081275,0.001511148161456159,3,2
386,387,LEU,L,other,0,0,normal,61.400001525878906,91.0600128173828,115.35000610351562,0.0043541364296081275,0.002103938302467515,3,2
387,388,GLY,G,other,0,0,normal,60.1300048828125,88.47000122070312,112.75000762939452,0.002902757619738752,0.002413339183852567,2,2
388,389,SER,S,other,0,0,normal,58.32000350952149,91.04000091552734,110.58000183105467,0.0043541364296081275,0.0012179205904524028,3,2
389,390,VAL,V,other,0,0,normal,61.55000305175781,93.18000793457033,110.58000183105467,0.001451378809869376,0.0,1,2
390,391,LEU,L,other,0,0,normal,63.69000244140625,90.01000213623047,109.75,0.002902757619738752,0.001210888716373578,2,2
391,392,LYS,K,other,0,0,normal,62.00000381469727,89.47000122070312,106.4000015258789,0.001451378809869376,0.0,1,2
392,393,GLY,G,other,0,0,normal,63.209999084472656,92.99000549316406,105.07000732421876,0.001451378809869376,0.0,1,2
393,394,GLN,Q,other,0,0,normal,66.51000213623047,93.91999816894533,103.19000244140624,0.0,0.0,0,2
394,395,VAL,V,other,0,0,normal,68.35000610351562,92.3000030517578,106.08000946044922,0.001451378809869376,0.0,1,2
395,396,ALA,A,other,0,0,normal,70.04000091552734,89.38999938964844,104.29000854492188,0.002902757619738752,2.5314746683768183e-05,2,2
396,397,THR,T,other,0,0,normal,72.0,91.77000427246094,101.83999633789062,0.002902757619738752,0.0023795861882742095,2,2
397,398,VAL,V,other,0,0,normal,73.4000015258789,93.74000549316406,104.94000244140624,0.005805515239477504,0.003607351402436966,4,2
398,399,ILE,I,other,0,0,normal,74.6300048828125,90.54000854492188,106.55999755859376,0.0043541364296081275,0.0012151078408208728,3,2
399,400,LYS,K,other,0,0,normal,76.18000793457031,89.21000671386719,103.36000061035156,0.0043541364296081275,0.008311675161170554,3,2
400,401,LYS,K,other,0,0,normal,78.17000579833984,92.49000549316406,102.90000915527344,0.001451378809869376,0.0,1,2
401,402,THR,T,other,0,0,normal,79.14000701904297,92.70000457763672,106.65000915527344,0.001451378809869376,0.0,1,2
402,403,ILE,I,other,0,0,normal,80.1100082397461,89.25,107.77000427246094,0.0,0.0,0,2
403,404,ASN,N,other,0,0,normal,82.2800064086914,88.15000915527344,104.8000030517578,0.0,0.0,0,2
404,405,THR,T,other,0,0,normal,84.94000244140625,90.93000793457033,105.04000854492188,0.0,0.0,0,2
405,406,ASP,D,other,0,0,normal,87.72000122070312,91.2300033569336,107.66000366210938,0.001451378809869376,0.0,1,2
406,407,PHE,F,other,0,0,normal,90.22000122070312,93.69000244140624,108.98001098632812,0.001451378809869376,0.0,1,2
407,408,PRO,P,other,0,0,normal,93.68000030517578,93.61000061035156,107.04000854492188,0.0,0.0,0,2
408,409,PHE,F,other,0,0,normal,96.79000854492188,91.64000701904295,108.27999877929688,0.002902757619738752,0.001210888716373578,2,2
409,410,PRO,P,other,0,0,normal,97.82000732421876,91.2300033569336,111.17000579833984,0.0,0.0,0,2
410,411,PHE,F,other,0,0,normal,94.31999969482422,91.91000366210938,112.47000885009766,0.001451378809869376,0.0,1,2
411,412,ALA,A,other,0,0,normal,92.43000030517578,89.51000213623047,110.30999755859376,0.005805515239477504,0.004814020994363249,4,2
412,413,TRP,W,other,0,0,normal,91.64000701904295,87.32000732421875,113.26000213623048,0.0,0.0,0,2
413,414,LEU,L,other,0,0,normal,89.80000305175781,90.04000854492188,115.16999816894533,0.002902757619738752,0.005970061092921997,2,2
414,415,THR,T,other,0,0,normal,86.64000701904297,90.20000457763672,113.04000854492188,0.001451378809869376,0.0,1,2
415,416,GLY,G,other,0,0,normal,86.13999938964844,86.57000732421875,114.11000061035156,0.002902757619738752,9.141436302471846e-06,2,2
416,417,TYR,Y,other,0,0,normal,86.11000061035156,87.44000244140625,117.92000579833984,0.0043541364296081275,0.0071739581173543435,3,2
417,418,LEU,L,other,0,0,normal,84.19999694824219,90.65000915527344,117.14000701904295,0.005805515239477504,0.0017856576973882816,4,2
418,419,ALA,A,other,0,0,normal,81.50000762939453,88.58000946044922,115.260009765625,0.005805515239477504,0.0009560934455256532,4,2
419,420,ILE,I,other,0,0,normal,81.2300033569336,86.41000366210938,118.4600067138672,0.008708272859216255,0.00922202465534885,6,2
420,421,LEU,L,other,0,0,normal,80.65000915527344,89.66000366210938,120.44000244140624,0.005805515239477504,0.0029537362979052705,4,2
421,422,VAL,V,other,0,0,normal,78.16000366210938,90.91999816894533,117.82000732421876,0.0043541364296081275,0.0009019693638134878,3,2
422,423,GLY,G,other,0,0,normal,76.32000732421875,87.62000274658203,118.06000518798828,0.008708272859216255,0.009018332364822317,6,2
423,424,ALA,A,other,0,0,normal,76.29000091552734,87.93000030517578,121.81999969482422,0.008708272859216255,0.00515360379018115,6,2
424,425,GLY,G,other,0,0,normal,75.18000030517578,91.6300048828125,121.52000427246094,0.0043541364296081275,9.117327019915876e-05,3,2
425,426,MET,M,other,0,0,normal,72.26000213623047,90.82000732421876,119.29000854492188,0.0043541364296081275,0.00021923374270895108,3,2
426,427,THR,T,other,0,0,normal,71.21000671386719,87.66999816894531,121.07000732421876,0.008708272859216255,0.0029111099175368857,6,2
427,428,PHE,F,other,0,0,normal,70.46000671386719,89.87000274658203,124.0500030517578,0.00725689404934688,0.0022647937261917155,5,2
428,429,ILE,I,other,0,0,normal,67.82000732421875,91.55999755859376,121.8600082397461,0.002902757619738752,5.062949336753637e-06,2,2
429,430,VAL,V,other,0,0,normal,65.84000396728516,88.30001068115234,121.34001159667967,0.002902757619738752,2.8127496315297983e-06,2,2
430,431,GLN,Q,other,0,0,normal,66.95999908447266,86.44000244140625,124.53001403808594,0.001451378809869376,0.0,1,2
431,432,SER,S,other,0,0,normal,67.6500015258789,82.96000671386719,123.15000915527344,0.0043541364296081275,0.059993316856138255,3,2
432,433,SER,S,other,0,0,normal,70.30999755859375,81.0,121.17000579833984,0.0043541364296081275,0.03927276443860015,3,2
433,434,SER,S,other,0,0,normal,67.72000122070312,78.4800033569336,120.06000518798828,0.0043541364296081275,0.004946994204210265,3,2
434,435,VAL,V,other,0,0,normal,65.7300033569336,81.30000305175781,118.42001342773438,0.0043541364296081275,0.06159406050095721,3,2
435,436,PHE,F,other,0,0,normal,69.02000427246094,82.89000701904297,117.10000610351562,0.0043541364296081275,0.007211345851382363,3,2
436,437,THR,T,other,0,0,normal,70.2800064086914,79.62000274658203,115.37001037597656,0.0043541364296081275,0.0037343240797367123,3,2
437,438,SER,S,other,0,0,normal,66.69000244140625,78.97000122070312,114.0300064086914,0.00725689404934688,0.042691630233745524,5,2
438,439,ALA,A,other,0,0,normal,66.55999755859375,82.45001220703125,112.47000885009766,0.002902757619738752,0.0003682692910424371,2,2
439,440,LEU,L,other,0,0,normal,70.09000396728516,82.19001007080078,111.07000732421876,0.0043541364296081275,0.007942674335180144,3,2
440,441,THR,T,other,0,0,normal,69.59000396728516,78.69000244140625,109.68000793457033,0.005805515239477504,0.02318679608564699,4,2
441,442,PRO,P,other,0,0,normal,67.52999877929688,79.70999908447266,106.510009765625,0.002902757619738752,6.750599115671516e-05,2,2
442,443,LEU,L,other,0,0,normal,70.24000549316406,82.45001220703125,105.83000183105467,0.00725689404934688,0.014413343260403859,5,2
443,444,ILE,I,other,0,0,normal,72.7300033569336,79.49000549316406,105.87001037597656,0.005805515239477504,0.004491257974145206,4,2
444,445,GLY,G,other,0,0,normal,70.3800048828125,77.7300033569336,103.42001342773438,0.00725689404934688,0.005107103187914298,5,2
445,446,ILE,I,other,0,0,normal,69.8499984741211,80.66000366210938,101.13999938964844,0.001451378809869376,0.0,1,2
446,447,GLY,G,other,0,0,normal,73.55000305175781,81.41999816894531,101.0300064086914,0.002902757619738752,0.001210888716373578,2,2
447,448,VAL,V,other,0,0,normal,73.62000274658203,84.83000946044922,102.87001037597656,0.002902757619738752,0.009450838761940122,2,2
448,449,ILE,I,other,0,0,normal,76.86000061035156,83.54000091552734,104.37000274658205,0.001451378809869376,0.0,1,2
449,450,THR,T,other,0,0,normal,78.67000579833984,80.25000762939453,104.07000732421876,0.001451378809869376,0.0,1,2
450,451,ILE,I,other,0,0,normal,78.81000518798828,77.68000793457031,106.83000183105467,0.001451378809869376,0.0,1,2
451,452,GLU,E,other,0,0,normal,82.29000091552734,78.80000305175781,108.17000579833984,0.001451378809869376,0.0,1,2
452,453,ARG,R,other,0,0,normal,81.15000915527344,82.40000915527344,108.19000244140624,0.002902757619738752,0.001210888716373578,2,2
453,454,ALA,A,other,0,0,normal,77.8800048828125,81.66000366210938,110.08000183105467,0.002902757619738752,0.001210888716373578,2,2
454,455,TYR,Y,other,0,0,normal,79.92000579833984,79.77000427246094,112.97000885009766,0.005805515239477504,0.0036221183380024976,4,2
455,456,PRO,P,other,0,0,normal,81.04000091552734,82.87001037597656,115.0500030517578,0.0043541364296081275,0.0012346212913896108,3,2
456,457,LEU,L,other,0,0,normal,77.4800033569336,84.2800064086914,115.0500030517578,0.00725689404934688,0.0030134224032422278,5,2
457,458,THR,T,other,0,0,normal,76.44000244140625,80.80000305175781,116.1100082397461,0.005805515239477504,0.0063327256576645756,4,2
458,459,LEU,L,other,0,0,normal,79.07000732421875,80.60000610351562,118.8800048828125,0.001451378809869376,0.0,1,2
459,460,GLY,G,other,0,0,normal,78.37000274658203,84.17000579833984,120.27000427246094,0.008708272859216255,0.006957568101221722,6,2
460,461,SER,S,other,0,0,normal,74.67000579833984,83.57000732421875,120.67000579833984,0.010159651669085631,0.04135617586360035,7,2
461,462,ASN,N,other,0,0,normal,75.26000213623047,80.77999877929688,123.4600067138672,0.002902757619738752,0.0002873692540212943,2,2
462,463,ILE,I,other,0,0,normal,77.18000793457031,83.6300048828125,125.3000030517578,0.0043541364296081275,0.013396497756334634,3,2
463,464,GLY,G,other,0,0,normal,74.07000732421875,85.87001037597656,124.77000427246094,0.010159651669085631,0.022900146660433548,7,2
464,465,THR,T,other,0,0,normal,71.8800048828125,83.02000427246094,126.09000396728516,0.0043541364296081275,0.00021177368789985316,3,2
465,466,THR,T,other,0,0,normal,74.1300048828125,82.63999938964844,129.1300048828125,0.00725689404934688,0.03313924914962643,5,2
466,467,THR,T,other,0,0,normal,73.86000061035156,86.3800048828125,129.7200164794922,0.005805515239477504,0.01065080657371711,4,2
467,468,THR,T,other,0,0,normal,70.06000518798828,85.58000183105469,130.29000854492188,0.005805515239477504,0.0016583634621759353,4,2
468,469,ALA,A,other,0,0,normal,71.04000854492188,83.22999572753906,132.99000549316406,0.00725689404934688,0.018466729644232727,5,2
469,470,ILE,I,other,0,0,normal,72.8800048828125,86.09000396728516,134.77000427246094,0.00725689404934688,0.010445792988732364,5,2
470,471,LEU,L,other,0,0,normal,69.47000122070312,87.91000366210938,134.87001037597656,0.005805515239477504,0.0016025793751283117,4,2
471,472,ALA,A,other,0,0,normal,68.06000518798828,84.92000579833984,136.63999938964844,0.0043541364296081275,0.01726002158759043,3,2
472,473,ALA,A,other,0,0,normal,71.09000396728516,84.69001007080078,138.8400115966797,0.008708272859216255,0.014400282454994803,6,2
473,474,LEU,L,other,0,0,normal,71.16999816894531,88.26000213623047,140.19000244140625,0.002902757619738752,7.363711565115692e-05,2,2
474,475,ALA,A,other,0,0,normal,67.41999816894531,88.66000366210938,140.5600128173828,0.0043541364296081275,0.026779706236268404,3,2
475,476,SER,S,other,0,0,normal,67.80999755859375,85.9800033569336,143.3000030517578,0.002902757619738752,0.00020982153359292457,2,2
476,477,PRO,P,other,0,0,normal,66.80000305175781,86.54000091552734,146.95001220703125,0.0,0.0,0,2
477,478,GLY,G,other,0,0,normal,70.04000091552734,87.80000305175781,148.69000244140625,0.0043541364296081275,0.004809801869915955,3,2
478,479,ASN,N,other,0,0,normal,70.74000549316406,84.75,150.83001708984375,0.001451378809869376,0.0,1,2
479,480,ALA,A,other,0,0,normal,71.13999938964844,82.62000274658203,147.78001403808594,0.001451378809869376,0.0,1,2
480,481,LEU,L,other,0,0,normal,72.62000274658203,85.32000732421875,145.45001220703125,0.002902757619738752,0.005970061092921997,2,2
481,482,ARG,R,other,0,0,normal,76.12000274658203,83.77999877929688,145.5800018310547,0.001451378809869376,0.0,1,2
482,483,SER,S,other,0,0,normal,74.92000579833984,80.20999908447266,144.66000366210938,0.002902757619738752,6.216476166095376e-05,2,2
483,484,SER,S,other,0,0,normal,72.68000030517578,81.66000366210938,141.97000122070312,0.0043541364296081275,0.008271167000324521,3,2
484,485,LEU,L,other,0,0,normal,75.61000061035156,83.57000732421875,140.5600128173828,0.005805515239477504,0.0028716255358589363,4,2
485,486,GLN,Q,other,0,0,normal,77.97000122070312,80.5,140.6699981689453,0.005805515239477504,0.003254113369327303,4,2
486,487,ILE,I,other,0,0,normal,75.5,78.4000015258789,138.6300048828125,0.002902757619738752,7.604652185608746e-05,2,2
487,488,ALA,A,other,0,0,normal,75.10000610351562,81.08000946044922,135.98001098632812,0.00725689404934688,0.0067471416178044525,5,2
488,489,LEU,L,other,0,0,normal,78.82000732421875,81.66000366210938,135.79000854492188,0.005805515239477504,0.003587385528502145,4,2
489,490,CYS,C,other,0,0,normal,79.2300033569336,77.84000396728516,135.48001098632812,0.0043541364296081275,0.0017985785408659806,3,2
490,491,HSD,H,other,0,0,normal,76.70000457763672,77.71000671386719,132.55001831054688,0.0043541364296081275,0.004597895950007397,3,2
491,492,PHE,F,other,0,0,normal,78.69000244140625,80.55000305175781,131.0500030517578,0.005805515239477504,0.026704677511806406,4,2
492,493,PHE,F,other,0,0,normal,82.11000061035156,78.85000610351562,131.98001098632812,0.002902757619738752,0.0006546830367796039,2,2
493,494,PHE,F,other,0,0,normal,81.20001220703125,75.56000518798828,130.23001098632812,0.002902757619738752,0.0038385575059182047,2,2
494,495,ASN,N,other,0,0,normal,80.10000610351562,77.3800048828125,126.88999938964844,0.0043541364296081275,0.02228363599223754,3,2
495,496,ILE,I,other,0,0,normal,83.26000213623047,79.56999969482422,127.08000183105467,0.0043541364296081275,0.0019939924599314683,3,2
496,497,SER,S,other,0,0,normal,85.2800064086914,76.36000061035156,127.3000030517578,0.005805515239477504,0.008753110895922886,4,2
497,498,GLY,G,other,0,0,normal,83.60000610351562,74.8499984741211,124.14000701904295,0.00725689404934688,0.019167435032711722,5,2
498,499,ILE,I,other,0,0,normal,84.18000030517578,78.06000518798828,122.2800064086914,0.005805515239477504,0.008216767285164621,4,2
499,500,LEU,L,other,0,0,normal,87.74000549316406,78.0300064086914,123.34000396728516,0.002902757619738752,0.00033119583943435677,2,2
500,501,LEU,L,other,0,0,normal,88.26000213623047,74.33000183105469,122.52999877929688,0.001451378809869376,0.0,1,2
501,502,TRP,W,other,0,0,normal,86.47000122070312,74.35000610351562,119.16000366210938,0.0043541364296081275,0.005416751738330295,3,2
502,503,TYR,Y,other,0,0,normal,87.06000518798828,77.76000213623047,117.69001007080078,0.002902757619738752,0.0005759104870557262,2,2
503,504,PRO,P,other,0,0,normal,90.54000854492188,79.43000030517578,117.24000549316406,0.0,0.0,0,2
504,505,ILE,I,other,0,0,normal,92.47000885009766,77.22000885009766,114.8100128173828,0.001451378809869376,0.0,1,2
505,506,PRO,P,other,0,0,normal,90.86000061035156,75.95999908447266,111.52000427246094,0.0,0.0,0,2
506,507,PHE,F,other,0,0,normal,92.2100067138672,72.58000183105469,112.87001037597656,0.001451378809869376,0.0,1,2
507,508,THR,T,other,0,0,normal,89.73999786376953,72.4800033569336,115.87001037597656,0.002902757619738752,0.003745275269793712,2,2
508,509,ARG,R,other,0,0,normal,86.69999694824219,73.49000549316406,113.8000030517578,0.002902757619738752,2.3205184460120835e-05,2,2
509,510,LEU,L,other,0,0,normal,85.66000366210938,69.77999877929688,113.58000946044922,0.002902757619738752,0.0027488587128242817,2,2
510,511,PRO,P,other,0,0,normal,81.75,70.56000518798828,113.8800048828125,0.0043541364296081275,0.005829181030566507,3,2
511,512,ILE,I,other,0,0,normal,81.87000274658203,72.05000305175781,110.39000701904295,0.001451378809869376,0.0,1,2
512,513,ARG,R,other,0,0,normal,83.57000732421875,68.87000274658203,108.95000457763672,0.002902757619738752,0.001988210848183437,2,2
513,514,MET,M,other,0,0,normal,81.15000915527344,66.58000183105469,110.81000518798828,0.002902757619738752,0.004719551300927996,2,2
514,515,ALA,A,other,0,0,normal,78.09000396728516,68.47000122070312,109.3600082397461,0.0043541364296081275,0.005476566977955733,3,2
515,516,LYS,K,other,0,0,normal,79.67000579833984,68.44000244140625,105.8499984741211,0.002902757619738752,0.0016787838017428556,2,2
516,517,GLY,G,other,0,0,normal,80.35000610351562,64.69000244140625,106.18000030517578,0.0043541364296081275,0.003873515600832916,3,2
517,518,LEU,L,other,0,0,normal,76.81000518798828,64.11000061035156,107.56000518798828,0.0043541364296081275,0.003265745767573319,3,2
518,519,GLY,G,other,0,0,normal,75.46000671386719,65.95999908447266,104.4100112915039,0.0043541364296081275,0.0035481578247900485,3,2
519,520,ASN,N,other,0,0,normal,77.42000579833984,63.93000030517578,101.92000579833984,0.0043541364296081275,0.0013712154453707766,3,2
520,521,ILE,I,other,0,0,normal,76.27000427246094,60.74000549316406,103.70001220703124,0.001451378809869376,0.0,1,2
521,522,SER,S,other,0,0,normal,72.56000518798828,61.80000305175781,103.58000946044922,0.002902757619738752,0.001210888716373578,2,2
522,523,ALA,A,other,0,0,normal,72.76000213623047,63.7400016784668,100.29000091552734,0.001451378809869376,0.0,1,2
523,524,LYS,K,other,0,0,normal,70.3800048828125,61.5,98.4600067138672,0.0,0.0,0,2
524,525,TYR,Y,other,0,0,normal,67.76000213623047,61.660003662109375,101.13999938964844,0.001451378809869376,0.0,1,2
525,526,ARG,R,other,0,0,normal,65.09000396728516,64.24000549316406,102.14000701904295,0.0,0.0,0,2
526,527,TRP,W,other,0,0,normal,63.660003662109375,62.15999984741211,104.95001220703124,0.0,0.0,0,2
527,528,PHE,F,other,0,0,normal,66.94000244140625,62.25000381469727,106.7800064086914,0.001451378809869376,0.0,1,2
528,529,ALA,A,other,0,0,normal,66.3800048828125,65.5300064086914,108.69000244140624,0.002902757619738752,0.0003544064535727546,2,2
529,530,VAL,V,other,0,0,normal,63.01000213623047,64.25,110.36000061035156,0.001451378809869376,0.0,1,2
530,531,PHE,F,other,0,0,normal,64.84000396728516,60.7300033569336,110.85000610351562,0.0043541364296081275,0.0002869004624160394,3,2
531,532,TYR,Y,other,0,0,normal,67.80000305175781,62.57000350952149,112.58000183105467,0.002902757619738752,0.00042191244472946976,2,2
532,533,LEU,L,other,0,0,normal,65.58000183105469,64.31000518798828,115.19001007080078,0.001451378809869376,0.0,1,2
533,534,ILE,I,other,0,0,normal,63.970001220703125,61.01000213623047,116.4000015258789,0.002902757619738752,0.00010125898673507273,2,2
534,535,ILE,I,other,0,0,normal,67.41000366210938,59.34000396728516,116.64000701904295,0.002902757619738752,0.0004809801869915955,2,2
535,536,PHE,F,other,0,0,normal,69.33000183105469,62.100006103515625,118.4000015258789,0.001451378809869376,0.0,1,2
536,537,PHE,F,other,0,0,normal,66.80000305175781,64.19000244140625,120.32000732421876,0.0,0.0,0,2
537,538,PHE,F,other,0,0,normal,64.56000518798828,61.2300033569336,121.4600067138672,0.001451378809869376,0.0,1,2
538,539,LEU,L,other,0,0,normal,65.67000579833984,57.53000259399414,120.89000701904295,0.002902757619738752,0.0005316096803591318,2,2
539,540,ILE,I,other,0,0,normal,69.2300033569336,58.12000274658203,122.3000030517578,0.0043541364296081275,0.0001765703581192831,3,2
540,541,PRO,P,other,0,0,normal,68.12000274658203,60.02000427246094,125.44000244140624,0.002902757619738752,3.980040728614665e-05,2,2
541,542,LEU,L,other,0,0,normal,65.09000396728516,57.85000228881836,126.17000579833984,0.0043541364296081275,0.0005899742352133751,3,2
542,543,THR,T,other,0,0,normal,67.68000030517578,54.910003662109375,125.79000854492188,0.005805515239477504,0.0002378179813458445,4,2
543,544,VAL,V,other,0,0,normal,70.07000732421875,56.42000198364258,128.35000610351562,0.0043541364296081275,7.594424005130455e-05,3,2
544,545,PHE,F,other,0,0,normal,66.99000549316406,57.20000457763672,130.5900115966797,0.0043541364296081275,0.0004921608667769264,3,2
545,546,GLY,G,other,0,0,normal,65.8800048828125,53.57000350952149,130.42001342773438,0.005805515239477504,0.00017150740878252944,4,2
546,547,LEU,L,other,0,0,normal,69.5300064086914,52.290000915527344,130.92001342773438,0.005805515239477504,0.00030096421057368845,4,2
547,548,SER,S,other,0,0,normal,69.70999908447266,54.59999847412109,133.97000122070312,0.005805515239477504,0.0004569311776420158,4,2
548,549,LEU,L,other,0,0,normal,66.80000305175781,52.61000061035156,135.41000366210938,0.0043541364296081275,0.00010758767340601479,3,2
549,550,ALA,A,other,0,0,normal,68.52000427246094,49.280006408691406,134.55999755859375,0.002902757619738752,0.00018564147568096668,2,2
550,551,GLY,G,other,0,0,normal,71.35000610351562,50.79000473022461,136.63999938964844,0.0043541364296081275,0.00020708869162138142,3,2
551,552,TRP,W,other,0,0,normal,74.41000366210938,53.06999969482422,136.35000610351562,0.001451378809869376,0.0,1,2
552,553,ARG,R,other,0,0,normal,76.7300033569336,49.900001525878906,136.02000427246094,0.001451378809869376,0.0,1,2
553,554,VAL,V,other,0,0,normal,74.54000854492188,48.75,133.1199951171875,0.002902757619738752,0.00010125898673507273,2,2
554,555,LEU,L,other,0,0,normal,74.82000732421875,52.150001525878906,131.4300079345703,0.0043541364296081275,0.00019829884902285077,3,2
555,556,VAL,V,other,0,0,normal,78.6500015258789,52.410003662109375,131.97000122070312,0.002902757619738752,9.282073784048334e-05,2,2
556,557,GLY,G,other,0,0,normal,78.72000122070312,48.910003662109375,130.25,0.001451378809869376,0.0,1,2
557,558,VAL,V,other,0,0,normal,77.29000854492188,50.40000534057617,127.04000854492188,0.001451378809869376,0.0,1,2
558,559,GLY,G,other,0,0,normal,78.97000122070312,53.790000915527344,127.50000762939452,0.002902757619738752,0.0001772032267863773,2,2
559,560,VAL,V,other,0,0,normal,82.55000305175781,52.55000305175781,127.42000579833984,0.001451378809869376,0.0,1,2
560,561,PRO,P,other,0,0,normal,82.6100082397461,50.900001525878906,123.8800048828125,0.001451378809869376,0.0,1,2
561,562,VAL,V,other,0,0,normal,80.6300048828125,53.93000030517578,122.51000213623048,0.002902757619738752,0.00025314746683768185,2,2
562,563,VAL,V,other,0,0,normal,82.97000122070312,56.52000427246094,123.82000732421876,0.002902757619738752,9.282073784048334e-05,2,2
563,564,PHE,F,other,0,0,normal,85.98999786376953,54.38999938964844,122.9600067138672,0.0043541364296081275,0.00045144631586053265,3,2
564,565,ILE,I,other,0,0,normal,84.86000061035156,54.0,119.31999969482422,0.002902757619738752,0.000320653457994397,2,2
565,566,ILE,I,other,0,0,normal,83.63999938964844,57.61000061035156,118.99000549316406,0.005805515239477504,0.0006877172849090357,4,2
566,567,ILE,I,other,0,0,normal,86.80000305175781,59.29000473022461,120.3800048828125,0.002902757619738752,0.000320653457994397,2,2
567,568,LEU,L,other,0,0,normal,88.8600082397461,57.02000045776367,118.25000762939452,0.0043541364296081275,0.0004936375603334796,3,2
568,569,VAL,V,other,0,0,normal,86.62001037597656,57.61000061035156,115.20000457763672,0.002902757619738752,0.0002552570290613292,2,2
569,570,LEU,L,other,0,0,normal,86.93000793457031,61.43000030517578,115.60000610351562,0.002902757619738752,0.00025314746683768185,2,2
570,571,CYS,C,other,0,0,normal,90.68000793457033,61.150001525878906,116.07000732421876,0.002902757619738752,0.00015399804232625646,2,2
571,572,LEU,L,other,0,0,normal,90.91999816894533,59.11000061035156,112.80999755859376,0.002902757619738752,0.00020462753569379282,2,2
572,573,ARG,R,other,0,0,normal,88.68000030517578,61.65000534057617,111.12000274658205,0.002902757619738752,0.0001772032267863773,2,2
573,574,LEU,L,other,0,0,normal,91.10000610351562,64.34000396728516,112.41000366210938,0.002902757619738752,0.00010336854895872009,2,2
574,575,LEU,L,other,0,0,normal,94.0500030517578,62.21000289916992,111.22000885009766,0.005805515239477504,0.00021939447125932427,4,2
575,576,GLN,Q,other,0,0,normal,92.41000366210938,61.76000213623047,107.74000549316406,0.002902757619738752,9.282073784048334e-05,2,2
576,577,SER,S,other,0,0,normal,91.88999938964844,65.58000183105469,107.80999755859376,0.002902757619738752,7.172511560400985e-05,2,2
577,578,ARG,R,other,0,0,normal,95.66000366210938,66.1300048828125,108.20999908447266,0.001451378809869376,0.0,1,2
578,579,CYS,C,other,0,0,normal,97.51000213623048,63.13999938964844,106.61000061035156,0.001451378809869376,0.0,1,2
579,580,PRO,P,other,0,0,normal,95.5300064086914,60.68000411987305,104.3800048828125,0.001451378809869376,0.0,1,2
580,581,ARG,R,other,0,0,normal,98.99000549316406,58.9900016784668,103.5,0.0,0.0,0,2
581,582,VAL,V,other,0,0,normal,100.16000366210938,58.2300033569336,107.05001068115234,0.0,0.0,0,2
582,583,LEU,L,other,0,0,normal,97.33000946044922,55.86000442504883,108.0300064086914,0.0,0.0,0,2
583,584,PRO,P,other,0,0,normal,97.5,51.99000549316406,107.1500015258789,0.001451378809869376,0.0,1,2
584,585,LYS,K,other,0,0,normal,96.12000274658205,51.630001068115234,103.510009765625,0.001451378809869376,0.0,1,2
585,586,LYS,K,other,0,0,normal,93.0,49.910003662109375,104.74000549316406,0.0,0.0,0,2
586,587,LEU,L,other,0,0,normal,92.51000213623048,52.78000259399414,107.14000701904295,0.002902757619738752,1.2657373341884091e-05,2,2
587,588,GLN,Q,other,0,0,normal,93.13999938964844,55.1400032043457,104.31000518798828,0.001451378809869376,0.0,1,2
588,589,ASN,N,other,0,0,normal,89.94000244140625,53.47999954223633,103.13999938964844,0.002902757619738752,1.687649778917879e-05,2,2
589,590,TRP,W,other,0,0,normal,86.8600082397461,53.790000915527344,105.37001037597656,0.001451378809869376,0.0,1,2
590,591,ASN,N,other,0,0,normal,85.66000366210938,50.12000274658203,105.2800064086914,0.002902757619738752,1.2657373341884091e-05,2,2
591,592,PHE,F,other,0,0,normal,86.93000793457031,48.86000061035156,108.5300064086914,0.001451378809869376,0.0,1,2
592,593,LEU,L,other,0,0,normal,83.75,49.9900016784668,110.3800048828125,0.001451378809869376,0.0,1,2
593,594,PRO,P,other,0,0,normal,80.56999969482422,47.75,110.36000061035156,0.0,0.0,0,2
594,595,LEU,L,other,0,0,normal,77.99000549316406,48.87000274658203,107.52999877929688,0.0,0.0,0,2
595,596,TRP,W,other,0,0,normal,75.26000213623047,50.44000244140625,109.72000122070312,0.0,0.0,0,2
596,597,MET,M,other,0,0,normal,77.97000122070312,52.59000396728516,111.37000274658205,0.0,0.0,0,2
597,598,ARG,R,other,0,0,normal,78.9000015258789,54.37000274658203,108.10000610351562,0.0,0.0,0,2
598,599,SER,S,other,0,0,normal,75.91000366210938,53.95000457763672,105.82000732421876,0.0,0.0,0,2
599,600,LEU,L,other,0,0,normal,72.22000122070312,54.44000244140625,105.6300048828125,0.0,0.0,0,2
600,601,LYS,K,other,0,0,normal,71.27000427246094,51.43000030517578,103.510009765625,0.001451378809869376,0.0,1,2
601,602,PRO,P,other,0,0,normal,69.2800064086914,49.4800033569336,106.1300048828125,0.0,0.0,0,2
602,603,TRP,W,other,0,0,normal,66.93000030517578,52.470001220703125,106.760009765625,0.002902757619738752,0.0003417490802308705,2,2
603,604,ASP,D,other,0,0,normal,66.88999938964844,53.47999954223633,103.02000427246094,0.002902757619738752,0.00012235460897154623,2,2
604,605,ALA,A,other,0,0,normal,64.9800033569336,50.290000915527344,102.41000366210938,0.002902757619738752,0.00023627096904850305,2,2
605,606,VAL,V,other,0,0,normal,62.25000381469727,51.06000518798828,105.02999877929688,0.002902757619738752,0.00043878894251864854,2,2
606,607,VAL,V,other,0,0,normal,61.52000427246094,54.59000015258789,104.01000213623048,0.002902757619738752,0.00023627096904850305,2,2
607,608,SER,S,other,0,0,normal,61.53000259399414,53.62000274658203,100.29000091552734,0.002902757619738752,0.00012235460897154623,2,2
608,609,LYS,K,other,0,0,normal,59.06999969482422,50.86000442504883,101.02000427246094,0.002902757619738752,0.0005273905559118372,2,2
609,610,PHE,F,other,0,0,normal,57.01000213623047,52.95000076293945,103.37001037597656,0.002902757619738752,0.0003417490802308705,2,2
610,611,THR,T,other,0,0,normal,56.7400016784668,55.77999877929688,100.69000244140624,0.001451378809869376,0.0,1,2
611,612,GLY,G,other,0,0,normal,56.43000030517578,52.78000259399414,98.15000915527344,0.005805515239477504,0.0009471934384176595,4,2
612,613,CYS,C,other,0,0,normal,53.27999877929688,51.84000015258789,100.1300048828125,0.002902757619738752,2.1095622236473487e-06,2,2
613,614,PHE,F,other,0,0,normal,51.7400016784668,55.40000534057617,99.82000732421876,0.0043541364296081275,0.00023338790067618502,3,2
614,615,GLN,Q,other,0,0,normal,52.4900016784668,55.2400016784668,96.04000091552734,0.005805515239477504,0.0006275118214818489,4,2
615,616,MET,M,other,0,0,normal,50.7300033569336,51.83000183105469,95.91999816894533,0.005805515239477504,0.00010981031228609453,4,2
616,617,ARG,R,other,0,0,normal,47.83000183105469,53.400001525878906,97.92000579833984,0.005805515239477504,0.000319280053137683,4,2
617,618,CYS,C,other,0,0,normal,47.62000274658203,55.96000289916992,95.06000518798828,0.005805515239477504,0.00045693040490860055,4,2
618,619,CYS,C,other,0,0,normal,47.3800048828125,52.93000030517578,92.70000457763672,0.005805515239477504,0.000177683351815056,4,2
619,620,CYS,C,other,0,0,normal,44.92000198364258,51.08000183105469,95.02000427246094,0.005805515239477504,0.000327402511643238,4,2
620,621,CYS,C,other,0,0,normal,42.55000305175781,54.160003662109375,95.37001037597656,0.005805515239477504,0.0003713888158398234,4,2
621,622,CYS,C,other,0,0,normal,42.4800033569336,54.55000305175781,91.61000061035156,0.0043541364296081275,0.0001834376399806582,3,2
622,623,ARG,R,other,0,0,normal,41.62000274658203,50.82000350952149,91.27999877929688,0.005805515239477504,0.00029994652066579703,4,2
623,624,VAL,V,other,0,0,normal,38.53000259399414,50.77999877929688,93.6300048828125,0.0043541364296081275,0.00021980324723599445,3,2
624,625,CYS,C,other,0,0,normal,37.25,53.910003662109375,91.95999908447266,0.005805515239477504,0.00030045807018669606,4,2
625,626,CYS,C,other,0,0,normal,37.77000045776367,52.28000259399414,88.47000122070312,0.0043541364296081275,0.0001528783516075513,3,2
626,627,ARG,R,other,0,0,normal,36.17000198364258,48.880001068115234,89.52000427246094,0.005805515239477504,0.00020715360122826285,4,2
627,628,ALA,A,other,0,0,normal,33.11000061035156,50.62000274658203,91.010009765625,0.002902757619738752,0.00012235460897154623,2,2
628,629,CYS,C,other,0,0,normal,32.44000244140625,52.540000915527344,87.76000213623047,0.0043541364296081275,0.00012657373341884093,3,2
629,630,CYS,C,other,0,0,normal,32.55000305175781,49.30000305175781,85.76000213623047,0.001451378809869376,0.0,1,2
630,631,LEU,L,other,0,0,normal,29.18000221252441,48.2300033569336,87.1500015258789,0.001451378809869376,0.0,1,2
631,632,LEU,L,other,0,0,normal,27.530000686645508,51.63999938964844,86.46000671386719,0.001451378809869376,0.0,1,2
632,633,CYS,C,other,0,0,normal,28.93000030517578,52.35000228881836,83.05000305175781,0.0,0.0,0,2
633,634,ASP,D,other,0,0,normal,30.940000534057617,51.1300048828125,80.13999938964844,0.0,0.0,0,2
634,635,CYS,C,other,0,0,normal,34.58000183105469,52.09999847412109,80.37001037597656,0.0,0.0,0,2
635,636,PRO,P,other,0,0,normal,35.86000061035156,55.69000244140625,79.45000457763672,0.0,0.0,0,2
636,637,LYS,K,other,0,0,normal,37.69000244140625,56.07000350952149,76.1100082397461,0.0,0.0,0,2
637,638,CYS,C,other,0,0,normal,40.77000045776367,57.46000289916992,77.86000061035156,0.0,0.0,0,2
638,639,CYS,C,other,0,0,normal,42.15999984741211,55.8900032043457,80.98999786376953,0.001451378809869376,0.0,1,2
639,640,ARG,R,other,0,0,normal,44.37000274658203,58.68000411987305,82.20000457763672,0.002902757619738752,9.844623710354293e-06,2,2
640,641,CYS,C,other,0,0,normal,44.790000915527344,57.95000076293945,86.04000091552734,0.001451378809869376,0.0,1,2
641,642,SER,S,other,0,0,normal,44.93000030517578,54.25,85.41000366210938,0.005805515239477504,9.844623710354292e-05,4,2
642,643,LYS,K,other,0,0,normal,47.630001068115234,54.83000183105469,82.84000396728516,0.002902757619738752,7.735061486706946e-06,2,2
643,644,CYS,C,other,0,0,normal,49.650001525878906,57.09000015258789,85.21000671386719,0.005805515239477504,0.00010336854895872009,4,2
644,645,CYS,C,other,0,0,normal,48.9900016784668,54.31999969482422,87.83000183105469,0.0043541364296081275,6.469324152518536e-05,3,2
645,646,GLU,E,other,0,0,normal,50.42000198364258,51.7300033569336,85.55000305175781,0.0043541364296081275,5.0629493367536366e-05,3,2
646,647,ASP,D,other,0,0,normal,53.50000381469727,54.03000259399414,85.0,0.002902757619738752,1.406374815764899e-05,2,2
647,648,LEU,L,other,0,0,normal,54.03000259399414,54.11000061035156,88.77000427246094,0.005805515239477504,8.016336449859926e-05,4,2
648,649,GLU,E,other,0,0,normal,53.6300048828125,50.33000564575195,89.01000213623047,0.002902757619738752,6.328686670942046e-06,2,2
649,650,GLU,E,other,0,0,normal,56.61000061035156,50.02000427246094,86.41999816894531,0.002902757619738752,1.1954185934001642e-05,2,2
650,651,ALA,A,other,0,0,normal,58.61000061035156,52.61000061035156,88.31000518798828,0.002902757619738752,8.438248894589395e-06,2,2
651,652,GLN,Q,other,0,0,normal,58.27999877929688,50.94000244140625,91.760009765625,0.0,0.0,0,2
652,653,GLU,E,other,0,0,normal,59.34000396728516,47.57000350952149,90.4499969482422,0.0,0.0,0,2
653,654,GLY,G,other,0,0,normal,61.97000503540039,49.34000015258789,88.4000015258789,0.0,0.0,0,2
654,655,GLN,Q,other,0,0,normal,65.75,49.42000579833984,88.89000701904297,0.0,0.0,0,2
655,656,ASP,D,other,0,0,normal,68.36000061035156,51.88999938964844,87.32000732421875,0.0,0.0,0,2
656,657,VAL,V,other,0,0,normal,71.71000671386719,50.43000030517578,85.98999786376953,0.0,0.0,0,2
657,658,PRO,P,other,0,0,normal,74.5,50.12000274658203,88.69000244140625,0.0,0.0,0,2
658,659,VAL,V,other,0,0,normal,77.47000122070312,52.29999923706055,87.75000762939453,0.0,0.0,0,2
659,660,LYS,K,other,0,0,normal,80.74000549316406,50.33000564575195,87.7800064086914,0.0,0.0,0,2
660,661,ALA,A,other,0,0,normal,84.29000854492188,50.18000030517578,86.24000549316406,0.0,0.0,0,2
661,662,PRO,P,other,0,0,normal,84.24000549316406,48.209999084472656,82.87001037597656,0.0,0.0,0,2
662,663,GLU,E,other,0,0,normal,84.33999633789062,44.30000305175781,82.75000762939453,0.0,0.0,0,2
663,664,THR,T,other,0,0,normal,87.96000671386719,42.9900016784668,82.63999938964844,0.0,0.0,0,2
664,665,PHE,F,other,0,0,normal,87.2300033569336,40.150001525878906,80.09001159667969,0.0,0.0,0,2
665,666,ASP,D,other,0,0,normal,89.68000793457031,38.02000427246094,77.93000030517578,0.0,0.0,0,2
666,667,ASN,N,other,0,0,normal,90.05000305175781,38.19000244140625,74.08000183105469,0.0,0.0,0,2
667,668,ILE,I,other,0,0,normal,89.40000915527344,41.959999084472656,73.85000610351562,0.0,0.0,0,2
668,669,THR,T,other,0,0,normal,91.5500030517578,44.34000015258789,71.80000305175781,0.0,0.0,0,2
669,670,ILE,I,other,0,0,normal,91.3800048828125,47.9900016784668,73.22000122070312,0.0,0.0,0,2
670,671,SER,S,other,0,0,normal,93.81000518798828,50.80000305175781,72.11000061035156,0.0,0.0,0,2
671,672,ARG,R,other,0,0,normal,94.68000793457033,53.100006103515625,74.97000122070312,0.0,0.0,0,2
672,673,GLU,E,other,0,0,normal,96.49000549316406,55.4800033569336,72.55000305175781,0.0,0.0,0,2
673,674,ALA,A,other,0,0,normal,97.27000427246094,58.34000015258789,72.58000183105469,0.0,0.0,0,2
674,675,GLN,Q,other,0,0,normal,98.26000213623048,59.0,76.25000762939453,0.0,0.0,0,2
675,676,GLY,G,other,0,0,normal,98.32000732421876,62.86000061035156,76.49000549316406,0.0,0.0,0,2
676,677,GLU,E,other,0,0,normal,100.3800048828125,62.84000396728516,79.67000579833984,0.0,0.0,0,2
677,678,VAL,V,other,0,0,normal,103.25000762939452,60.380001068115234,79.05000305175781,0.0,0.0,0,2
678,679,PRO,P,other,0,0,normal,102.9800033569336,57.400001525878906,81.55999755859375,0.0,0.0,0,2
679,680,ALA,A,other,0,0,normal,105.8800048828125,56.35000228881836,83.67000579833984,0.0,0.0,0,2
680,681,SER,S,other,0,0,normal,106.67000579833984,53.51000213623047,85.98999786376953,0.0,0.0,0,2
681,682,ASP,D,other,0,0,normal,106.67000579833984,53.05000305175781,89.72000122070312,0.0,0.0,0,2
682,683,SER,S,other,0,0,normal,109.14000701904295,54.9800033569336,91.91000366210938,0.0,0.0,0,2
683,684,LYS,K,other,0,0,normal,112.42000579833984,53.720001220703125,93.12000274658205,0.0,0.0,0,2
684,685,THR,T,other,0,0,normal,112.91000366210938,55.94000244140625,96.17000579833984,0.0,0.0,0,2
685,686,GLU,E,other,0,0,normal,111.22000885009766,56.37000274658203,99.48001098632812,0.0,0.0,0,2
686,687,CYS,C,other,0,0,normal,109.51000213623048,59.78000259399414,100.14000701904295,0.0,0.0,0,2
687,688,THR,T,other,0,0,normal,107.41000366210938,61.540000915527344,102.83000946044922,0.0,0.0,0,2
688,689,ALA,A,other,0,0,normal,104.02000427246094,60.47000503540039,103.91999816894533,0.0,0.0,0,2
689,690,LEU,L,other,0,0,normal,102.91000366210938,63.4800033569336,105.89000701904295,0.0,0.0,0,2
